timestamp,Дистанция,Точка отправления,Точка прибытия,Эконом,Комфорт,Комфорт+,Business,Детский,Длительность,Actual_state,Temp,Humidity
2024-07-08 14:11,5.4 км,"Денисова-Уральского б-р, 9","ул. Юмашева, 11",412,443,493,624,512, 23 мин,scattered clouds,25.77C,44%
2024-07-09 13:02,5.6 км,"ул. Гагарина, 55-б","ул. Павлодарская, 15а",332,360,459,604,332, 18 мин,clear sky,26.77C,44%
2024-07-11 12:14,7.6 км,"ул. Бисертская, 4в","ул. Симферопольская, 39",366,440,558,723,366, 27 мин,scattered clouds,26.77C,47%
2024-07-11 12:23,6.3 км,"ул. Таватуйская, 6","ул. Парниковая, 9",387,434,519,674,387, 23 мин,scattered clouds,26.77C,47%
2024-07-11 12:24,5.8 км,"ул. Комсомольская, 12","ул. 22 Партсъезда, 12",383,436,553,715,383, 25 мин,scattered clouds,26.77C,47%
2024-07-11 12:25,3.8 км,"ул. Межевая, 3","ул. Куйбышева, Строение 183",382,411,457,489,382, 10 мин,scattered clouds,26.77C,47%
2024-07-11 12:29,10.3 км,"ул. Ангарская, 48","ул. Академика Бардина, 33",719,695,851,855,649, 29 мин,scattered clouds,26.77C,47%
2024-07-11 12:40,14.4 км,"ул. Окраинная, 39","ул. Уральских рабочих, 55а",654,805,893,1088,744, 45 мин,scattered clouds,27.77C,44%
2024-07-11 12:43,4.0 км,"Кыштымский пер., 8а","ул. Хомякова, 13",300,360,404,542,300, 17 мин,scattered clouds,27.77C,44%
2024-07-11 12:45,2.5 км,"ул. Коммунистическая, 4","туп. Балаклавский, 3",212,278,314,436,212, 12 мин,scattered clouds,27.77C,44%
2024-07-11 12:49,4.2 км,"пр-кт Ленина, 2","ул. Авиационная, 65 корпус 4",291,321,405,545,291, 19 мин,scattered clouds,27.77C,44%
2024-07-11 13:02,4.9 км,"ул. Волгоградская, 222","Выездной пер., 2",323,349,447,593,323, 20 мин,scattered clouds,27.77C,44%
2024-07-11 13:04,11.7 км,"ул. Индустрии, 21","п. Шувакиш, ул. Привокзальная, 11",576,657,793,983,576, 35 мин,scattered clouds,27.77C,44%
2024-07-11 20:35,11.0 км,"ул. Чкалова, 43","Теплогорский пер., 8",516,583,716,904,516, 35 мин,light rain,21.77C,73%
2024-07-11 20:55,5.5 км,"ул. Сакко и Ванцетти, 100","ул. Надеждинская, 8",392,421,470,605,392, 19 мин,moderate rain,20.77C,78%
2024-07-11 12:43,4.0 км,"Кыштымский пер., 8а","ул. Хомякова, 13",300,360,404,542,300, 17 мин,scattered clouds,27.77C,44%
2024-07-11 12:25,3.8 км,"ул. Накидал, 3","ул. Куйбышева, Строение 183",382,411,457,489,382, 10 мин,scattered clouds,26.77C,47%
2024-07-11 12:45,2.5 км,"ул. Коммунистическая, 4","туп. Балаклавский, 3",212,278,314,436,212, 12 мин,scattered clouds,27.77C,44%
2024-07-11 12:45,2.5 км,"ул. Коммунистическая, 4","туп. Балаклавский, 3",212,278,314,436,212, 12 мин,scattered clouds,27.77C,44%
2024-07-11 12:45,2.5 км,"ул. Коммунистическая, 4","туп. Балаклавский, 3",212,278,314,436,212, 12 мин,scattered clouds,27.77C,44%
2024-07-11 13:02,4.9 км,"ул. Волгоградская, 222","Выездной пер., 2",323,349,447,593,323, 20 мин,scattered clouds,27.77C,44%
2024-07-11 13:02,4.9 км,"ул. Волгоградская, 222","Выездной пер., 2",323,349,447,593,323, 20 мин,scattered clouds,27.77C,44%
2024-07-11 13:02,4.9 км,"ул. Волгоградская, 222","Выездной пер., 2",323,349,447,593,323, 20 мин,scattered clouds,27.77C,44%
2024-07-12 01:39,3.5 км,"ул. Билимбаевская, 25 корпус 2","ул. Вишневая, 28",343,374,412,505,343, 11 мин,light intensity shower rain,16.77C,100%
2024-07-12 01:41,12.0 км,"ул. Агрономическая, 18Б","ул. Трактовая, 6",508,586,717,938,488, 20 мин,light intensity shower rain,16.77C,100%
2024-07-12 02:10,7.2 км,"ул. Студенческая, 6","пр-кт Космонавтов, 43а",505,542,600,639,505, 15 мин,scattered clouds,16.77C,100%
2024-07-12 02:20,8.3 км,"ул. Фурманова, 66","ул. 22 Партсъезда, 16",473,485,553,748,553, 20 мин,scattered clouds,16.77C,100%
2024-07-12 02:30,941.1 м,"ул. Краснофлотцев, 19","ул. Кобозева, 29",320,342,379,454,390, 5 мин,scattered clouds,16.77C,100%
2024-07-12 02:41,1022.5 км,"ул. Климовская, 1","ул. Амундсена, 54 корпус 3",,,,,,scattered clouds,16.77C,100%
2024-07-12 02:51,9.3 км,"ул. Бисертская, 34","Сергея Есенина б-р, 16",388,530,586,719,448, 18 мин,scattered clouds,16.77C,100%
2024-07-12 03:01,7.0 км,"ул. Сыромолотова, 28","ул. Электриков, 22",537,581,642,758,617, 17 мин,scattered clouds,16.77C,100%
2024-07-12 03:12,2.1 км,"ул. Заводская, 12","ул. Металлургов, 2",172,193,275,389,172, 8 мин,broken clouds,16.77C,100%
2024-07-12 03:22,3.6 км,"ул. Луначарского, 217","ул. Шаумяна, 84",441,481,538,571,441, 10 мин,broken clouds,16.77C,100%
2024-07-12 03:32,13.5 км,"пр-кт Академика Сахарова, 75","ул. Победы, 34",684,729,810,877,674, 26 мин,broken clouds,16.77C,100%
2024-07-12 03:43,7.7 км,"ул. Панельная, 9","ул. Санаторная, 16",363,392,461,601,363, 15 мин,broken clouds,16.77C,100%
2024-07-12 03:53,2.6 км,"ул. Шаумяна, 94","ул. Фролова, 5",263,395,438,463,263, 8 мин,broken clouds,16.77C,100%
2024-07-12 04:03,6.4 км,"ул. Мичурина, 237а корпус 2","ст. Аппаратная, 8",337,362,439,577,337, 15 мин,overcast clouds,16.77C,100%
2024-07-12 04:14,14.6 км,"ул. Коммунистическая, 83","ул. Братская, 11а",1044,1119,1265,1302,1164, 29 мин,overcast clouds,16.77C,100%
2024-07-12 04:24,5.4 км,"ул. Маневровая, 13","ул. Викулова, 46а",621,665,801,887,741, 14 мин,overcast clouds,16.77C,100%
2024-07-12 04:34,171.7 м,"Буторина пер., 7","пр-кт Ленина, 5 корпус 4",155,165,212,316,155, 5 мин,overcast clouds,16.77C,100%
2024-07-12 04:44,3.8 км,"ул. Ухтомская, 47","ул. Фролова, 23",358,388,435,457,358, 10 мин,overcast clouds,16.77C,100%
2024-07-12 04:55,6.4 км,"ул. Варшавская, 36","ул. Онежская, 12",323,340,527,661,383, 11 мин,overcast clouds,16.77C,100%
2024-07-12 05:05,4.9 км,"ул. Онежская, 4 корпус 1","ул. Первомайская, 37",401,427,479,507,491, 12 мин,overcast clouds,16.77C,100%
2024-07-12 05:15,5.3 км,"ул. Фрунзе, 43","Парковый пер., 43",528,571,637,674,528, 15 мин,overcast clouds,16.77C,100%
2024-07-12 05:26,11.9 км,"ул. Варшавская, 2б","ул. Черняховского, 45",544,589,699,872,544, 23 мин,overcast clouds,16.77C,100%
2024-07-12 05:36,4.7 км,"ул. Антона Валека, 22","ул. Белинского, 210а",236,283,385,516,236, 14 мин,overcast clouds,16.77C,100%
2024-07-12 05:46,3.9 км,"ул. Волгоградская, 18","ул. Декабристов, 5",421,457,508,607,421, 12 мин,overcast clouds,16.77C,100%
2024-07-12 05:57,7.9 км,"ул. Куйбышева, 70","пр-кт Седова, 55",408,445,519,670,478, 19 мин,overcast clouds,16.77C,100%
2024-07-12 06:07,14.4 км,"ул. Блюхера, 49","ул. Испытателей, 10",585,628,697,857,585, 22 мин,broken clouds,16.77C,100%
2024-07-12 06:17,9.1 км,"Симбирский пер., 2","ул. Белореченская, 34 корпус 1",494,533,588,680,494, 19 мин,broken clouds,16.77C,100%
2024-07-12 06:28,1779.7 км,"ул. Старых Большевиков, 73","ул. Мамина-Сибиряка, 137",,,,,,,,broken clouds,16.77C,100%
2024-07-12 06:38,11.8 км,"ул. Краснолесья, 14 корпус 1","Суворовский пер., 11",500,536,641,880,500, 24 мин,broken clouds,16.77C,100%
2024-07-12 06:48,1029.8 км,"ул. Народной воли, 115","ул. Белинского, 152 корпус 2",,,,,,broken clouds,16.77C,100%
2024-07-12 06:59,4.7 км,"ул. Корепина, 37","ул. Ботаническая, 30",630,678,747,789,710, 17 мин,broken clouds,16.77C,100%
2024-07-12 07:09,6.3 км,"ул. Стачек, 59","пр-кт Ленина, 62 корпус 5",615,668,740,781,615, 22 мин,broken clouds,16.77C,100%
2024-07-12 07:19,6.2 км,"пр-кт Ленина, 54","пр-кт Орджоникидзе, 12",353,386,487,638,403, 21 мин,broken clouds,16.77C,100%
2024-07-12 07:30,5.1 км,"ул. Анри Барбюса, 6","ул. Белинского, 220 корпус 7",601,651,721,761,601, 22 мин,light rain,16.77C,100%
2024-07-12 07:40,5.1 км,"ул. Пионеров, 6","ул. Таватуйская, 2",576,619,681,762,576, 22 мин,light rain,16.77C,100%
2024-07-12 07:50,194.4 км,"ул. Тагильская, 23","ул. Токарей, 24",8313,8895,9341,9811,8313, 3 ч 10 мин,light rain,16.77C,100%
2024-07-12 08:00,3.4 км,"ул. Рассветная, 5","ул. Сулимова, 3",427,462,513,544,537, 14 мин,light rain,16.77C,100%
2024-07-12 08:11,3.1 км,"ул. Крылова, 1/2","ул. Луначарского, 182",343,367,408,498,343, 14 мин,light rain,16.77C,100%
2024-07-12 08:21,3.9 км,"ул. Новгородцевой, 7б","ул. Луначарского, 40",447,483,540,634,537, 19 мин,light rain,17.77C,94%
2024-07-12 08:31,5.1 км,"ул. Шаумяна, 92","ул. Летчиков, 15в",658,714,787,830,658, 22 мин,light rain,17.77C,94%
2024-07-12 08:42,11.8 км,"ул. Карельская, 74","ул. Симферопольская, 14",672,724,814,1002,672, 26 мин,moderate rain,17.77C,94%
2024-07-12 08:52,2.4 км,"ул. Мичурина, 214","ул. Малышева, 132",190,228,325,450,190, 13 мин,light intensity shower rain,17.77C,94%
2024-07-12 09:02,10.0 км,"ул. Авиационная, 57","ул. Уральских рабочих, 4",518,586,719,913,518, 40 мин,light intensity shower rain,17.77C,94%
2024-07-12 09:13,7.3 км,"ул. Крестинского, 63","ул. Шефская, 95",350,396,510,664,350, 23 мин,light intensity shower rain,17.77C,94%
2024-07-12 09:23,7.1 км,"Сергея Есенина б-р, 6","ул. Агрономическая, 30",622,743,749,843,622, 21 мин,light intensity shower rain,16.77C,100%
2024-07-12 09:33,5.9 км,"ул. Куйбышева, 90","ул. Черкасская, 28",374,406,489,642,374, 24 мин,light intensity shower rain,16.77C,100%
2024-07-12 09:44,1023.7 км,"ул. Симферопольская, 26","ул. Московская, 215",,,,,,light intensity shower rain,16.77C,100%
2024-07-12 09:54,6.7 км,"ул. Химмашевская, Строение 9","ул. Красных командиров, 16",382,418,512,666,382, 23 мин,light intensity shower rain,16.77C,100%
2024-07-12 10:04,8.0 км,"ул. Дорожная, 17","ул. Климовская, 1",608,660,727,879,608, 19 мин,light intensity shower rain,16.77C,100%
2024-07-12 10:15,8.5 км,"ул. Симферопольская, 22","ул. Николая Никонова, 8",713,766,850,934,713, 30 мин,light intensity shower rain,16.77C,100%
2024-07-12 10:25,4.9 км,"ул. Куйбышева, 115А","ул. Климовская, 5",258,310,415,552,258, 16 мин,light intensity shower rain,16.77C,100%
2024-07-12 10:35,1.7 км,"ул. Лермонтова, 15","ул. Пальмиро Тольятти, 12А",203,223,275,390,203, 9 мин,light intensity shower rain,16.77C,100%
2024-07-12 10:46,13.5 км,"ул. Бисертская, 23","ул. Вилонова, 86 корпус 4",649,976,1012,1110,649, 50 мин,light intensity shower rain,16.77C,100%
2024-07-12 10:56,15.8 км,"ул. Вишневая, 47","ул. Бахчиванджи, 13",641,702,842,1194,641, 30 мин,light intensity shower rain,16.77C,100%
2024-07-12 11:06,4.6 км,"ул. Бебеля, 118","ул. Учителей, 9",329,351,416,556,359, 18 мин,light intensity shower rain,16.77C,100%
2024-07-12 11:17,1.1 км,"ул. Старых Большевиков, 29","ул. Победы, 9а",329,359,400,525,329, 9 мин,light intensity shower rain,16.77C,100%
2024-07-12 14:29,5.9 км,"Гаринский пер., 3","ул. Краснофлотцев, 1д",444,482,532,609,444, 21 мин,overcast clouds,16.77C,100%
2024-07-24 09:45,1489.9 км,"ул. Белинского, 181","ул. Кишиневская, 54",161,180,187,161,,,,
2024-07-24 09:47,5.1 км,"ул. Культуры, 15","ул. Советская, 52",105,105,114,199,300,105,,,,
2024-07-24 15:59,11.9 км,"ул. Пехотинцев, 3 корпус 2","ул. Мраморская, 4/2",95,95,114,199,300,95,,light rain,15.77C,94%
2024-07-24 16:10,943.2 м,"ул. Большакова, 107","ул. Шейнкмана, 108",105,105,114,199,300,105,,light rain,15.77C,94%
2024-07-24 16:20,7.3 км,"ул. Славянская, 58","ул. Звездная, 1",141,141,114,199,300,141,,,,
2024-07-24 16:33,6.1 км,"ул. Бакинских комиссаров, 114","ул. Уральская, 52 корпус 1",123,123,114,199,300,123,,,,
2024-07-24 16:46,9.9 км,"ул. Шефская, 91 корпус 2","ул. Большакова, 85",105,105,114,199,300,105,,,,
2024-07-24 16:59,5.4 км,"пр-кт Ленина, 99а","ул. Белореченская, 15 корпус 2",167,167,114,199,300,167,,,,
2024-07-24 17:10,16.9 км,"ул. Мартовская, 11","пр-кт Космонавтов, 51",221,221,125,199,300,221,,,,
2024-07-24 17:21,7.9 км,"ул. Сакко и Ванцетти, 48","ул. Ползунова, 16",266,266,141,199,300,266,,light rain,15.77C,82%
2024-07-24 17:32,16.2 км,"ул. Лесная, 39","ул. Инженерная, 36",113,113,125,199,300,113,,,,
2024-07-24 17:45,8.7 км,"ул. Победы, 94","ул. Гурзуфская, 9",123,123,125,199,300,123,,scattered clouds,15.77C,82%
2024-07-24 17:55,8.9 км,"ул. Военная, 7","ул. Блюхера, 61",113,113,114,199,300,113,,,,
2024-07-24 18:06,7.9 км,"ул. Азина, 18","Волчанский пер., 8",177,177,114,199,300,177,,scattered clouds,15.77C,82%
2024-07-24 18:17,8.6 км,"ул. Комсомольская, 25","ул. Звездная, 6",141,141,141,199,300,141,,scattered clouds,15.77C,82%
2024-07-24 18:28,6.2 км,"ул. Шейнкмана, 119","ул. Бебеля, 164",221,221,114,199,300,221,,,,
2024-07-24 18:40,2.9 км,"ул. Луначарского, 83","ул. Восточная, 178",95,95,114,199,300,95,,,,
2024-07-24 18:51,5.0 км,"ул. Мамина-Сибиряка, Строение 52","ул. Ухтомская, 16",95,95,114,199,300,95,,scattered clouds,15.77C,82%
2024-07-24 19:02,15.3 км,"ул. Бабушкина, 29","Запорожский пер., 13",105,105,114,199,300,105,,,,
2024-07-24 19:15,7.3 км,"ул. Академика Бардина, 32 корпус 1","ул. Студенческая, 54",113,113,114,199,300,113,,,,
2024-07-24 19:28,7.2 км,"ул. Союзная, 4","ул. Хрустальногорская, 75",141,141,114,199,300,141,,,,
2024-07-24 19:41,3.9 км,"ул. Свердлова, 4","ул. Фурманова, 67",167,167,125,199,300,167,,,,
2024-07-24 19:52,1.7 км,"ул. Кировградская, 22","ул. Старых Большевиков, 84 корпус 1",95,95,114,199,300,95,,,,
2024-07-24 20:02,1.5 км,"ул. Парниковая, 4","ул. Ильича, 40",95,95,114,199,300,95,,light intensity shower rain,15.77C,82%
2024-07-24 20:13,4.0 км,"ул. Уральская, 77","ул. Корепина, 30",131,131,125,199,300,131,,,,
2024-07-24 20:26,7.1 км,"ул. Академическая, 26","ул. Волгоградская, 31 корпус 2",95,95,114,199,300,95,,,,
2024-07-24 20:37,8.6 км,"ул. Фрунзе, 53","ул. Ильича, 17",159,159,114,199,300,159,,,,
2024-07-24 20:50,4.2 км,"ул. Черепанова, 30","ул. Красных борцов, 6",95,95,114,199,300,95,,scattered clouds,14.77C,94%
2024-07-24 21:01,11.4 км,"ул. 8 Марта, 181 корпус 6","ул. Войкова, 88",95,95,114,199,300,95,,scattered clouds,14.77C,94%
2024-07-24 21:11,5.5 км,"ул. Готвальда, 11","ул. Мичурина, 237а корпус 6",195,195,114,199,300,195,,scattered clouds,14.77C,94%
2024-07-24 21:22,12.1 км,"ул. Чекистов, 14","ул. Мостовая, 53б",141,141,125,199,300,141,,scattered clouds,14.77C,94%
2024-07-24 21:33,17.2 км,"ул. Стахановская, 24 корпус 2","ул. Бисертская, 2а",95,95,114,199,300,95,,,,
2024-07-24 21:44,6.9 км,"ул. Краснолесья, 137","ул. Энергостроителей, 8А",95,95,114,199,300,95,,scattered clouds,14.77C,94%
2024-07-24 21:54,3.9 км,"ул. Корепина, 5","ул. Республиканская, 3",113,113,177,199,300,113,,scattered clouds,14.77C,88%
2024-07-24 22:05,20.7 км,"ул. Расточная, 15 корпус 3","ул. Опытная, 17",113,113,125,199,300,113,,scattered clouds,14.77C,88%
2024-07-24 22:16,1.4 км,"ул. Циолковского, 78","ул. Серова, 37",195,195,114,199,300,195,,,,
2024-07-24 22:27,9.9 км,"ул. Евгения Савкова, 29","ул. Щербакова, Строение 35",113,113,114,199,300,113,,,,
2024-07-24 22:37,5.0 км,"ул. Победы, 9","ул. Советская, 22 корпус 2",131,131,114,199,300,131,,scattered clouds,14.77C,88%
2024-07-24 22:48,3.4 км,"ул. Сыромолотова, 11в","ул. Данилы Зверева, 17",105,105,114,199,300,105,,,,
2024-07-24 23:01,4.6 км,"ул. Шевелева, 11","ул. Серова, 47",149,149,125,199,300,149,,,,
2024-07-24 23:12,4.3 км,"ул. Куйбышева, 97","ул. Данилы Зверева, 19",231,231,114,199,300,231,,scattered clouds,12.77C,100%
2024-07-24 23:23,6.3 км,"ул. Кузнечная, 83","ул. Академика Бардина, 3 корпус 3",195,195,114,199,300,195,,,,
2024-07-24 23:36,9.3 км,"ул. Громова, 134 корпус 1","ул. Электриков, 4а",95,95,114,199,300,95,,,,
2024-07-24 23:49,4.4 км,"ул. Карельская, 49","ст. Кольцово, 5",95,95,114,199,300,95,,scattered clouds,12.77C,100%
2024-07-24 23:59,2.1 км,"ул. Академика Бардина, 11 корпус 2","ул. Анатолия Мехренцева, 7",113,113,114,199,300,113,,,,
2024-07-25 00:10,5.8 км,"ул. Библиотечная, 56","ул. Шаумяна, 96",266,266,141,199,300,266,,scattered clouds,12.77C,100%
2024-07-25 00:21,11.0 км,"ул. Зои Космодемьянской, 44","ул. Посадская, 28 корпус 6",95,95,114,199,300,95,,scattered clouds,12.77C,100%
2024-07-25 00:32,7.7 км,"ул. Палисадная, 6","ул. Хомякова, 16",95,95,193,199,300,95,,scattered clouds,12.77C,100%
2024-07-25 00:42,5.6 км,"ул. Академика Парина, 41/2","ул. Амундсена, 51",95,95,114,199,300,95,,,,
2024-07-25 00:55,5.8 км,"ул. Таватуйская, 2","ул. Вилонова, 8",113,113,114,199,300,113,,scattered clouds,12.77C,100%
2024-07-25 01:06,5.9 км,"ул. 40-летия Октября, 69","ул. Колмогорова, 73 корпус 1",95,95,114,199,300,95,,,,
2024-07-25 01:17,1.7 км,"ул. 3-й Пятилетки, 30","ул. Луначарского, 33",113,113,114,199,300,113,,scattered clouds,12.77C,100%
2024-07-25 01:28,2.6 км,"Короткий пер., 4а","Дизельный пер., 31",95,95,114,199,300,95,,,,
2024-07-25 01:38,6.6 км,"Короткий пер., 5 корпус 2","ул. 40-летия Комсомола, 22",95,95,151,199,300,95,,scattered clouds,12.77C,100%
2024-07-25 01:49,9.8 км,"ул. Краснолесья, 141","ул. Билимбаевская, 19",95,95,114,199,300,95,,,,
2024-07-25 02:02,18.7 км,"пр-кт Космонавтов, 82","ул. Инженерная, 7",113,113,114,199,300,113,,,,
2024-07-25 02:13,3.3 км,"ул. Бакинских комиссаров, 120","ул. Корепина, 27",95,95,114,199,300,95,,clear sky,12.77C,100%
2024-07-25 02:24,8.4 км,"ул. Бажова, 49","ул. Агрономическая, 42",167,167,114,199,300,167,,,,
2024-07-25 02:37,9.8 км,"ул. Шарташская, 21","пр-кт Академика Сахарова, 85",131,131,114,199,300,131,,,,
2024-07-25 02:47,4.2 км,"ул. Уктусская, 41","ул. Викулова, 41",95,95,114,199,300,95,,clear sky,12.77C,94%
2024-07-25 02:58,9.7 км,"ул. Сулимова, 6","ул. Звездная, 12",95,95,114,199,300,95,,,,
2024-07-25 03:11,14.1 км,"пр-кт Космонавтов, 96","ул. Титова, 8 корпус 3",95,95,114,199,300,95,,,,
2024-07-25 03:24,1.1 км,"ул. Вайнера, 21","ул. Шейнкмана, 108",257,257,114,199,300,257,,,,
2024-07-25 03:35,4.4 км,"ул. Репина, 20","ул. Советская, 13 корпус 1",149,149,114,199,300,149,,clear sky,12.77C,94%
2024-07-25 03:46,13.3 км,"Академика Семихатова Н.А. б-р, 6","ул. Бакинских комиссаров, 38",95,95,114,199,300,95,,clear sky,11.77C,94%
2024-07-25 03:56,1.1 км,"ул. Таганская, 51","ул. Шефская, 17",113,113,114,199,300,113,,,,
2024-07-25 04:09,6.8 км,"ул. Первомайская, 71б","ул. Кировградская, 43",95,95,114,199,300,95,,,,
2024-07-25 04:22,16.4 км,"ул. Стахановская, 27","ул. Профсоюзная, 57",445,445,114,199,338,445,,,,
2024-07-25 04:33,7.8 км,"ул. Рабочих, 9","Калиновский пер., 3",141,141,114,199,300,141,,,,
2024-07-25 04:44,3.0 км,"ул. Куйбышева, 112Г","ул. Первомайская, 32",95,95,114,199,300,95,,,,
2024-07-25 04:55,2.1 км,"ул. Белинского, 8/10","ул. Малышева, 128",95,95,114,199,300,95,,,,
2024-07-25 05:08,10.4 км,"ул. Бисертская, 18","ул. Красноуральская, 29",95,95,114,199,300,95,,,,
2024-07-25 05:18,13.9 км,"ул. Донская, 9","ул. Новосибирская, 109",95,95,256,199,300,95,,,,
2024-07-25 05:31,6.8 км,"Переходный пер., 6","ул. Инженерная, 61",95,95,193,199,300,95,,,,
2024-07-25 05:44,16.7 км,"ул. Молотобойцев, 5","ул. Избирателей, 67",95,95,114,199,300,95,,clear sky,11.77C,94%
2024-07-25 05:55,10.4 км,"ул. Щорса, 96","ул. Даниловская, 14а",95,95,114,199,300,95,,clear sky,11.77C,94%
2024-07-25 06:06,7.0 км,"ул. Ярославская, 33","ул. Колмогорова, 73 корпус 2",231,231,125,199,300,231,,clear sky,11.77C,94%
2024-07-25 06:17,2.2 км,"ул. Кольцевая, 37","ул. Академика Парина, 43/3",95,95,114,199,300,95,,clear sky,12.77C,88%
2024-07-25 06:27,6.1 км,"ул. Академика Шварца, 6 корпус 2","ул. Комсомольская, 45 корпус 4",105,105,114,199,300,105,,clear sky,12.77C,88%
2024-07-25 06:38,6.9 км,"ул. Победы, 17","ул. Энгельса, 38",131,131,114,199,300,131,,,,
2024-07-25 06:49,17.6 км,"ул. Коммунистическая, 121","ул. Колхозников, 82",312,312,125,199,300,312,,clear sky,12.77C,94%
2024-07-25 07:00,3.9 км,"ул. Крауля, 83","ул. Кимовская, 6",266,266,114,199,300,266,,clear sky,12.77C,94%
2024-07-25 07:10,15.5 км,"ул. Водная, 13","ул. Ольховская, 25 корпус 2",123,123,114,199,300,123,,,,
2024-07-25 07:23,5.3 км,"ул. Академика Бардина, 11 корпус 1","Малахитовый пер., 6",105,105,177,199,300,105,,clear sky,12.77C,94%
2024-07-25 07:34,9.3 км,"ул. Альпинистов, 4","ул. Куйбышева, 70",113,113,114,199,300,113,,,,
2024-07-25 07:47,3.7 км,"ул. Даниловская, 2г","ул. Вилонова, 94 корпус 4",141,141,167,199,300,141,,clear sky,13.77C,88%
2024-07-25 07:58,6.9 км,"ул. Фрезеровщиков, 82","ул. Студенческая, 42а",177,177,125,199,300,177,,,,
2024-07-25 08:09,5.0 км,"ул. Индустрии, 38","Парковый пер., 41 корпус 4",113,113,204,199,300,113,,clear sky,13.77C,88%
2024-07-25 08:19,5.9 км,"ул. Начдива Онуфриева, 28а","Короткий пер., 5 корпус 1",239,239,204,199,300,239,,,,
2024-07-25 08:30,12.2 км,"ул. Военная, 20","ул. Бабушкина, 30",257,257,193,199,300,257,,clear sky,13.77C,88%
2024-07-25 08:41,6.5 км,"ул. Комсомольская, 45","ул. Кобозева, 85",95,95,114,199,300,95,,,,
2024-07-25 08:52,264.3 м,"ул. Стрелочников, 2г","ул. Стрелочников, 9",123,123,114,199,300,123,,,,
2024-07-25 09:03,4.8 км,"ул. Донбасская, 12","ул. Даниловская, 2г",167,167,125,199,300,167,,clear sky,14.77C,82%
2024-07-25 09:13,6.9 км,"ул. Барвинка, 47","ул. Олега Кошевого, 40",113,113,212,199,300,113,,,,
2024-07-25 09:24,2.4 км,"ул. Походная, 71","ул. Академика Шварца, 16 корпус 2",141,141,125,199,300,141,,,,
2024-07-25 09:37,3.8 км,"ул. Большакова, 17 Строение А","ул. 40-летия Комсомола, 24",113,113,141,199,300,113,,,,
2024-07-25 09:50,2.9 км,"ул. Циолковского, 57","ул. Братская, 4А",239,239,114,199,300,239,,,,
2024-07-25 10:03,12.1 км,"ул. Азина, 42","Энергетиков пер., 3А",95,95,114,199,300,95,,,,
2024-07-25 10:14,7.7 км,"ул. Одинарка, 6","ул. Бетонщиков, 1",105,105,114,199,300,105,,,,
2024-07-25 10:24,6.6 км,"ул. Щорса, 92а корпус 7","ул. Боровая, 25",95,95,114,199,300,95,,few clouds,15.77C,77%
2024-07-25 10:35,839.0 м,"ул. Посадская, 39","ул. Шаумяна, 86 корпус 1",95,95,114,199,300,95,,,,
2024-07-25 10:48,8.2 км,"ул. Черняховского, 51","Сергея Есенина б-р, 20",113,113,114,199,300,113,,scattered clouds,16.77C,72%
2024-07-25 10:59,7.6 км,"ул. Павла Шаманова, 42","ул. Самолетная, 24в",123,123,114,199,300,123,,,,
2024-07-25 11:10,9.8 км,"ул. Попова, 24","ул. Селькоровская, 104",95,95,114,199,300,95,,,,
2024-07-25 11:20,6.1 км,"ул. Посадская, 34","ул. Студенческая, 36 корпус 1",95,95,114,199,300,95,,,,
2024-07-25 11:31,8.4 км,"ул. Патриса Лумумбы, 87","ул. Варшавская, 28",392,392,193,199,300,392,,scattered clouds,16.77C,77%
2024-07-25 11:42,9.9 км,"ул. Уральских рабочих, 49","ул. Шаумяна, 24",195,195,317,199,300,195,,,,
2024-07-25 11:55,1.4 км,"ул. Солнечная, 29","ул. Первомайская, 80",95,95,114,199,300,95,,scattered clouds,17.77C,72%
2024-07-25 12:06,8.4 км,"ул. Техническая, 154","ул. Посадская, 32 корпус 4",105,105,256,199,300,105,,,,
2024-07-25 12:19,7.0 км,"ул. Кобозева, 40","пр-кт Седова, 47",195,195,290,199,300,195,,scattered clouds,17.77C,72%
2024-07-25 12:29,1.2 км,"ул. Комсомольская, 52","пр-кт Ленина, 62 корпус 3",105,105,125,199,300,105,,scattered clouds,17.77C,68%
2024-07-25 12:40,8.2 км,"ул. Комсомольская, 72","ул. Победы, 55",221,221,151,199,300,221,,scattered clouds,17.77C,68%
2024-07-25 12:51,7.3 км,"Гаринский пер., 14","ул. Восстания, 56/3",123,123,151,199,300,123,,scattered clouds,17.77C,68%
2024-07-25 13:02,18.9 км,"ул. Калинина, 10","ул. Испытателей, 10",177,177,125,199,300,177,,broken clouds,17.77C,68%
2024-07-25 13:13,7.4 км,"Сиреневый б-р, 18","ул. Агрономическая, 29А",149,149,177,199,300,149,,,,
2024-07-25 13:26,18.0 км,"ул. Альпинистов, 45","ул. Расточная, 45",167,167,177,199,300,167,,scattered clouds,17.77C,68%
2024-07-25 13:36,8.6 км,"Запорожский пер., 4А","ул. Чайковского, 10",123,123,114,199,300,123,,,,
2024-07-25 13:49,7.9 км,"ул. Академика Бардина, 3 корпус 2","ул. Студенческая, 70",231,231,114,199,300,231,,scattered clouds,17.77C,68%
2024-07-25 14:00,12.5 км,"ул. Мамина-Сибиряка, 23","Многостаночников пер., 16",131,131,114,199,300,131,,scattered clouds,17.77C,68%
2024-07-25 14:11,4.2 км,"ул. Шевелева, 1а","ул. Куйбышева, 84 корпус 2",95,95,114,199,300,95,,scattered clouds,17.77C,68%
2024-07-25 14:22,4.0 км,"ул. Хрустальная, 55","ул. Чайковского, 75",213,213,125,199,300,213,,broken clouds,17.77C,68%
2024-07-25 14:32,9.8 км,"ул. Аптекарская, 39","ул. Владимира Высоцкого, 30",95,95,193,199,300,95,,,,
2024-07-25 14:45,8.8 км,"ул. Гурзуфская, 11","ул. Старых Большевиков, 56",123,123,114,199,300,123,,,,
2024-07-25 14:58,13.6 км,"ул. Евгения Савкова, 35/2","ул. Бородина, 6а",95,95,141,199,300,95,,light intensity shower rain,14.77C,88%
2024-07-25 15:09,18.1 км,"ул. Инженерная, 36","ул. Бакинских комиссаров, 93",131,131,114,199,300,131,,,,
2024-07-25 15:22,12.4 км,"ул. Грибоедова, 18","ул. Ирбитская, 11/3",123,123,114,199,300,123,,,,
2024-07-25 15:35,13.3 км,"ул. Симферопольская, 35","ул. Бабушкина, 12",105,105,141,199,300,105,,light intensity shower rain,15.77C,82%
2024-07-25 15:46,7.9 км,"ул. Гурзуфская, 45","ул. Индустрии, 26",239,239,125,199,300,239,,light intensity shower rain,15.77C,82%
2024-07-25 15:57,1.4 км,"ул. Шаумяна, 98 корпус 4","ул. Викулова, 43 корпус 2",195,195,114,199,300,195,,,,
2024-07-25 16:07,12.4 км,"ул. Краснолесья, 109","ул. Кировградская, 43",131,131,114,199,300,131,,light intensity shower rain,15.77C,82%
2024-07-25 16:18,3.0 км,"Пугачевский пер., 6","ул. 8 Марта, 2",95,95,114,199,300,95,,scattered clouds,15.77C,82%
2024-07-25 16:29,13.4 км,"ул. Титова, 38","ул. Баумана, 56",113,113,114,199,300,113,,scattered clouds,15.77C,82%
2024-07-25 16:40,5.6 км,"ул. Шевченко, 25а","ул. Старых Большевиков, 54а",105,105,114,199,300,105,,,,
2024-07-25 16:53,10.9 км,"ул. Шефская, 91 корпус 4","ул. Ленинградская, 34 корпус 3",105,105,125,199,300,105,,scattered clouds,15.77C,82%
2024-07-25 17:03,4.8 км,"ул. Посадская, 53","Таллинский пер., 8",167,167,114,199,300,167,,,,
2024-07-25 17:16,2.9 км,"ул. Азина, 22/2","ул. Красноармейская, 43",95,95,114,199,300,95,,,,
2024-07-25 17:27,12.3 км,"пр-кт Орджоникидзе, 6а","пр-кт Академика Сахарова, 68",131,131,125,199,300,131,,,,
2024-07-25 17:40,808.0 м,"ул. Маневровая, 25","ул. Коуровская, 6",95,95,125,199,300,95,,scattered clouds,16.77C,72%
2024-07-25 17:51,6.2 км,"ул. Волгоградская, 31 корпус 1","ул. Советская, 7 корпус 1",177,177,230,199,300,177,,,,
2024-07-25 18:02,3.0 км,"ул. Черепанова, 8","ул. Таватуйская, 19",177,177,114,199,376,177,,scattered clouds,16.77C,63%
2024-07-25 18:12,11.6 км,"ул. Начдива Онуфриева, 34","ул. Варшавская, 40",149,149,125,199,300,149,,,,
2024-07-25 18:23,4.1 км,"ул. Академика Шварца, 12 корпус 1","Газорезчиков пер., 45",131,131,114,199,300,131,,scattered clouds,15.77C,72%
2024-07-25 18:34,6.3 км,"ул. Первомайская, 70","ул. Лагерная, 8",113,113,114,199,300,113,,,,
2024-07-25 18:47,10.5 км,"ул. Старых Большевиков, 14а","ул. Академика Бардина, 5 корпус 1",231,231,125,199,300,231,,,,
2024-07-25 19:00,6.3 км,"пр-кт Ленина, 81","ул. Даниловская, 5",113,113,114,199,300,113,,light intensity shower rain,15.77C,77%
2024-07-25 19:11,9.3 км,"ул. Титова, 42","ул. Уральская, 56",320,320,212,199,300,320,,,,
2024-07-25 19:22,9.5 км,"ул. Шаумяна, 111","ул. Корепина, 44",141,141,114,199,300,141,,,,
2024-07-25 19:34,2.8 км,"ул. Антона Валека, 19","ул. Викулова, 26а",123,123,141,199,300,123,,light intensity shower rain,15.77C,77%
2024-07-25 19:45,13.2 км,"ул. Электриков, 3","ул. Патриса Лумумбы, 83",141,141,114,199,300,141,,light intensity shower rain,15.77C,77%
2024-07-25 19:56,9.3 км,"ул. Степана Разина, 74","ул. Латвийская, 59",95,95,151,199,300,95,,,,
2024-07-25 20:07,1.9 км,"ул. Челюскинцев, 27","ул. Советская, 25",195,195,114,199,300,195,,light intensity shower rain,14.77C,88%
2024-07-25 20:18,7.0 км,"ул. Крестинского, 31","ст. Лечебный, 3",105,105,114,199,300,105,,,,
2024-07-25 20:31,1.7 км,"ул. Менделеева, 2а","ул. Шарташская, 23",95,95,114,199,300,95,,light intensity shower rain,14.77C,88%
2024-07-25 20:41,1.8 км,"ул. Викулова, 44 корпус 2","ул. Волгоградская, 204",95,95,114,199,300,95,,light intensity shower rain,14.77C,88%
2024-07-25 20:52,9.0 км,"Осоавиахима пер., 107","Ученический пер., 4",95,95,114,199,300,95,,,,
2024-07-25 21:03,6.1 км,"ул. Посадская, 32 корпус 1","ул. Учителей, 14",195,195,125,199,300,195,,,,
2024-07-25 21:14,9.6 км,"ул. Краснофлотцев, 43","ул. Серафимы Дерябиной, 19 корпус 2",95,95,114,199,300,95,,light intensity shower rain,14.77C,88%
2024-07-25 21:25,17.1 км,"ул. Варшавская, 40","ул. Коммунистическая, 121",105,105,114,199,300,105,,light intensity shower rain,14.77C,88%
2024-07-25 21:35,5.2 км,"ул. Кварцевая, 6","ул. Шейнкмана, 114",95,95,114,199,300,95,,light intensity shower rain,14.77C,88%
2024-07-25 21:46,10.4 км,"ул. Шишимская, 13","ул. Пехотинцев, 21а",95,95,125,199,300,95,,,,
2024-07-25 21:57,8.0 км,"ул. Патриса Лумумбы, 89а","ул. Куйбышева, 88",95,95,151,199,300,95,,light intensity shower rain,13.77C,88%
2024-07-25 22:08,13.4 км,"ул. Титова, 10","Горнистов проезд, 11",310,310,167,199,300,310,,,,
2024-07-25 22:19,6.7 км,"ул. Титова, 13","ул. Инженерная, 36",213,213,114,199,300,213,,,,
2024-07-25 22:29,4.1 км,"ул. Викулова, 46б","ул. Стрелочников, 5",149,149,114,199,300,149,,light intensity shower rain,13.77C,94%
2024-07-25 22:40,5.9 км,"ул. Хохрякова, 72","Короткий пер., 9",302,302,114,199,452,302,,,,
2024-07-25 22:53,1.2 км,"ул. Сурикова, 55","ул. Сурикова, 2",95,95,114,199,300,95,,,,
2024-07-25 23:06,2.3 км,"ул. Посадская, 39а","ул. Викулова, 32",213,213,125,199,300,213,,light intensity shower rain,12.77C,100%
2024-07-25 23:17,11.6 км,"ул. Трубачева, 45","ул. Посадская, 15",95,95,114,199,300,95,,light intensity shower rain,12.77C,100%
2024-07-25 23:28,10.2 км,"ул. Грибоедова, 8","ул. Малышева, 116а",95,95,114,199,300,95,,,,
2024-07-25 23:38,9.6 км,"ул. Соболева, 21 корпус 2","ул. Бисертская, 6а",149,149,114,199,300,149,,light intensity shower rain,12.77C,100%
2024-07-25 23:49,6.3 км,"ул. Проезжая, 171","ул. Черноярская, 30 корпус 1",149,149,114,199,300,149,,light intensity shower rain,12.77C,94%
2024-07-26 00:00,6.4 км,"ул. Первомайская, 37","ул. Самолетная, 23",266,266,230,199,300,266,,,,
2024-07-26 00:13,626.4 м,"ул. Грибоедова, 12","ул. Черняховского, 43",95,95,114,199,300,95,,,,
2024-07-26 00:26,7.1 км,"ул. Сулимова, 49","ул. Мурзинская, 2",213,213,125,199,300,213,,light intensity shower rain,12.77C,94%
2024-07-26 00:37,9.7 км,"Энергетиков пер., 3","ул. Металлургов, 20",95,95,114,199,300,95,,,,
2024-07-26 00:50,6.0 км,"ул. Малышева, 154","ул. Баумана, 26",159,159,151,199,300,159,,,,
2024-07-26 01:03,4.9 км,"ул. Металлургов, 10а","ул. Завокзальная, 4А",113,113,114,199,300,113,,,,
2024-07-26 01:16,13.1 км,"ул. Энтузиастов, 29","ул. Краснолесья, 157",185,185,114,199,300,185,,,,
2024-07-26 01:29,2.5 км,"ул. Пушкина, 7","ул. Мичурина, 237а корпус 1",384,384,114,199,300,384,,light intensity shower rain,12.77C,94%
2024-07-26 01:39,4.1 км,"ул. Папанина, 4","ул. Фрунзе, Строение 51",105,105,114,199,300,105,,,,
2024-07-26 01:52,3.9 км,"ул. Самолетная, 5 корпус 2","ул. Московская, 209",95,95,125,199,300,95,,,,
2024-07-26 02:03,4.5 км,"ул. Энергостроителей, 19","ул. Академика Бардина, 17",302,302,114,199,300,302,,light intensity shower rain,12.77C,94%
2024-07-26 02:14,7.5 км,"ул. Варшавская, 8","ул. Щорса, 35",310,310,177,199,300,310,,light intensity shower rain,12.77C,94%
2024-07-26 02:25,18.7 км,"ул. Хмелева, 4","ул. Амбулаторная, 10",141,141,114,199,300,141,,light intensity shower rain,12.77C,94%
2024-07-26 02:35,20.9 км,"ул. Бахчиванджи, 14","ул. Черноярская, 10",349,349,370,467,582,349,,,,
2024-07-26 02:46,3.9 км,"Калиновский пер., Строение 5","ул. Ереванская, 60",95,95,114,199,300,95,,light intensity shower rain,12.77C,94%
2024-07-26 02:57,12.3 км,"ул. Прибалтийская, 31/1","ул. Свердлова, 56а",95,95,114,199,300,95,,,,
2024-07-26 03:10,6.1 км,"ул. Токарей, 46","ул. Донбасская, 18",105,105,141,199,300,105,,light intensity shower rain,12.77C,94%
2024-07-26 03:21,13.8 км,"ул. Кольцевая, 32","ул. Краснофлотцев, 44б",105,105,114,199,300,105,,light intensity shower rain,11.77C,100%
2024-07-26 03:32,7.6 км,"Газовый пер., 6","ул. Симферопольская, 14",95,95,114,199,300,95,,,,
2024-07-26 03:42,2.7 км,"ул. Куйбышева, 112Б","ул. Энгельса, 22",95,95,230,199,300,95,,,,
2024-07-26 03:55,5.4 км,"ул. Минометчиков, 30","ул. Ленинградская, 34 корпус 1",95,95,114,199,300,95,,light intensity shower rain,11.77C,100%
2024-07-26 04:06,5.4 км,"ул. Восточная, 21а","ул. Чкалова, 131",195,195,114,199,300,195,,,,
2024-07-26 04:19,8.0 км,"ул. Сулимова, 25","ул. Самолетная, 7",105,105,167,199,300,105,,,,
2024-07-26 04:32,7.6 км,"ул. Мира, 7","ул. Сортировочная, 21",249,249,141,199,300,249,,light intensity shower rain,11.77C,100%
2024-07-26 04:43,8.7 км,"ул. Крауля, 86","ул. Индустрии, 56",257,257,114,199,300,257,,light intensity shower rain,11.77C,100%
2024-07-26 04:54,1.9 км,"ул. Красных партизан, 1","ул. Краснофлотцев, 8",105,105,114,199,300,105,,,,
2024-07-26 05:07,9.1 км,"ул. Лобкова, 87","ул. Гурзуфская, 49",123,123,290,199,300,123,,,,
2024-07-26 05:20,6.5 км,"ул. Патриса Лумумбы, 52","ул. Шаумяна, 86 корпус 3",95,95,114,199,300,95,,,,
2024-07-26 05:33,14.5 км,"ул. Краснолесья, 54/2","Замятина пер., 45а",213,213,282,199,300,213,,light intensity shower rain,11.77C,100%
2024-07-26 05:43,13.3 км,"ул. Ляпустина, 11","ул. Красных борцов, 3",428,428,230,199,338,428,,,,
2024-07-26 05:54,9.5 км,"ул. Баумана, 19","ул. Ухтомская, 47",310,310,264,199,300,310,,,,
2024-07-26 06:05,10.1 км,"ул. Кунарская, 12","Буторина пер., 7",131,131,151,199,300,131,,light intensity shower rain,11.77C,100%
2024-07-26 06:16,4.3 км,"ул. Авиаторов, 1А","ул. Прибалтийская, 31/1",95,95,114,199,300,95,,light intensity shower rain,11.77C,100%
2024-07-26 06:27,7.7 км,"ул. Удельная, 13","ул. Антона Валека, 22",257,257,151,199,300,257,,,,
2024-07-26 06:40,3.1 км,"туп. Балаклавский, 3","ул. Ломоносова, 14",185,185,238,199,300,185,,light intensity shower rain,11.77C,100%
2024-07-26 06:50,1.7 км,"ул. Ильича, 52а","ул. Калинина, 68",310,310,193,199,300,310,,light intensity shower rain,11.77C,100%
2024-07-26 07:01,14.9 км,"ул. Таганская, 52 корпус 3","ул. Симферопольская, 25",320,320,204,199,300,320,,,,
2024-07-26 07:14,6.0 км,"пр-кт Академика Сахарова, 53","ул. Гурзуфская, 28",445,445,204,199,338,445,,light intensity shower rain,11.77C,100%
2024-07-26 07:25,7.1 км,"ул. Дорожная, 18","ул. Крауля, 89а",185,185,177,247,338,185,,light intensity shower rain,12.77C,100%
2024-07-26 07:36,4.0 км,"Суворовский пер., 20а","ул. Краснофлотцев, 19",330,330,238,199,300,330,,,,
2024-07-26 07:49,8.5 км,"ул. Технологическая, 7","ул. Начдива Онуфриева, 24 корпус 1",195,195,114,199,300,195,,light intensity shower rain,12.77C,94%
2024-07-26 08:00,5.0 км,"ул. Пальмиро Тольятти, 13А","ул. Титова, 17в",167,167,114,199,300,167,,light intensity shower rain,12.77C,94%
2024-07-26 08:10,11.8 км,"ул. Прибалтийская, 58","ул. Учителей, 18",95,95,125,199,300,95,,,,
2024-07-26 08:23,6.8 км,"ул. Юлиуса Фучика, 11","ул. Грибоедова, 12-б",445,445,282,283,338,445,,,,
2024-07-26 08:36,8.9 км,"ул. Ильича, 42б","ул. Репина, 62",384,384,290,383,300,384,,,,
2024-07-26 08:47,12.7 км,"ул. Новая, 5","ул. Московская, 55",302,302,114,199,300,302,,light intensity shower rain,12.77C,94%
2024-07-26 08:58,3.7 км,"ул. Фурманова, 114","ул. Николая Никонова, 18",113,113,114,199,300,113,,,,
2024-07-26 09:11,6.8 км,"ул. Старых Большевиков, 84 корпус 5","ул. Мамина-Сибиряка, 70",231,231,264,235,300,231,,light intensity shower rain,12.77C,94%
2024-07-26 09:22,4.0 км,"ул. Куйбышева, 110","ул. Серова, 39",195,195,151,199,338,195,,,,
2024-07-26 09:32,4.7 км,"ул. Вилонова, 24","ул. Победы, 37",292,292,256,235,338,292,,,,
2024-07-26 09:43,8.1 км,"ул. Техническая, 79","ул. Чапаева, 14 корпус 8",213,213,353,199,300,213,,,,
2024-07-26 09:56,8.6 км,"ул. Горького, 31","ул. Бакинских комиссаров, 180",95,95,114,199,300,95,,,,
2024-07-26 10:09,16.8 км,"ул. Испытателей, 10","ул. Начдива Онуфриева, 18",95,95,114,199,300,95,,,,
2024-07-26 10:20,5.2 км,"Встречный пер., 3 корпус 1","ул. Белинского, 183",123,123,114,199,300,123,,light intensity shower rain,12.77C,94%
2024-07-26 10:31,3.8 км,"ул. Пушкина, 4","ул. Хрустальная, 39",95,95,114,199,300,95,,,,
2024-07-26 10:42,5.7 км,"ул. Шарташская, 24","ул. Крауля, 86",123,123,114,199,300,123,,,,
2024-07-26 10:52,5.1 км,"ул. Луначарского, 87","ул. Серафимы Дерябиной, 29",95,95,114,199,300,95,,,,
2024-07-26 11:03,8.5 км,"ул. Студенческая, 6в","ул. Ватутина, 15",185,185,114,199,300,185,,light intensity shower rain,12.77C,100%
2024-07-26 11:14,4.5 км,"ул. Комсомольская, 39","ул. Попова, 16",141,141,193,199,300,141,,light intensity shower rain,12.77C,100%
2024-07-26 11:25,2.9 км,"ул. Бажова, 73","ул. Куйбышева, 179А",95,95,114,199,300,95,,light intensity shower rain,12.77C,100%
2024-07-26 11:36,1.7 км,"ул. Бебеля, 144","пр-кт Седова, 52",257,257,230,199,300,257,,,,
2024-07-26 11:49,10.8 км,"ул. Далекая, 26","ул. Артинская, 28",167,167,204,199,300,167,,light intensity shower rain,12.77C,100%
2024-07-26 12:00,7.5 км,"ул. Чапаева, 14 корпус 9","ул. Корепина, 11б",95,95,114,199,300,95,,light intensity shower rain,12.77C,100%
2024-07-26 12:10,6.4 км,"ул. Отдыха, 3А","ул. Индустрии, 57 корпус 1",274,274,380,199,300,274,,,,
2024-07-26 12:21,8.3 км,"ул. Таганская, 24 корпус 3","ул. Байкальская, 40",231,231,114,199,300,231,,,,
2024-07-26 12:34,3.3 км,"ул. Павла Шаманова, 42","ул. Чердынская, 52",213,213,125,199,300,213,,,,
2024-07-26 12:47,8.1 км,"ул. Фурманова, 60","ул. Бисертская, 16 корпус 4",239,239,114,199,300,239,,,,
2024-07-26 12:58,9.8 км,"ул. Подгорная, 7","ул. Титова, 17а",249,249,114,199,300,249,,light intensity shower rain,12.77C,100%
2024-07-26 13:09,12.1 км,"ул. Селькоровская, 102 корпус 1","ул. Стрелочников, 33 корпус 1",149,149,238,199,300,149,,light intensity shower rain,12.77C,100%
2024-07-26 13:20,11.7 км,"ул. Прибалтийская, 13","ул. Советская, 19 корпус 3",95,95,114,199,300,95,,,,
2024-07-26 13:30,3.7 км,"Дизельный пер., 40","ул. Академика Вонсовского, 19",131,131,204,199,300,131,,,,
2024-07-26 13:41,5.9 км,"ул. Рощинская, 39-б","ул. Декабристов, 16/18И",239,239,114,199,300,239,,light intensity shower rain,12.77C,100%
2024-07-26 13:52,6.0 км,"ул. Бебеля, 118","Шорный пер., 13",239,239,114,199,300,239,,light intensity shower rain,12.77C,100%
2024-07-26 14:03,5.3 км,"ул. Авиационная, 63 корпус 2","ул. Заводская, 15а корпус 1",131,131,141,199,300,131,,light intensity shower rain,12.77C,100%
2024-07-26 14:14,7.1 км,"ул. 8 Марта, 127","ул. Автомагистральная, 7",239,239,125,199,300,239,,light intensity shower rain,12.77C,100%
2024-07-26 14:25,9.2 км,"ул. Байкальская, 27","ул. Совхозная, 8",274,274,238,199,338,274,,,,
2024-07-26 14:38,7.9 км,"ул. Крауля, 61 корпус 1","ул. Бабушкина, 18а",284,284,125,199,300,284,,,,
2024-07-26 14:48,2.8 км,"ул. Мартовская, 9","ул. Симферопольская, 18а",257,257,193,199,300,257,,light intensity shower rain,12.77C,100%
2024-07-26 14:59,12.0 км,"ул. Луганская, 23","пр-кт Космонавтов, 92",141,141,167,199,300,141,,light intensity shower rain,12.77C,100%
2024-07-26 15:10,3.9 км,"ул. Стрелочников, 8а","ул. Академическая, 19б",239,239,177,199,300,239,,light intensity shower rain,12.77C,100%
2024-07-26 15:21,14.9 км,"пр-кт Космонавтов, 80 корпус 2","пр-кт Академика Сахарова, 45",105,105,151,199,300,105,,light intensity shower rain,12.77C,100%
2024-07-26 15:32,3.3 км,"Парковый пер., 41 корпус 4","ул. Восточная, 21",284,284,114,199,300,284,,light intensity shower rain,12.77C,100%
2024-07-26 15:43,3.7 км,"ул. Сулимова, 41","ул. Энтузиастов, 26а",113,113,141,199,414,113,,light intensity shower rain,12.77C,100%
2024-07-26 15:54,9.8 км,"ул. Чкалова, 145","ул. Камчатская, 43",185,185,167,199,452,185,,,,
2024-07-26 16:07,9.0 км,"ул. Фурманова, 120","ул. Исетская, 14",310,310,167,199,300,310,,light rain,12.77C,100%
2024-07-26 16:17,3.4 км,"ул. Благодатская, 70","ул. Серова, 47",213,213,141,199,300,213,,light rain,12.77C,100%
2024-07-26 16:28,9.8 км,"ул. Чемпионов, 5","ул. Карла Маркса, 40",177,177,256,199,300,177,,light rain,12.77C,100%
2024-07-26 16:39,11.8 км,"Загородный пер., 1","ул. Бебеля, 121",302,302,327,199,300,302,,,,
2024-07-26 16:50,8.3 км,"ул. Татищева, 62","ул. Восстания, 116",420,420,114,199,414,420,,,,
2024-07-26 17:03,16.4 км,"ул. Бородина, 4а","ул. Большой Конный п-ов, 7",221,221,114,199,300,221,,light intensity shower rain,12.77C,100%
2024-07-26 17:14,8.0 км,"ул. Таганская, 57","ул. Карла Маркса, 43",284,284,450,199,300,284,,light intensity shower rain,12.77C,100%
2024-07-26 17:25,12.9 км,"ул. Баумана, 29б","ул. Рябинина, 18",366,366,406,199,300,366,,light intensity shower rain,12.77C,100%
2024-07-26 17:35,3.2 км,"ул. Московская, 76","ул. 8 Марта, 185 корпус 4",284,284,141,199,338,284,,,,
2024-07-26 17:48,7.1 км,"ул. Селькоровская, 70","ул. Посадская, 38",105,105,230,199,300,105,,light intensity shower rain,12.77C,100%
2024-07-26 17:59,2.7 км,"ул. Солнечная, 33","ул. Педагогическая, 13",231,231,167,199,300,231,,light intensity shower rain,12.77C,100%
2024-07-26 18:10,4.8 км,"ул. Авиационная, 63 корпус 4","ул. Заводская, 92а",374,374,125,199,376,374,,,,
2024-07-26 18:21,16.9 км,"ул. Ангарская, 60","ул. Бисертская, 6",249,249,380,283,338,249,,,,
2024-07-26 18:34,11.9 км,"ул. Академика Шварца, 16 корпус 2","ул. Избирателей, 13",266,266,230,247,528,266,,light intensity shower rain,12.77C,100%
2024-07-26 18:45,6.7 км,"ул. Новгородцевой, 7б","ул. Токарей, 40",177,177,256,299,528,177,,light intensity shower rain,13.77C,100%
2024-07-26 18:56,7.6 км,"ул. Павла Шаманова, 5/2","ул. Мраморская, 4",131,131,114,199,300,131,,,,
2024-07-26 19:09,3.5 км,"ул. Пионеров, 8","ул. Краснофлотцев, 4в",203,203,114,199,300,203,,,,
2024-07-26 19:20,6.6 км,"ул. Бакинских комиссаров, 114","ул. Минометчиков, 38",203,203,204,199,300,203,,light intensity shower rain,13.77C,100%
2024-07-26 19:30,8.3 км,"ул. Зенитчиков, 14а","ул. Новгородцевой, 5 корпус 3",177,177,193,199,300,177,,,,
2024-07-26 19:41,7.8 км,"ул. Расточная, 43 корпус 1","ул. Восточная, 42",131,131,125,199,338,131,,light intensity shower rain,12.77C,100%
2024-07-26 19:52,3.5 км,"Черноморский пер., 2","ул. Культуры, 15",123,123,114,199,300,123,,,,
2024-07-26 20:03,8.2 км,"ул. Техническая, 81","ул. Лобкова, 78а",203,203,114,199,300,203,,light intensity shower rain,12.77C,100%
2024-07-26 20:14,7.4 км,"ул. Большакова, 22 корпус 2","ул. Краснолесья, 129",330,330,114,199,300,330,,,,
2024-07-26 20:25,16.8 км,"Черноморский пер., 4","ул. Бисертская, 28",167,167,125,199,300,167,,light intensity shower rain,12.77C,100%
2024-07-26 20:36,1.3 км,"ул. Николая Островского, 5","ул. Волгоградская, 45",131,131,125,199,300,131,,,,
2024-07-26 20:46,1.7 км,"ул. Тургенева, 7","ул. Пионеров, 10",203,203,141,199,300,203,,light intensity shower rain,12.77C,100%
2024-07-26 20:57,3.5 км,"ул. Чапаева, 14 корпус 2","ул. Токарей, 64",149,149,125,199,300,149,,,,
2024-07-26 21:10,1.6 км,"ул. Розы Люксембург, 44","ул. Большакова, 101",284,284,193,199,300,284,,,,
2024-07-26 21:21,2.4 км,"ул. Машинистов, 14","ул. Попова, 33а",177,177,114,199,300,177,,light intensity shower rain,12.77C,100%
2024-07-26 21:32,2.0 км,"ул. Братьев Быковых, 19","ул. Армавирская, 26а",113,113,114,199,300,113,,,,
2024-07-26 21:43,8.8 км,"ул. 8 Марта, Строение 146","ул. Донбасская, 34",159,159,177,199,300,159,,,,
2024-07-26 21:54,14.8 км,"ул. Кировградская, 43","ул. Амундсена, 141",284,284,114,199,300,284,,light intensity shower rain,12.77C,100%
2024-07-26 22:05,7.7 км,"ул. Кварцевая, 3","ул. Блюхера, 21",221,221,204,199,300,221,,light intensity shower rain,12.76C,100%
2024-07-26 22:16,9.6 км,"ул. Патриса Лумумбы, 10","ул. Уральская, 75",221,221,125,199,300,221,,,,
2024-07-26 22:26,5.5 км,"ул. Минометчиков, 42","Встречный пер., 5",141,141,125,199,300,141,,,,
2024-07-26 22:37,7.7 км,"Сергея Есенина б-р, 7","ул. Фролова, 19 корпус 2",131,131,114,199,300,131,,light intensity shower rain,12.77C,100%
2024-07-26 22:48,5.6 км,"ул. Московская, 76а","ул. Далекая, 30",149,149,114,199,300,149,,,,
2024-07-26 22:59,4.0 км,"ул. Куйбышева, 169","ул. Вилонова, 86 корпус 4",159,159,114,199,300,159,,light intensity shower rain,12.77C,100%
2024-07-26 23:10,883.9 м,"ул. Горького, 35","ул. Куйбышева, 40",113,113,125,199,300,113,,light intensity shower rain,12.77C,100%
2024-07-26 23:21,12.6 км,"ул. Автомагистральная, 33","ул. Селькоровская, 10",292,292,114,199,300,292,,light intensity shower rain,12.77C,100%
2024-07-26 23:32,6.9 км,"ул. Луначарского, 78","ул. Павлодарская, 50",123,123,114,199,300,123,,light intensity shower rain,12.77C,100%
2024-07-26 23:43,3.3 км,"ул. Викулова, 35 корпус 2","ул. Большой Конный п-ов, 10",131,131,114,199,300,131,,light intensity shower rain,12.77C,100%
2024-07-26 23:53,2.5 км,"ул. Фурманова, 52","ул. Луначарского, 135",195,195,141,199,300,195,,,,
2024-07-27 00:06,1.9 км,"ул. Февральской революции, Строение 15","ул. Гурзуфская, 28",257,257,230,199,300,257,,,,
2024-07-27 00:17,14.8 км,"ул. Майкопская, 22","ул. Грибоедова, 2",392,392,177,199,414,392,,light intensity shower rain,12.77C,100%
2024-07-27 00:28,4.0 км,"ул. Профсоюзная, 83","ул. Гастелло, 32",185,185,141,199,414,185,,,,
2024-07-27 00:41,5.8 км,"ул. Агрономическая, 50","ул. Косарева, 3",123,123,114,199,300,123,,light intensity shower rain,12.77C,100%
2024-07-27 00:52,946.8 м,"ул. Челюскинцев, 64","Выездной пер., 2",167,167,114,199,300,167,,,,
2024-07-27 01:03,8.1 км,"ул. Избирателей, 13","ул. Библиотечная, 44",312,312,193,199,300,312,,light intensity shower rain,12.77C,100%
2024-07-27 01:14,7.1 км,"ул. Студенческая, 24","ул. Бебеля, 125",366,366,301,199,414,366,,light intensity shower rain,12.77C,100%
2024-07-27 01:25,3.9 км,"ул. Софьи Ковалевской, 12","ул. Белинского, 113",213,213,114,199,300,213,,,,
2024-07-27 01:36,1.6 км,"ул. Сулимова, 53","ул. Камчатская, 49",231,231,204,199,566,231,,,,
2024-07-27 01:46,5.3 км,"ул. Мира, 3г","Замятина пер., 37",203,203,114,199,300,203,,light intensity shower rain,12.76C,100%
2024-07-27 01:57,7.0 км,"ул. Горького, 69/1","ш. Елизаветинское, 18",167,167,167,199,300,167,,,,
2024-07-27 02:08,5.8 км,"ул. Краснолесья, 20","ул. Заводская, 32 корпус 4",113,113,114,199,300,113,,light intensity shower rain,12.77C,100%
2024-07-27 02:19,10.9 км,"ул. Культуры, 19","ул. Академика Шварца, 20 корпус 1",366,366,114,199,338,366,,,,
2024-07-27 02:30,6.2 км,"ул. Циолковского, 78","ул. Учителей, 6",123,123,114,199,376,123,,light intensity shower rain,12.77C,100%
2024-07-27 02:41,5.1 км,"ул. Народного фронта, 72","ул. Майкопская, 22",195,195,151,199,300,195,,light intensity shower rain,12.77C,100%
2024-07-27 02:52,17.9 км,"ул. Донская, 59","ул. Бисертская, 2а",95,95,114,199,300,95,,light intensity shower rain,12.77C,100%
2024-07-27 03:03,2.5 км,"ул. Начдива Онуфриева, 58","ул. Шаумяна, 88",95,95,114,199,338,95,,,,
2024-07-27 03:16,2.8 км,"ул. Учителей, 3","ул. Луначарского, 182",159,159,114,199,300,159,,light intensity shower rain,12.77C,100%
2024-07-27 03:27,8.9 км,"ул. Мичурина, 237а корпус 2","ул. Коуровская, 28",284,284,114,199,300,284,,light intensity shower rain,12.77C,100%
2024-07-27 03:37,13.5 км,"ул. Краснофлотцев, 19","ул. Аптекарская, 58",95,95,114,199,300,95,,light intensity shower rain,12.77C,100%
2024-07-27 03:48,7.0 км,"Базовый пер., 50","ул. Зои Космодемьянской, 46а",203,203,114,199,414,203,,,,
2024-07-27 04:01,8.8 км,"ул. Победы, 14","ул. 8 Марта, 86",131,131,114,199,300,131,,,,
2024-07-27 04:14,4.5 км,"ул. Волгоградская, 31 корпус 2","ул. Московская, 9",123,123,114,199,300,123,,,,
2024-07-27 04:25,9.9 км,"ул. Патриса Лумумбы, 33а","ул. Советская, 62",105,105,114,199,300,105,,light intensity shower rain,12.77C,100%
2024-07-27 04:36,9.6 км,"ул. Индустрии, 33","ул. Чердынская, 48",105,105,125,199,300,105,,light intensity shower rain,12.77C,100%
2024-07-27 04:47,5.2 км,"ул. Индустрии, 39","ул. Техническая, 38А",274,274,193,199,300,274,,,,
2024-07-27 05:00,2.4 км,"ул. Ломоносова, 21","ул. Краснофлотцев, 8",203,203,114,199,300,203,,light intensity shower rain,12.77C,100%
2024-07-27 05:11,3.6 км,"ул. Тверитина, 42 корпус 3","ул. Челюскинцев, 64а",338,338,114,199,338,338,,light intensity shower rain,12.77C,100%
2024-07-27 05:22,3.4 км,"ул. Малышева, 116а","ул. Отто Шмидта, 76",338,338,114,199,376,338,,,,
2024-07-27 05:33,5.0 км,"ул. Белореченская, 1","ул. Уральская, 66 корпус 1",302,302,114,199,338,302,,,,
2024-07-27 05:46,6.0 км,"ул. Комсомольская, 45 корпус 11","ул. Посадская, 32 корпус 1",113,113,167,199,300,113,,light intensity shower rain,11.77C,100%
2024-07-27 05:57,9.6 км,"ул. Старых Большевиков, 45","ул. Степана Разина, 78",302,302,125,199,300,302,,light intensity shower rain,11.77C,100%
2024-07-27 06:08,11.1 км,"ул. Ясная, 32 корпус 2","ул. Шефская, 101",221,221,114,199,300,221,,light intensity shower rain,11.77C,100%
2024-07-27 06:19,5.2 км,"ул. Первомайская, 43","ул. Ухтомская, 3",185,185,114,199,300,185,,,,
2024-07-27 06:30,8.2 км,"ул. Ляпустина, 25","ул. Байкальская, 48",239,239,212,199,300,239,,light intensity shower rain,12.77C,100%
2024-07-27 06:41,996.8 м,"ул. Ольховская, 27 корпус 2","ул. Бебеля, 128",123,123,125,199,300,123,,,,
2024-07-27 06:52,14.3 км,"Черноморский пер., 6","ул. Евгения Савкова, 11",149,149,125,199,300,149,,light intensity shower rain,12.77C,100%
2024-07-27 07:02,1.6 км,"ул. Хрустальная, 39","ул. Педагогическая, 3",167,167,114,199,300,167,,light intensity shower rain,12.77C,100%
2024-07-27 07:13,7.7 км,"ул. Сурикова, 28","ул. Бисертская, 16 корпус 2",266,266,114,199,300,266,,,,
2024-07-27 07:26,1.1 км,"ул. Декабристов, 16/18Г","ул. Малышева, 90",231,231,114,199,300,231,,light intensity shower rain,12.77C,100%
2024-07-27 07:37,7.2 км,"ул. Краснофлотцев, 44а","ул. Куйбышева, 48 корпус А",302,302,361,199,300,302,,,,
2024-07-27 07:48,21.4 км,"ул. Стартовая, 20","ул. Индустрии, 104",95,95,114,199,300,95,,light intensity shower rain,12.77C,100%
2024-07-27 07:59,2.7 км,"ул. Заводская, 19а корпус 5","Химиков пер., 4",113,113,114,199,300,113,,,,
2024-07-27 08:10,5.7 км,"ул. Симферопольская, 35","ул. Чердынская, 22",231,231,151,199,300,231,,light intensity shower rain,12.77C,100%
2024-07-27 08:21,7.6 км,"ул. Военная, 11","ул. Луначарского, 60",131,131,114,199,300,131,,,,
2024-07-27 08:34,4.7 км,"ул. Белореченская, 21","ул. Родонитовая, 26",195,195,114,199,300,195,,light intensity shower rain,12.77C,100%
2024-07-27 08:45,10.4 км,"ул. Академика Бардина, 13 корпус 1","ст. Аппаратная, 1",213,213,114,199,300,213,,light intensity shower rain,12.77C,100%
2024-07-27 08:56,6.3 км,"ул. Уральская, 56","ул. Рабочих, 15",95,95,114,199,300,95,,,,
2024-07-27 09:09,2.6 км,"ул. Корепина, 32а","ул. Кировградская, 11",195,195,151,199,300,195,,light intensity shower rain,12.77C,100%
2024-07-27 09:20,6.2 км,"ул. Серафимы Дерябиной, 29","ул. Вишневая, 38",213,213,114,199,300,213,,,,
2024-07-27 09:31,5.5 км,"ул. Ольховская, 27 корпус 1","ул. Кобозева, 29",284,284,114,199,338,284,,light intensity shower rain,12.77C,100%
2024-07-27 09:42,2.0 км,"ул. Фестивальная, 7","ул. Народного фронта, 89а",284,284,282,199,300,284,,light intensity shower rain,12.77C,100%
2024-07-27 09:53,6.4 км,"ул. Соликамская, 3","ул. Коммунистическая, 10",159,159,141,235,376,159,,,,
2024-07-27 10:04,9.7 км,"ул. Белореченская, 12","ул. Донская, 50",95,95,114,199,338,95,,,,
2024-07-27 10:17,7.2 км,"пр-кт Академика Сахарова, 31","ул. Татищева, 16",113,113,114,199,300,113,,,,
2024-07-27 10:30,6.5 км,"ул. Азина, 47","ул. Народного фронта, 70",95,95,114,199,300,95,,light intensity shower rain,12.77C,100%
2024-07-27 10:41,4.0 км,"ул. Нагорная, 49","ул. Серова, 39",131,131,114,199,300,131,,,,
2024-07-27 10:54,4.1 км,"ул. Искровцев, 19А","ул. Советская, 20",445,445,440,555,338,445,,,,
2024-07-27 11:05,7.6 км,"ул. Белинского, 8/10","ул. Таганская, 51а",95,95,114,199,300,95,,,,
2024-07-27 11:16,5.6 км,"ул. Восточная, 21б","ул. Военная, 16",95,95,114,199,300,95,,,,
2024-07-27 11:29,12.3 км,"ул. 40-летия Комсомола, 32 корпус 2","пр-кт Академика Сахарова, 73",123,123,264,199,300,123,,,,
2024-07-27 11:40,21.0 км,"ул. Ракетная, 9","ул. Техническая, 43",95,95,114,199,300,95,,light intensity shower rain,12.77C,100%
2024-07-27 11:51,12.0 км,"Переходный пер., 2","ул. Билимбаевская, 34 корпус 1",95,95,141,199,300,95,,,,
2024-07-27 12:02,8.5 км,"ул. Стрелочников, 23","ул. Павлодарская, 13",105,105,114,199,300,105,,light intensity shower rain,13.77C,100%
2024-07-27 12:13,4.1 км,"ул. Металлургов, 34","ул. Большакова, 103",105,105,125,199,300,105,,light intensity shower rain,13.77C,100%
2024-07-27 12:24,5.3 км,"ул. Калинина, 3","ул. Минометчиков, 28",257,257,167,199,300,257,,light intensity shower rain,13.77C,100%
2024-07-27 12:35,10.5 км,"ул. Счастливая, 4","ул. Луначарского, 167",231,231,282,199,300,231,,light intensity shower rain,13.77C,100%
2024-07-27 12:46,6.4 км,"ул. Азина, 39","ул. 40-летия Комсомола, 32а",177,177,125,199,300,177,,light intensity shower rain,13.77C,100%
2024-07-27 12:57,3.1 км,"ул. Репина, 62","ул. Малышева, 21 корпус 4",213,213,114,199,300,213,,light intensity shower rain,13.77C,100%
2024-07-27 13:08,3.0 км,"ул. Куйбышева, 108","ул. Уральская, 80",105,105,114,199,300,105,,light intensity shower rain,13.77C,100%
2024-07-27 13:18,11.6 км,"ул. Водная, 21","пр-кт Ленина, 54 корпус 1",159,159,238,199,300,159,,light intensity shower rain,13.77C,100%
2024-07-27 13:29,9.0 км,"ул. Щербакова, 150","ул. Ракетная, 2",167,167,177,199,300,167,,,,
2024-07-27 13:43,15.3 км,"Сызранский пер., 15","пр-кт Космонавтов, 61а",213,213,212,263,300,213,,,,
2024-07-27 13:56,2.9 км,"ул. Стачек, Строение 4","ул. Культуры, 10",231,231,167,199,300,231,,light intensity shower rain,13.77C,100%
2024-07-27 14:07,1.3 км,"ул. Большакова, 22 корпус 3","ул. Красноармейская, 66",159,159,125,199,300,159,,,,
2024-07-27 14:18,7.2 км,"ул. Фрунзе, 93","ул. Бисертская, 36",131,131,151,199,414,131,,light intensity shower rain,13.77C,100%
2024-07-27 14:28,6.1 км,"Газорезчиков пер., 42","ул. Краснолесья, 101",203,203,388,247,300,203,,,,
2024-07-27 14:39,3.2 км,"Буторина пер., 8","ул. Серова, 21",185,185,114,199,300,185,,light intensity shower rain,13.77C,100%
2024-07-27 14:50,8.1 км,"ул. Мичурина, 235","ул. Торговая, 14",221,221,114,199,376,221,,,,
2024-07-27 15:03,8.0 км,"ул. Уральских рабочих, 25","ул. Викулова, 43 корпус 3",257,257,114,199,300,257,,light intensity shower rain,13.77C,100%
2024-07-27 15:14,8.0 км,"ул. Техническая, 51","ул. Ирбитская, 2",149,149,177,199,300,149,,light intensity shower rain,13.77C,100%
2024-07-27 15:25,18.6 км,"ул. Тюльпановая, 7","ул. Варшавская, 40",123,123,177,199,300,123,,,,
2024-07-27 15:39,5.2 км,"ул. Старых Большевиков, 84 корпус 5","ул. Пионеров, 1",249,249,238,199,300,249,,light intensity shower rain,13.77C,100%
2024-07-27 15:50,11.1 км,"ул. Колхозников, 78","ул. Мамина-Сибиряка, 10",213,213,264,363,300,213,,,,
2024-07-27 16:03,6.3 км,"Сиреневый б-р, 4 корпус 4","ул. Электриков, 6",231,231,125,199,300,231,,,,
2024-07-27 16:14,5.0 км,"ул. Блюхера, 63а","ул. Крылова, 1/1",221,221,151,199,300,221,,light intensity shower rain,14.77C,100%
2024-07-27 16:25,3.7 км,"ул. Малышева, 10","ул. Армавирская, 22А",302,302,141,199,300,302,,light intensity shower rain,14.77C,100%
2024-07-27 16:36,8.5 км,"ул. 40-летия Комсомола, 14б","ул. Опытная, 17",141,141,177,199,376,141,,,,
2024-07-27 16:49,16.1 км,"ул. Стачек, 34А","ул. Грибоедова, 11",374,374,114,199,300,374,,,,
2024-07-27 17:02,3.5 км,"ул. Менделеева, 11","ул. Баумана, 30а",95,95,114,199,300,95,,light intensity shower rain,13.77C,100%
2024-07-27 17:13,9.4 км,"ул. Студенческая, 32","ул. Билимбаевская, 14",167,167,114,199,300,167,,,,
2024-07-27 17:26,8.5 км,"ул. Пушкина, 4","ул. Умельцев, 9",113,113,114,199,300,113,,,,
2024-07-27 17:37,6.6 км,"пр-кт Ленина, 52 корпус 4","ул. Лагерная, 10",105,105,114,199,338,105,,light intensity shower rain,13.77C,100%
2024-07-27 17:48,13.6 км,"ул. Чемпионов, 3","ул. Латвийская, 3",95,95,177,199,300,95,,,,
2024-07-27 18:01,9.1 км,"ул. Степана Разина, 28","ул. Победы, 43",123,123,114,199,300,123,,light intensity shower rain,13.77C,100%
2024-07-27 18:12,11.8 км,"ул. Учителей, 3","ул. Дагестанская, 8",95,95,114,199,300,95,,light intensity shower rain,13.77C,100%
2024-07-27 18:23,4.2 км,"ул. Кобозева, 31","ул. Садовая, 3а",95,95,114,199,300,95,,,,
2024-07-27 18:34,7.8 км,"ул. Кобозева, 12","ул. Крылова, 29",105,105,114,199,300,105,,light intensity shower rain,13.77C,100%
2024-07-27 18:45,15.3 км,"ул. Евгения Савкова, 33а","пр-кт Космонавтов, 57",185,185,193,199,300,185,,light intensity shower rain,13.77C,100%
2024-07-27 18:56,5.0 км,"ул. Большой Конный п-ов, 7","ул. Таватуйская, 12 корпус 1",113,113,114,199,300,113,,,,
2024-07-27 19:09,5.3 км,"ул. Советская, 13 корпус 2","ул. Бебеля, 176",105,105,114,199,300,105,,light intensity shower rain,13.77C,100%
2024-07-27 19:20,11.1 км,"ул. Амундсена, 66","ул. Корепина, 29",113,113,151,199,300,113,,,,
2024-07-27 19:31,17.0 км,"ул. Удельная, 10","ул. Латвийская, 53",203,203,114,199,300,203,,,,
2024-07-27 19:44,330.1 м,"ул. Сурикова, 40","ул. Фрунзе, 78",113,113,114,199,300,113,,light intensity shower rain,13.77C,100%
2024-07-27 19:55,8.3 км,"ул. Стрелочников, 16","ул. Чкалова, 231",167,167,114,199,414,167,,light intensity shower rain,12.77C,100%
2024-07-27 20:06,3.8 км,"ул. Белинского, 171","ул. Чкалова, 119",95,95,177,199,300,95,,,,
2024-07-27 20:19,6.3 км,"ул. Нагорная, 46 корпус Б","ул. Комсомольская, 78",185,185,114,199,300,185,,light intensity shower rain,12.77C,100%
2024-07-27 20:30,3.0 км,"Сибирский тракт, 21","ул. Академическая, 19",95,95,114,199,300,95,,light intensity shower rain,12.77C,100%
2024-07-27 20:41,5.9 км,"ул. Тюменская, 18","ул. 8 Марта, 150",185,185,167,199,300,185,,light intensity shower rain,12.77C,100%
2024-07-27 20:52,5.9 км,"ул. Крестинского, 11","ул. Крауля, 75 корпус 1",95,95,114,199,452,95,,,,
2024-07-27 21:05,6.9 км,"ул. Чкалова, 43","ул. Сулимова, 49",213,213,151,199,452,213,,,,
2024-07-27 21:19,3.9 км,"ул. Ясная, 20Д","ул. Саввы Белых, 1",123,123,114,199,300,123,,,,
2024-07-27 21:32,1.7 км,"ул. Пушкина, 4","ул. Народной воли, 23",221,221,114,199,300,221,,light intensity shower rain,12.77C,100%
2024-07-27 21:43,2.5 км,"ул. Бажова, 55","ул. Вилонова, 20",149,149,114,199,300,149,,light intensity shower rain,12.77C,100%
2024-07-27 21:54,13.5 км,"ул. Патриса Лумумбы, 29а","ул. Бахчиванджи, 21",141,141,141,199,300,141,,,,
2024-07-27 22:07,8.2 км,"ул. Викулова, 42","ул. Краснофлотцев, 10",420,420,177,199,452,420,,,,
2024-07-27 22:21,6.1 км,"Чаадаева пер., 2","ул. Стачек, 18",284,284,114,199,414,284,,,,
2024-07-27 22:32,3.8 км,"ул. Татищева, 60","пр-кт Ленина, 69 корпус 3",213,213,114,199,300,213,,light intensity shower rain,12.77C,100%
2024-07-27 22:43,8.9 км,"ул. Грибоедова, 23","ул. Амундсена, 74",167,167,204,199,300,167,,light intensity shower rain,12.77C,100%
2024-07-27 22:54,6.8 км,"ул. Евгения Савкова, 35/2","ул. Пальмиро Тольятти, 15А",131,131,114,199,300,131,,light intensity shower rain,12.77C,100%
2024-07-27 23:05,20.9 км,"ул. 40-летия Октября, 59","ул. Бахчиванджи, 1б",185,185,151,199,452,185,,,,
2024-07-27 23:18,4.5 км,"ул. Волгоградская, 90","ул. Восточная, 23б",284,284,114,199,300,284,,light intensity shower rain,12.77C,100%
2024-07-27 23:29,6.0 км,"пр-кт Космонавтов, 51а","ул. Машинистов, 14",266,266,282,199,300,266,,,,
2024-07-27 23:40,6.0 км,"ул. Ленинградская, 40а","ул. Восточная, 8",113,113,114,199,300,113,,,,
2024-07-27 23:53,11.9 км,"ул. Культуры, 12","ул. Военная, 20б",239,239,114,199,300,239,,,,
2024-07-28 00:06,5.8 км,"ул. Серова, 35","ул. Рощинская, 61",239,239,167,199,300,239,,light intensity shower rain,12.77C,100%
2024-07-28 00:17,5.9 км,"ул. Крестинского, 37","пр-кт Ленина, 64",320,320,114,199,338,320,,light intensity shower rain,12.77C,100%
2024-07-28 00:29,4.5 км,"ул. Ереванская, 55","ул. Красноармейская, 74",312,312,114,199,528,312,,,,
2024-07-28 00:42,7.6 км,"ул. Лесная, 40","ул. Уктусская, 58",113,113,114,199,300,113,,overcast clouds,12.77C,100%
2024-07-28 00:53,5.5 км,"ул. Солнечная, 37","пр-кт Космонавтов, 43",149,149,114,199,376,149,,overcast clouds,12.77C,100%
2024-07-28 01:04,11.0 км,"ул. Билимбаевская, 39","ул. Щорса, 64",113,113,327,199,376,113,,overcast clouds,12.77C,100%
2024-07-28 01:15,10.3 км,"ул. Баумана, 48","ул. Авиационная, 63 корпус 1",149,149,230,199,300,149,,overcast clouds,12.77C,100%
2024-07-28 01:26,2.9 км,"ул. Академика Шварца, 2 корпус 1","ул. Посадская, 56 корпус 2",123,123,151,199,376,123,,,,
2024-07-28 01:39,15.1 км,"ул. Амундсена, 57а","ул. Бахчиванджи, 1а",231,231,114,199,300,231,,light rain,12.77C,100%
2024-07-28 01:50,9.3 км,"ул. Красных партизан, 1","ул. Союзная, 8",95,95,114,199,300,95,,,,
2024-07-28 02:04,1.7 км,"ш. Елизаветинское, 20","ул. Селькоровская, 80 корпус 1",356,356,282,199,300,356,,,,
2024-07-28 02:15,10.2 км,"ул. Хвойная, 83","ул. Молотобойцев, 13",95,95,141,199,300,95,,,,
2024-07-28 02:28,2.5 км,"ул. Ольховская, 27 корпус 1","ул. Машиностроителей, 81",159,159,114,199,376,159,,light rain,12.77C,94%
2024-07-28 02:39,9.9 км,"ул. Красина, 5","Академика Семихатова Н.А. б-р, 6",105,105,114,199,300,105,,light rain,12.77C,94%
2024-07-28 02:50,3.3 км,"ул. Вилонова, 20","ул. Гагарина, 55а",113,113,177,199,300,113,,,,
2024-07-28 03:03,2.7 км,"Рижский пер., 10а","ул. Онежская, 12",105,105,114,199,300,105,,light intensity shower rain,11.77C,100%
2024-07-28 03:14,5.7 км,"ул. Павла Шаманова, 15","ул. Серова, 6",203,203,204,199,300,203,,,,
2024-07-28 03:27,408.7 м,"ул. 8 Марта, 118","ул. Фурманова, 35",257,257,114,199,338,257,,light intensity shower rain,11.77C,100%
2024-07-28 03:39,4.5 км,"ул. Газетная, 65","ул. Белинского, 232",105,105,114,199,300,105,,light intensity shower rain,11.77C,100%
2024-07-28 03:50,6.9 км,"ул. Викулова, 48","ул. 22 Партсъезда, 7а",239,239,204,199,338,239,,light intensity shower rain,11.77C,100%
2024-07-28 04:01,1.7 км,"ул. Гагарина, 55а","ул. Технологическая, 7а",310,310,141,199,300,310,,,,
2024-07-28 04:14,876.2 м,"ул. Академика Бардина, 48а","ул. Волгоградская, 18",177,177,141,199,376,177,,,,
2024-07-28 04:25,9.0 км,"ул. Чекистов, 1б","ул. Военная, 11",159,159,114,199,300,159,,,,
2024-07-28 04:38,617.5 м,"ул. Таватуйская, 2","ул. Таватуйская, 1",123,123,212,199,376,123,,,,
2024-07-28 04:51,10.6 км,"ул. Тобольская, 76б корпус 1","ул. Мостовая, 53а",177,177,114,199,452,177,,,,
2024-07-28 05:02,5.7 км,"ул. Уральская, 10","ул. Белинского, 141а",177,177,114,199,300,177,,,,
2024-07-28 05:14,9.4 км,"ул. Дорожная, 17","ул. Академическая, 19б",105,105,114,199,338,105,,,,
2024-07-28 05:25,9.0 км,"пр-кт Космонавтов, 101","ул. Первомайская, 59",95,95,167,199,300,95,,light intensity shower rain,11.77C,100%
2024-07-28 05:36,3.8 км,"ул. Листопадная, 7","ул. Волгоградская, 182а",159,159,114,199,300,159,,light intensity shower rain,11.77C,100%
2024-07-28 05:47,2.0 км,"ул. Гурзуфская, 24","ул. Заводская, 32 корпус 3",195,195,114,199,300,195,,light intensity shower rain,11.77C,100%
2024-07-28 05:58,7.0 км,"ул. Библиотечная, 48","ул. Энтузиастов, 26а",284,284,151,199,300,284,,,,
2024-07-28 06:11,4.1 км,"ул. Серафимы Дерябиной, 35","пр-кт Академика Сахарова, 95",177,177,114,199,338,177,,light intensity shower rain,11.77C,100%
2024-07-28 06:22,10.1 км,"ул. Декабристов, 45","ул. Ангарская, 30",312,312,114,199,300,312,,light intensity shower rain,11.77C,100%
2024-07-28 06:33,1.3 км,"пр-кт Ленина, 95","ул. Мира, 3в",203,203,114,199,300,203,,light intensity shower rain,11.77C,100%
2024-07-28 06:45,2.6 км,"ул. 40-летия Октября, 88","ул. Корепина, 22",95,95,114,199,300,95,,light intensity shower rain,11.77C,100%
2024-07-28 06:55,10.0 км,"ул. Коммунистическая, 14","ул. Начдива Васильева, 14/2",203,203,114,199,300,203,,,,
2024-07-28 07:09,10.9 км,"ул. Ильича, 7","ул. Академика Постовского, 19",445,445,256,199,338,445,,light intensity shower rain,11.77C,100%
2024-07-28 07:20,5.3 км,"ул. Якутская, 17","ул. Большакова, 22 корпус 4",437,437,353,199,338,437,,,,
2024-07-28 07:33,10.2 км,"ул. Новаторов, 13","ул. Шаумяна, 98 корпус 3",195,195,167,199,300,195,,light intensity shower rain,11.77C,100%
2024-07-28 07:44,1.1 км,"ул. Ильича, 35","ул. Баумана, 2",131,131,114,199,300,131,,light intensity shower rain,11.77C,100%
2024-07-28 07:55,15.3 км,"ул. Карельская, 44","пр-кт Космонавтов, 58",95,95,114,199,300,95,,light intensity shower rain,11.77C,100%
2024-07-28 08:06,8.1 км,"ул. 40-летия Октября, 36","Встречный пер., 7 корпус 2",113,113,114,199,300,113,,light intensity shower rain,11.77C,100%
2024-07-28 08:17,17.7 км,"пр-кт Академика Сахарова, 29/2","ул. Бахчиванджи, 21",203,203,114,199,300,203,,moderate rain,11.77C,100%
2024-07-28 08:28,9.7 км,"ул. Старых Большевиков, 37а","ул. Черкасская, 41",149,149,114,199,300,149,,,,
2024-07-28 08:42,5.3 км,"ул. Уральская, 56а","ул. Ломоносова, 25",167,167,114,199,300,167,,,,
2024-07-28 08:53,1.3 км,"ул. Волгоградская, 196","ул. Начдива Онуфриева, 6 корпус 3",95,95,114,199,300,95,,,,
2024-07-28 09:04,4.8 км,"ул. Восточная, 7а","ул. Шаумяна, 98 корпус 2",95,95,114,199,300,95,,light rain,11.77C,100%
2024-07-28 09:15,2.9 км,"ул. Машиностроителей, 81","ул. Ломоносова, 57а",312,312,212,199,300,312,,,,
2024-07-28 09:28,8.5 км,"ул. Изоплитная, 20","ул. Парниковая, 3а",348,348,343,199,300,348,,,,
2024-07-28 09:39,9.0 км,"ул. Байкальская, 23","ул. Колхозников, 52",141,141,125,199,300,141,,,,
2024-07-28 09:53,7.5 км,"ул. Латвийская, 48/1","ул. Щербакова, 5 корпус 2",312,312,114,199,300,312,,light rain,11.77C,94%
2024-07-28 10:04,7.5 км,"ул. Волгоградская, 204","ул. Менделеева, 14",95,95,114,199,300,95,,light rain,11.77C,94%
2024-07-28 10:15,9.0 км,"ул. Симферопольская, 28","ул. Короленко, 4",95,95,177,199,300,95,,light rain,11.77C,94%
2024-07-28 10:26,5.7 км,"ул. Саввы Белых, 13","Верх-Исетский б-р, 20",105,105,114,199,300,105,,light rain,12.77C,88%
2024-07-28 10:37,4.8 км,"ул. Восточная, 80","ул. Ясная, 36 корпус 1",95,95,114,199,300,95,,broken clouds,12.77C,88%
2024-07-28 10:48,6.6 км,"ул. Куйбышева, 108","ш. Елизаветинское, 4",113,113,114,199,300,113,,,,
2024-07-28 11:01,15.7 км,"ул. Даниловская, 5","ул. Славянская, 33",249,249,193,199,300,249,,light rain,12.77C,94%
2024-07-28 11:12,9.2 км,"ул. Фурманова, 123","ул. Краснодарская, 30",95,95,114,199,300,95,,light rain,13.77C,82%
2024-07-28 11:24,5.4 км,"ул. Николая Никонова, 6","ул. Кировградская, 25",95,95,114,199,300,95,,light rain,13.77C,82%
2024-07-28 11:35,5.8 км,"ул. Черепанова, 8","ул. 40-летия Октября, 69",105,105,114,199,300,105,,,,
2024-07-28 11:46,10.9 км,"ул. Менделеева, 14","ул. Санаторная, 37",310,310,114,199,300,310,,,,
2024-07-28 11:57,5.9 км,"ул. Культуры, 21","ул. Кузнечная, 91",113,113,114,199,300,113,,,,
2024-07-28 12:10,10.3 км,"ул. Селькоровская, 72","ул. Блюхера, 15",105,105,151,199,300,105,,light rain,13.77C,82%
2024-07-28 12:21,10.4 км,"ул. Конотопская, 5","ул. Шишимская, 28",95,95,114,199,300,95,,light rain,13.77C,82%
2024-07-28 12:32,1.5 км,"ул. Ленинградская, 25","ул. Посадская, 29",266,266,204,199,300,266,,light rain,13.77C,82%
2024-07-28 12:43,11.6 км,"ул. Грибоедова, 12","ул. Ленинградская, 34 корпус 2",131,131,114,199,300,131,,,,
2024-07-28 12:57,5.6 км,"ул. Гражданской войны, 7","ул. Отто Шмидта, 60",95,95,114,199,300,95,,overcast clouds,14.77C,82%
2024-07-28 13:08,9.0 км,"ул. Щорса, 132","ул. Культуры, 10",105,105,141,199,300,105,,overcast clouds,14.77C,82%
2024-07-28 13:19,6.3 км,"ул. Григория Речкалова, 1","ул. Серова, 21",284,284,114,199,300,284,,,,
2024-07-28 13:30,1.3 км,"ул. Таганская, 52 корпус 2","ул. Баумана, 32а",167,167,361,199,300,167,,,,
2024-07-28 13:41,2.1 км,"ул. Куйбышева, 109","ул. Сакко и Ванцетти, 111а",105,105,114,199,300,105,,,,
2024-07-28 13:52,9.6 км,"ул. Учителей, 20","Таллинский пер., 7",257,257,167,199,300,257,,broken clouds,15.77C,77%
2024-07-28 14:04,1.3 км,"ул. Декабристов, 69В","ул. Фрунзе, 67",95,95,114,199,300,95,,,,
2024-07-28 14:15,10.4 км,"ул. Латвийская, 43","ул. Шарташская, 18",105,105,141,199,300,105,,broken clouds,15.77C,72%
2024-07-28 14:26,5.3 км,"ул. Куйбышева, 171","ул. Юмашева, 16",249,249,114,199,300,249,,,,
2024-07-28 14:37,3.9 км,"ул. Черняховского, 52а","Сибирский тракт 11 км., 2",123,123,212,199,300,123,,broken clouds,14.77C,82%
2024-07-28 14:48,7.4 км,"Лобачевского пер., 1","пр-кт Седова, 17",113,113,125,199,300,113,,light intensity shower rain,14.76C,77%
2024-07-28 14:59,61.0 км,"ул. Крупской, 6","Каслинский пер., 4",119,138,119,,light intensity shower rain,14.77C,77%
2024-07-28 15:10,5.5 км,"ул. Пионеров, 10","ул. Ясная, 24",131,131,114,199,300,131,,,,
2024-07-28 15:24,11.9 км,"ул. Таганская, 24 корпус 2","ул. Начдива Онуфриева, 14",113,113,125,199,300,113,,,,
2024-07-28 15:37,4.7 км,"ул. Июльская, 48","Сиреневый б-р, 10",123,123,114,199,300,123,,,,
2024-07-28 15:48,4.6 км,"ул. Окраинная, 37","ул. Московская, 225 корпус 3",95,95,114,199,300,95,,,,
2024-07-28 16:01,728.0 м,"ул. 40-летия Октября, 38а","пр-кт Орджоникидзе, 4",123,123,114,199,300,123,,,,
2024-07-28 16:12,6.2 км,"ул. Ползунова, 26б","ул. Стрелочников, 7",95,95,114,199,300,95,,,,
2024-07-28 16:26,6.7 км,"ул. Кировградская, 57","Верх-Исетский б-р, 25",131,131,114,199,300,131,,scattered clouds,16.77C,77%
2024-07-28 16:37,2.1 км,"Банковский пер., 10","ул. Азина, 57",113,113,167,199,338,113,,scattered clouds,16.77C,77%
2024-07-28 16:48,5.1 км,"ул. Даниловская, 18а","ул. Мурзинская, 13",105,105,114,199,300,105,,scattered clouds,15.77C,72%
2024-07-28 17:00,2.8 км,"пр-кт Космонавтов, 69","ул. Даниловская, 2г",95,95,141,199,300,95,,,,
2024-07-28 17:11,7.1 км,"ул. Курганская, 3","Асбестовский пер., 3",95,95,193,199,300,95,,scattered clouds,15.77C,72%
2024-07-28 17:22,14.2 км,"ул. Аграрная, 67","ул. Проезжая, 173",95,95,114,199,300,95,,scattered clouds,15.77C,72%
2024-07-28 17:33,4.8 км,"ул. Стачек, 36Б","ул. Блюхера, 16",105,105,114,199,300,105,,scattered clouds,16.77C,63%
2024-07-28 17:45,4.3 км,"ул. Корепина, 36","ул. Кировградская, 71",95,95,114,199,300,95,,scattered clouds,16.77C,63%
2024-07-28 17:56,6.2 км,"ул. Бакинских комиссаров, 60","ул. Луначарского, 51",95,95,114,199,300,95,,,,
2024-07-28 18:07,2.3 км,"ул. Татищева, 16","ул. Викулова, 63 корпус 5",149,149,177,199,338,149,,scattered clouds,15.77C,72%
2024-07-28 18:18,12.9 км,"ул. Луначарского, 17","ул. Бисертская, 4г",95,95,141,199,300,95,,scattered clouds,15.77C,72%
2024-07-28 18:29,5.2 км,"ул. Избирателей, 9","Парковый пер., 39 корпус 4",149,149,151,199,300,149,,scattered clouds,15.77C,72%
2024-07-28 18:41,2.8 км,"ул. Луганская, 21","ул. Походная, 66",113,113,151,199,300,113,,,,
2024-07-28 18:52,7.2 км,"ул. Белореченская, 17 корпус 1","ул. Блюхера, 71 корпус 3",95,95,141,199,338,95,,,,
2024-07-28 19:03,14.6 км,"ул. Аптекарская, 35","ул. Победы, 12",113,113,114,199,300,113,,scattered clouds,15.77C,67%
2024-07-28 19:14,14.0 км,"ул. Шефская, 91 корпус 5","ул. Рощинская, 26",95,95,151,199,300,95,,scattered clouds,15.77C,67%
2024-07-28 19:25,7.9 км,"ул. Ясная, 32 корпус 4","ул. Панельная, 17/1",105,105,114,199,300,105,,,,
2024-07-28 19:37,4.0 км,"ул. Уральских рабочих, 52а","ул. Пехотинцев, 21",105,105,114,199,300,105,,broken clouds,14.77C,77%
2024-07-28 19:48,12.2 км,"пр-кт Академика Сахарова, 91","ул. Сыромолотова, 11в",105,105,114,199,300,105,,broken clouds,14.77C,77%
2024-07-28 19:59,5.8 км,"ул. Надеждинская, 25","ул. Июльская, 44",95,95,114,199,300,95,,broken clouds,14.77C,77%
2024-07-28 20:10,16.1 км,"ул. Культуры, 12","ул. Славянская, 46",141,141,114,199,300,141,,broken clouds,14.77C,77%
2024-07-28 20:22,7.5 км,"ул. Коммунистическая, 4","ул. Студенческая, 27",95,95,114,199,300,95,,,,
2024-07-28 20:35,2.3 км,"ул. Советская, 14","ул. Педагогическая, 15",95,95,114,199,300,95,,,,
2024-07-28 20:48,3.4 км,"ул. Готвальда, 6 корпус 3","ул. Бажова, 76",177,177,125,199,300,177,,broken clouds,14.77C,77%
2024-07-28 20:59,10.2 км,"ул. Владимира Высоцкого, 34","ул. Техническая, 47а",185,185,114,199,300,185,,broken clouds,13.77C,82%
2024-07-28 21:11,3.1 км,"ул. Московская, 209","ул. Сони Морозовой, 188",159,159,141,199,300,159,,,,
2024-07-28 21:22,5.8 км,"ул. Восточная, 46","ул. Уральских рабочих, 33",213,213,114,199,300,213,,,,
2024-07-28 21:33,6.3 км,"ул. Краснофлотцев, 30","ул. Малышева, 84",95,95,114,199,300,95,,broken clouds,13.77C,82%
2024-07-28 21:45,11.5 км,"ул. 8 Марта, 181 корпус 2","ул. Шефская, 87 корпус 3",105,105,114,199,300,105,,broken clouds,13.77C,82%
2024-07-28 21:56,257.7 м,"ул. Саввы Белых, 11","Бригадиров пер., 29",221,221,114,199,300,221,,scattered clouds,12.77C,88%
2024-07-30 09:27,835.0 м,"ул. Шарташская, 3","ул. Тобольская, 76б корпус 1",95,95,114,199,300,95,,,,
2024-07-30 09:40,12.8 км,"ул. Минометчиков, 40","ш. Елизаветинское, 24",338,338,177,199,300,338,,scattered clouds,15.77C,88%
2024-07-30 09:51,928.1 м,"ул. Лодыгина, 8","ул. Педагогическая, 21",131,131,114,199,300,131,,broken clouds,15.77C,88%
2024-07-30 10:01,4.2 км,"ул. Викулова, 37 корпус 1","ул. Техническая, 42а",95,95,114,199,300,95,,,,
2024-07-30 10:14,6.8 км,"ул. Расточная, 17 корпус 2","ул. Хохрякова, 18",257,257,343,199,300,257,,,,
2024-07-30 10:27,2.5 км,"ул. Ломоносова, 153","Замятина пер., 24",105,105,238,199,300,105,,,,
2024-07-30 10:38,7.4 км,"Рижский пер., 10а","ул. МОПРа, 11",141,141,193,199,300,141,,,,
2024-07-30 10:51,7.7 км,"ул. Фабричная, 13","ул. Победы, 5",213,213,114,199,300,213,,scattered clouds,17.77C,77%
2024-07-30 11:02,6.9 км,"ул. Кварцевая, 8","ул. Комсомольская, 57-б",123,123,114,199,300,123,,scattered clouds,17.77C,77%
2024-07-30 11:12,1.1 км,"ул. Гоголя, 15","ул. Бажова, 161",95,95,114,199,300,95,,,,
2024-07-30 11:23,9.2 км,"пр-кт Космонавтов, 45б","ул. Посадская, 29",95,95,167,199,300,95,,scattered clouds,18.77C,77%
2024-07-30 11:34,6.3 км,"ул. Луначарского, 210Б","ул. Палисадная, 2",95,95,114,199,300,95,,,,
2024-07-30 11:45,8.0 км,"ул. Краснолесья, 54","ул. Восточная, 80а",141,141,114,199,414,141,,scattered clouds,18.77C,77%
2024-07-30 11:56,7.8 км,"ул. Шейнкмана, 104","ул. Корепина, 27а",105,105,114,199,300,105,,,,
2024-07-30 12:06,11.8 км,"ул. Черкасская, 24","пр-кт Космонавтов, 87",95,95,114,199,300,95,,scattered clouds,18.77C,72%
2024-07-30 12:17,5.2 км,"ул. Кварцевая, 6","ул. Посадская, 46 корпус 2",131,131,114,199,300,131,,scattered clouds,18.77C,72%
2024-07-30 12:28,4.0 км,"ул. Викулова, 37 корпус 1","ул. Очеретина, 7",141,141,114,199,300,141,,,,
2024-07-30 12:41,12.8 км,"ул. Павлодарская, 52","ул. Войкова, 80",167,167,114,199,300,167,,scattered clouds,18.77C,72%
2024-07-30 12:52,12.5 км,"ул. Кварцевая, 8","ул. Таежная, 8",131,131,193,199,300,131,,scattered clouds,20.77C,60%
2024-07-30 13:02,10.2 км,"ул. Горького, 51","ул. Бисертская, 6в",95,95,114,199,300,95,,,,
2024-07-30 13:13,17.1 км,"ул. Старых Большевиков, 50","ул. Бисертская, 16 корпус 5",123,123,230,199,300,123,,scattered clouds,20.77C,60%
2024-07-30 13:24,3.0 км,"ул. Папанина, 3","Трамвайный пер., 2/2",123,123,125,199,300,123,,,,
2024-07-30 13:35,5.1 км,"ул. Маршала Жукова, 14","Суворовский пер., 15",123,123,141,199,300,123,,light rain,21.77C,56%
2024-07-30 13:45,8.3 км,"ул. Начдива Онуфриева, 32 корпус 1","Парковый пер., 6б",195,195,167,199,300,195,,,,
2024-07-30 13:56,8.0 км,"ул. Технологическая, 5","ул. Амундсена, 68",203,203,114,199,300,203,,,,
2024-07-30 14:09,9.9 км,"ул. Щорса, 92а корпус 7","ул. Кунарская, 31",105,105,114,199,300,105,,,,
2024-07-30 14:20,3.7 км,"ул. Донбасская, 24","ул. Расточная, 15 корпус 6",149,149,114,199,300,149,,light rain,19.77C,64%
2024-07-30 14:31,12.3 км,"ул. Начдива Онуфриева, 36","ул. Лобкова, 74а",159,159,125,199,300,159,,light rain,19.77C,64%
2024-07-30 14:41,1.9 км,"ул. Малышева, 114","ул. Большакова, 17 Строение В",123,123,114,199,300,123,,,,
2024-07-30 14:52,8.1 км,"ул. Сыромолотова, 7","ул. Заводская, 46а",123,123,141,199,300,123,,,,
2024-07-30 15:03,15.5 км,"ул. Амбулаторная, 10","ул. Сулимова, 39",105,105,114,199,300,105,,light rain,20.77C,60%
2024-07-30 15:14,10.5 км,"ул. Студенческая, 82","Московский тракт 9 км., 1",123,123,114,199,300,123,,light rain,20.77C,60%
2024-07-30 15:24,12.5 км,"ул. Профсоюзная, 51","ул. Викулова, 44 корпус 3",113,113,114,199,300,113,,,,
2024-07-30 15:35,5.3 км,"ул. Автомагистральная, 11","ул. Малышева, 104",167,167,114,199,300,167,,,,
2024-07-30 15:46,1.8 км,"ул. Луганская, 6","ул. Щорса, 92а корпус 2",95,95,141,199,300,95,,light rain,22.77C,53%
2024-07-30 15:57,6.1 км,"ул. Фролова, 19 корпус 1","ул. Ангарская, 40",123,123,114,199,300,123,,light rain,22.77C,53%
2024-07-30 16:08,1.8 км,"ул. Комсомольская, 6а","ул. Солнечная, 41",131,131,114,199,300,131,,,,
2024-07-30 16:20,10.3 км,"ул. Московская, 26а","пр-кт Космонавтов, 91",113,113,114,199,300,113,,,,
2024-07-30 16:31,2.0 км,"ул. 8 Марта, 78а","ул. Московская, 47",113,113,114,199,300,113,,light rain,22.77C,56%
2024-07-30 16:42,1.6 км,"пр-кт Космонавтов, 91","ул. Черноярская, 10а",141,141,141,199,300,141,,light rain,22.77C,56%
2024-07-30 16:53,8.2 км,"ул. Электриков, 15","ул. Белинского, 157",177,177,177,199,300,177,,light rain,22.77C,53%
2024-07-30 17:04,21.2 км,"Горнистов проезд, 13а","ул. Ярославская, 33",105,105,114,199,300,105,,light rain,22.77C,53%
2024-07-30 17:14,25.8 км,"ул. Кировградская, 63","ул. Алая, 3",105,105,167,199,300,105,,light rain,22.77C,53%
2024-07-30 17:25,9.0 км,"ул. Далекая, 28","ул. Испанских Рабочих, 26",159,159,114,199,300,159,,light rain,21.77C,60%
2024-07-30 17:36,6.9 км,"ул. Окраинная, 35","ул. Профсоюзная, 61",185,185,114,199,300,185,,light rain,21.77C,60%
2024-07-30 17:47,17.0 км,"пр-кт Космонавтов, 101-б","ул. Ферганская, 14",159,159,353,199,300,159,,,,
2024-07-30 17:57,2.5 км,"ул. Черкасская, 30а","ул. Попова, 33а",221,221,114,199,300,221,,,,
2024-07-30 18:08,9.7 км,"ул. Бажова, 37","ул. Варшавская, 20",185,185,141,199,300,185,,light rain,21.77C,56%
2024-07-30 18:19,8.7 км,"ул. Юмашева, 13","ул. Санаторная, 11",284,284,193,263,338,284,,light rain,21.77C,60%
2024-07-30 18:30,4.9 км,"ул. Папанина, 9","ул. Донбасская, 20",292,292,193,199,414,292,,light rain,21.77C,60%
2024-07-30 18:41,9.6 км,"ул. Бебеля, 134","ул. Симферопольская, 38а",239,239,193,199,300,239,,clear sky,21.77C,60%
2024-07-30 18:51,8.7 км,"ул. Степана Разина, 28","пр-кт Космонавтов, 27",239,239,167,199,338,239,,clear sky,22.77C,56%
2024-07-30 19:02,1.0 км,"ул. Посадская, 30 корпус 1","ул. Шейнкмана, 124",249,249,114,199,376,249,,clear sky,22.77C,56%
2024-07-30 19:13,6.5 км,"Асбестовский пер., 3","ул. Шефская, 93 корпус 2",167,167,114,199,300,167,,clear sky,22.77C,56%
2024-07-30 19:24,8.1 км,"ул. Вилонова, 22","ул. Родонитовая, 9",141,141,151,199,300,141,,,,
2024-07-30 19:34,9.3 км,"ул. Новаторов, 14","ул. Крауля, 80 корпус 3",123,123,167,199,300,123,,,,
2024-07-30 19:47,10.9 км,"ул. Московская, 52","ул. Тружеников, 2 Литер А",177,177,114,199,300,177,,,,
2024-07-30 19:58,11.6 км,"пр-кт Академика Сахарова, 53","ул. Новгородцевой, 37 корпус 2",149,149,114,199,300,149,,scattered clouds,20.77C,68%
2024-07-30 20:09,3.5 км,"ул. Начдива Онуфриева, 24 корпус 3","ул. Московская, 48",113,113,125,199,300,113,,,,
2024-07-30 20:22,2.5 км,"ул. Папанина, 7 корпус 2","ул. Подгорная, 2",159,159,141,199,300,159,,,,
2024-07-30 20:33,7.2 км,"ул. Социалистическая, 1","ул. Большой Конный п-ов, 12",95,95,114,199,300,95,,scattered clouds,19.77C,73%
2024-07-30 20:43,11.5 км,"ул. Селькоровская, 8","ул. Конотопская, 2А",105,105,114,199,300,105,,,,
2024-07-30 20:56,12.7 км,"ул. Спутников, 4","ул. Санаторная, 11а",95,95,114,199,300,95,,scattered clouds,19.77C,77%
2024-07-30 21:07,9.3 км,"ул. Минометчиков, 56","ул. Степана Разина, 107а корпус 2",105,105,114,199,300,105,,,,
2024-07-30 21:18,16.6 км,"ул. Войкова, 88","ул. Альпинистов, 8",113,113,114,199,300,113,,scattered clouds,19.77C,77%
2024-07-30 21:29,10.5 км,"ул. Отто Шмидта, 76","Замятина пер., 45а",167,167,125,199,300,167,,scattered clouds,18.77C,77%
2024-07-30 21:39,9.6 км,"ул. Тверитина, 40","ул. Техническая, 144",310,310,114,199,300,310,,scattered clouds,18.77C,77%
2024-07-30 21:50,6.3 км,"ул. Ботаническая, 19","ул. Крауля, 61 корпус 2",123,123,114,199,300,123,,scattered clouds,17.77C,88%
2024-07-30 22:01,7.9 км,"ул. Счастливая, 4","ул. Ясная, 22г",95,95,114,199,300,95,,,,
2024-07-30 22:14,18.9 км,"ул. Инженерная, 7","ул. Победы, 94",95,95,114,199,300,95,,scattered clouds,17.77C,88%
2024-07-30 22:25,13.1 км,"ул. Шефская, 12а","ул. Сухоложская, 10",131,131,151,199,300,131,,clear sky,17.77C,88%
2024-07-30 22:35,4.1 км,"ул. Малышева, 60","ул. Чердынская, 22",338,338,114,199,338,338,,,,
2024-07-30 22:48,13.6 км,"ст. Аппаратная, 8","ул. Бородина, 13",131,131,151,199,300,131,,clear sky,17.77C,88%
2024-07-30 22:59,12.1 км,"ул. Татищева, 6","ул. Мурзинская, Строение 26",274,274,141,199,300,274,,clear sky,17.77C,88%
2024-07-30 23:10,2.1 км,"ул. Садовая, 5","ул. Азина, 23",239,239,114,199,376,239,,,,
2024-07-30 23:23,5.5 км,"ул. Мурзинская, 28А","ул. Войкова, 78",113,113,114,199,300,113,,clear sky,17.77C,88%
2024-07-30 23:34,18.1 км,"ул. Испытателей, 14","ул. Подгорная, 6",105,105,114,199,300,105,,clear sky,17.77C,88%
2024-07-30 23:44,3.5 км,"ул. Патриотов, 6 корпус 1","ул. Грибоедова, 17",105,105,141,199,300,105,,,,
2024-07-30 23:55,3.6 км,"ул. Шаумяна, 104","ул. Белинского, 54",113,113,151,199,300,113,,,,
2024-07-31 00:06,12.1 км,"ул. Белинского, 226 корпус 5","ул. Спутников, 16",177,177,114,199,300,177,,clear sky,16.77C,94%
2024-07-31 00:17,2.9 км,"ул. Куйбышева, 6","ул. Ткачей, 19/2",185,185,167,199,300,185,,clear sky,16.77C,94%
2024-07-31 00:28,3.2 км,"ул. Красноармейская, 66","Бригадиров пер., 29",249,249,151,199,300,249,,clear sky,16.77C,88%
2024-07-31 00:38,7.7 км,"ул. Академика Бардина, 23","ул. Советская, 52",123,123,114,199,300,123,,,,
2024-07-31 00:51,19.6 км,"ул. Лобкова, 40","ул. Бахчиванджи, 21",105,105,114,199,300,105,,,,
2024-07-31 01:02,5.6 км,"ул. Дорожная, 15","ул. Гурзуфская, 23",95,95,114,199,300,95,,scattered clouds,16.77C,94%
2024-07-31 01:13,8.2 км,"ул. Профсоюзная, 24","ул. Щорса, 112",203,203,125,199,300,203,,scattered clouds,16.77C,94%
2024-07-31 01:24,2.5 км,"ул. Блюхера, 21","ул. Восточная, 164",167,167,114,199,300,167,,,,
2024-07-31 01:34,8.7 км,"ул. Вилонова, 86 корпус 1","ул. Павлодарская, 15",95,95,114,199,300,95,,,,
2024-07-31 01:45,15.4 км,"ул. Селькоровская, 66","ул. Даниловская, 2в",113,113,125,199,300,113,,scattered clouds,16.77C,94%
2024-07-31 01:56,7.4 км,"пр-кт Орджоникидзе, 16","ул. Куйбышева, 105",95,95,114,199,300,95,,,,
2024-07-31 02:07,5.4 км,"ул. Машиностроителей, 67а","Асбестовский пер., 7",95,95,151,199,300,95,,,,
2024-07-31 02:18,5.3 км,"ул. Дорожная, 17","ул. Белореченская, 11",131,131,167,199,300,131,,scattered clouds,16.77C,94%
2024-07-31 02:28,3.7 км,"ул. Солнечная, 31а","Верх-Исетский б-р, 25",221,221,238,199,300,221,,scattered clouds,16.77C,94%
2024-07-31 02:39,13.7 км,"ул. Коуровская, 11","ул. Патриотов, 10",95,95,114,199,300,95,,,,
2024-07-31 02:50,7.8 км,"ул. Хрустальногорская, 84","ул. Агрономическая, 74",95,95,125,199,300,95,,scattered clouds,16.77C,94%
2024-07-31 03:01,11.0 км,"ул. Попова, 3","ул. Славянская, 42",445,445,125,199,338,445,,,,
2024-07-31 03:11,6.1 км,"ул. Энгельса, 17","ул. Баумана, 6",167,167,125,199,300,167,,,,
2024-07-31 03:22,10.3 км,"ул. Начдива Онуфриева, 24 корпус 4","ул. Калинина, 3",113,113,114,199,300,113,,,,
2024-07-31 03:35,8.2 км,"ул. Фролова, 19 корпус 2","ул. Лобкова, 32",131,131,114,199,300,131,,scattered clouds,16.77C,94%
2024-07-31 03:46,3.0 км,"ул. Народного фронта, 62","ул. Тюльпановая, 7",185,185,114,199,300,185,,,,
2024-07-31 03:59,10.3 км,"Бригадиров пер., 29","ул. Красных командиров, 17",123,123,125,199,300,123,,,,
2024-07-31 04:10,13.0 км,"ул. Малышева, 1","ул. Латвийская, 18",113,113,114,199,300,113,,scattered clouds,16.77C,94%
2024-07-31 04:20,9.8 км,"ул. Белоярская, 27","ул. Кулибина, 1А",95,95,114,199,300,95,,,,
2024-07-31 04:33,11.5 км,"ул. Раевского, 16","ул. Вильгельма де Геннина, 32",123,123,114,199,300,123,,,,
2024-07-31 04:44,7.9 км,"ул. Евгения Савкова, 35","ул. Сакко и Ванцетти, 57а",105,105,193,199,300,105,,scattered clouds,15.77C,100%
2024-07-31 04:55,5.9 км,"ул. Прониной, 32","ул. Волгоградская, 88",95,95,114,199,300,95,,scattered clouds,16.77C,94%
2024-07-31 05:06,6.1 км,"ул. Современников, 4","ул. Добролюбова, 2",95,95,114,199,300,95,,,,
2024-07-31 05:19,8.9 км,"ул. Ломоносова, 34","Университетский пер., 11",312,312,114,199,300,312,,,,
2024-07-31 05:32,16.7 км,"ул. 40-летия Октября, 17","ул. Профсоюзная, 18",95,95,141,199,300,95,,broken clouds,15.77C,100%
2024-07-31 05:42,11.4 км,"Телефонный пер., 31","ул. Академика Бардина, 7 корпус 3",302,302,114,199,300,302,,broken clouds,15.77C,100%
2024-07-31 05:53,3.6 км,"ул. Ереванская, 33","ул. Краснофлотцев, 8",105,105,114,199,300,105,,broken clouds,15.77C,100%
2024-07-31 06:04,9.6 км,"ул. Металлургов, 10","ул. Севастопольская, 2",95,95,114,199,300,95,,broken clouds,15.77C,100%
2024-07-31 06:15,3.7 км,"ул. Машинная, 11","ул. Комсомольская, 57",113,113,141,199,300,113,,,,
2024-07-31 06:28,7.5 км,"ул. Белинского, 35","ул. 40-летия Октября, 60",95,95,114,199,300,95,,,,
2024-07-31 06:41,6.4 км,"ул. Автомагистральная, 13","ул. Сурикова, 7",141,141,114,199,300,141,,,,
2024-07-31 06:54,5.8 км,"ул. Посадская, 56 корпус 1","ул. Щербакова, 47",141,141,114,199,300,141,,,,
2024-07-31 07:07,6.6 км,"ул. Московская, 80а","ул. Мостовая, 53а",149,149,125,199,300,149,,scattered clouds,16.77C,100%
2024-07-31 07:17,8.9 км,"ул. Гагарина, 3а","ул. Кунарская, 49",310,310,114,199,338,310,,scattered clouds,16.77C,100%
2024-07-31 07:28,9.4 км,"ул. Культуры, 30а","ул. Панельная, 13",113,113,114,199,300,113,,,,
2024-07-31 07:41,17.1 км,"Симбирский пер., 5","Запорожский пер., 8",366,366,125,199,300,366,,scattered clouds,17.77C,94%
2024-07-31 07:52,12.0 км,"Обходной пер., 35","ул. Ирбитская, 68",141,141,114,199,300,141,,,,
2024-07-31 08:03,5.9 км,"ул. Июльская, 39 корпус 2","ул. Белинского, 188",113,113,114,199,300,113,,,,
2024-07-31 08:13,4.5 км,"ул. Юмашева, 16","ул. Восточная, 174",123,123,204,199,300,123,,few clouds,18.77C,88%
2024-07-31 08:24,18.5 км,"ул. Авиаторов, 10","ул. Викулова, 28",95,95,114,199,300,95,,clear sky,18.77C,88%
2024-07-31 08:35,3.4 км,"Решетникова проезд, 2","ул. Белинского, 218 корпус 1",231,231,204,199,300,231,,,,
2024-07-31 08:48,16.7 км,"ул. Бакинских комиссаров, 15","Энергетиков пер., 8",141,141,151,199,300,141,,scattered clouds,18.77C,88%
2024-07-31 08:59,6.8 км,"ул. Крауля, 52","ул. Красных партизан, 6",95,95,114,199,300,95,,scattered clouds,18.77C,88%
2024-07-31 09:10,6.1 км,"Буторина пер., 7","ул. Академика Бардина, 5 корпус 1",95,95,114,199,300,95,,,,
2024-07-31 09:22,16.0 км,"ул. Бахчиванджи, 71","Решетникова проезд, 2",95,95,114,199,300,95,,broken clouds,18.77C,88%
2024-07-31 09:33,7.6 км,"ул. Бережная, 2","ул. Уральских рабочих, 49",131,131,141,199,300,131,,broken clouds,18.77C,88%
2024-07-31 09:44,7.3 км,"ул. Зои Космодемьянской, 41","ул. Белинского, 165в",95,95,114,199,300,95,,broken clouds,18.77C,88%
2024-07-31 09:55,2.1 км,"ул. Маршала Жукова, 9","ул. Пальмиро Тольятти, 15",95,95,114,199,300,95,,,,
2024-07-31 10:08,4.4 км,"ул. 22 Партсъезда, 7","ул. Билимбаевская, 34 корпус 1",149,149,141,199,300,149,,,,
2024-07-31 10:21,15.3 км,"ул. Донская, 20","ул. Патриса Лумумбы, 58",203,203,167,199,300,203,,broken clouds,18.77C,88%
2024-07-31 10:32,18.8 км,"Утренний пер., 5","ул. Шефская, 26а",95,95,114,199,300,95,,broken clouds,18.77C,88%
2024-07-31 10:42,6.0 км,"Короткий пер., 11а","ул. Бажова, 134",159,159,114,199,300,159,,,,
2024-07-31 10:53,1.4 км,"ул. Шевченко, 8","ул. Уральская, 52 корпус 1",95,95,114,199,300,95,,scattered clouds,19.77C,88%
2024-07-31 11:04,3.5 км,"ул. Серафимы Дерябиной, 11","ул. Толмачева, 25",95,95,114,199,300,95,,,,
2024-07-31 11:17,5.4 км,"ул. Владимира Высоцкого, 28","ул. Фурманова, 48",159,159,114,199,300,159,,scattered clouds,19.77C,88%
2024-07-31 11:28,4.8 км,"ул. Уральская, 48","ул. Шефская, 87 корпус 3",95,95,114,199,300,95,,,,
2024-07-31 11:38,5.8 км,"ул. Декабристов, 45","ул. Уральских коммунаров, 53",95,95,114,199,300,95,,scattered clouds,19.77C,88%
2024-07-31 11:49,4.2 км,"ул. Солнечная, 31","ул. Фурманова, 48",105,105,114,199,300,105,,scattered clouds,19.77C,88%
2024-07-31 12:00,10.1 км,"ул. Хрустальная, 35","Клубный пер., 3",113,113,114,199,300,113,,scattered clouds,19.77C,88%
2024-07-31 12:11,7.8 км,"ул. Бебеля, 166","ул. Академика Бардина, 30",105,105,151,199,300,105,,scattered clouds,19.77C,88%
2024-07-31 12:22,10.4 км,"ул. Онежская, 5","ул. Старых Большевиков, 29",95,95,114,199,300,95,,scattered clouds,21.77C,78%
2024-07-31 12:32,4.2 км,"ул. Антона Валека, 12","ул. Малышева, 150",105,105,114,199,300,105,,,,
2024-07-31 12:43,6.9 км,"ул. Мичурина, 59","ул. Уральских рабочих, 52",105,105,114,199,300,105,,,,
2024-07-31 12:54,7.6 км,"ул. Комсомольская, 72","Теплоходный проезд, 5",123,123,125,199,300,123,,scattered clouds,22.77C,73%
2024-07-31 13:05,8.5 км,"Буторина пер., 8","ул. Кутузова, 102",95,95,114,199,300,95,,,,
2024-07-31 13:18,12.9 км,"ул. Стрелочников, 33 корпус 2","ул. Торговая, 14",131,131,114,199,300,131,,,,
2024-07-31 13:31,6.3 км,"ул. Белоярская, 20","ул. Грибоедова, 20а",123,123,114,199,300,123,,scattered clouds,22.77C,68%
2024-07-31 13:41,16.5 км,"ул. Победы, 18","ул. Дагестанская, 34",113,113,114,199,300,113,,scattered clouds,22.77C,68%
2024-07-31 13:52,10.5 км,"ул. Красноуральская, 27 корпус 1","ул. МОПРа, 11",131,131,114,199,300,131,,scattered clouds,22.77C,73%
2024-07-31 14:03,4.3 км,"ул. Мичурина, 56","ул. Токарей, 44 корпус 1",95,95,114,199,300,95,,,,
2024-07-31 14:14,23.9 км,"ул. Кунарская, 51","ул. Бахчиванджи, 21",113,113,230,199,300,113,,,,
2024-07-31 14:25,9.8 км,"ул. Калинина, 69","ул. 8 Марта, 128",159,159,114,199,300,159,,,,
2024-07-31 14:35,2.5 км,"ул. 40-летия Комсомола, 18а","ул. Вишневая, 53",231,231,301,199,300,231,,light rain,23.77C,64%
2024-07-31 14:46,9.5 км,"ул. Ильича, 28","ул. Щорса, 39",95,95,114,199,300,95,,,,
2024-07-31 14:59,8.0 км,"ул. Фрунзе, 18","ул. Техническая, 47а",95,95,114,199,300,95,,,,
2024-07-31 15:10,7.7 км,"ул. Черноярская, 28а","ул. Первомайская, 59",105,105,114,199,300,105,,light rain,23.77C,60%
2024-07-31 15:21,8.4 км,"ул. Латвийская, 38","ул. Мира, 47/2",149,149,114,199,300,149,,light rain,23.77C,64%
2024-07-31 15:32,6.0 км,"ул. Симферопольская, 39","ул. Хрустальногорская, 85",113,113,114,199,300,113,,light rain,23.77C,64%
2024-07-31 15:42,13.8 км,"ул. Косарева, 11","ул. Стрелочников, 4",159,159,114,199,300,159,,light rain,23.77C,64%
2024-07-31 15:53,9.4 км,"ул. Чайковского, 79","ул. Техническая, 58",105,105,114,199,300,105,,light rain,23.77C,60%
2024-07-31 16:04,6.8 км,"ул. Инженерная, 50","ул. Агрономическая, 4Б",159,159,114,199,300,159,,,,
2024-07-31 16:15,2.0 км,"ул. Генеральская, 6","Парковый пер., 10а",131,131,114,199,300,131,,light rain,23.77C,60%
2024-07-31 16:26,13.7 км,"ул. Черняховского, 29","ул. Бебеля, 114",149,149,114,199,300,149,,light rain,23.77C,60%
2024-07-31 16:36,6.6 км,"ул. Краснолесья, 28","ул. Красноармейская, 80",95,95,114,199,300,95,,,,
2024-07-31 16:47,6.8 км,"ул. Попова, 33а","ул. Симферопольская, 27",167,167,114,199,300,167,,,,
2024-07-31 16:58,3.5 км,"Шаронова пер., 31","ул. Сакко и Ванцетти, 58",149,149,141,199,300,149,,light rain,23.77C,60%
2024-07-31 17:09,5.4 км,"ул. Донбасская, 35","ул. Уральская, 68 корпус 2",149,149,114,199,300,149,,light rain,23.77C,60%
2024-07-31 17:20,4.4 км,"ул. Московская, 229","Рабочей молодежи наб., 49",123,123,114,199,338,123,,,,
2024-07-31 17:30,11.0 км,"ул. Павла Шаманова, 22","Сиреневый б-р, 16",177,177,114,199,300,177,,light rain,22.77C,68%
2024-07-31 17:41,1.6 км,"ул. Шефская, 17","ул. Победы, 15",141,141,151,263,376,141,,scattered clouds,22.77C,68%
2024-07-31 17:52,3.7 км,"ул. Белинского, 141а","ул. Чкалова, 135",167,167,114,199,300,167,,scattered clouds,21.77C,78%
2024-07-31 18:03,6.7 км,"ул. Уральская, 74","ул. Бакинских комиссаров, 109",257,257,114,199,300,257,,,,
2024-07-31 18:16,5.7 км,"ул. Старых Большевиков, 16","ул. Малышева, 109а",177,177,114,199,300,177,,light intensity shower rain,20.77C,83%
2024-07-31 18:26,4.8 км,"ул. Ангарская, 54","ул. Уральских рабочих, 61",123,123,177,199,338,123,,light intensity shower rain,20.77C,83%
2024-07-31 18:37,4.0 км,"ул. Стрелочников, 3","ул. Викулова, 46",167,167,114,199,300,167,,light intensity shower rain,20.77C,83%
2024-07-31 18:48,13.6 км,"пр-кт Седова, 57","ул. Рощинская, 37",95,95,114,199,300,95,,,,
2024-07-31 19:01,6.3 км,"ул. Новаторов, 14","ул. Пионеров, 12 корпус 1",239,239,327,199,300,239,,light intensity shower rain,20.77C,83%
2024-07-31 19:12,1.8 км,"ул. Восточная, 72","Ученический пер., 4а",167,167,141,199,300,167,,,,
2024-07-31 19:25,8.7 км,"ул. Таганская, 9а","ул. Луначарского, 225",105,105,114,199,300,105,,light rain,19.77C,94%
2024-07-31 19:36,1.8 км,"ул. Ильича, 44","ул. Краснофлотцев, 25",131,131,114,199,300,131,,,,
2024-07-31 19:49,8.2 км,"ул. Луначарского, 21а","ул. Военная, 7",95,95,114,199,300,95,,light rain,19.77C,94%
2024-07-31 19:59,5.3 км,"ул. Серафимы Дерябиной, 33","ул. Агрономическая, 29А",95,95,114,199,300,95,,,,
2024-07-31 20:12,12.8 км,"ул. Избирателей, 9","ул. Самолетная, 27",95,95,114,199,300,95,,light rain,19.77C,88%
2024-07-31 20:23,5.1 км,"пр-кт Седова, 53","ул. Азина, 45",95,95,114,199,300,95,,light rain,19.77C,88%
2024-07-31 20:34,5.7 км,"ул. Щербакова, 74","ул. Академика Бардина, 49",95,95,114,199,300,95,,,,
2024-07-31 20:47,10.0 км,"Ученический пер., 4","ул. Вильгельма де Геннина, 31",113,113,114,199,300,113,,light rain,18.77C,88%
2024-07-31 20:58,6.3 км,"ул. Агрономическая, 4Б","ул. Библиотечная, 27",105,105,114,199,300,105,,light rain,18.77C,88%
2024-07-31 21:08,21.1 км,"Сосновый пер., 16","ул. Ракетная, 18",123,123,125,199,300,123,,light rain,18.77C,88%
2024-07-31 21:19,9.1 км,"Курьинский пер., 3","ул. Агрономическая, 59",123,123,114,199,300,123,,,,
2024-07-31 21:32,10.1 км,"ул. Сажинская, 4","ул. Радищева, 24",95,95,114,199,300,95,,,,
2024-07-31 21:45,7.3 км,"пр-кт Орджоникидзе, 25","ул. Токарей, 40",105,105,114,199,300,105,,light rain,16.77C,100%
2024-07-31 21:56,7.2 км,"ул. Вишневая, 49","ул. Энтузиастов, 35",167,167,151,199,300,167,,,,
2024-07-31 22:09,5.9 км,"ул. 8 Марта, 110","ул. Павла Шаманова, 12",185,185,177,199,300,185,,,,
2024-07-31 22:22,2.4 км,"ул. Циолковского, 80","Сибирский тракт 9 км., 103",177,177,114,199,300,177,,light rain,17.77C,94%
2024-07-31 22:33,11.3 км,"Самоцветный б-р, 5","ул. Кировградская, 21",167,167,114,199,300,167,,,,
2024-07-31 22:44,4.4 км,"ул. Ломоносова, 19","ул. Таватуйская, 1",141,141,114,199,300,141,,,,
2024-07-31 22:54,9.3 км,"ул. Победы, 32","ул. Панельная, 17 корпус 2",113,113,114,199,300,113,,light rain,16.77C,100%
2024-07-31 23:05,6.8 км,"пр-кт Ленина, 69 корпус 4","ул. Ильича, 71д",185,185,114,199,300,185,,light rain,16.77C,100%
2024-07-31 23:16,7.6 км,"ул. Мраморская, 38","ул. Кулибина, 1А",167,167,114,199,300,167,,,,
2024-07-31 23:27,1.9 км,"ул. Уральская, 58 корпус 2","пр-кт Ленина, 52 корпус 2",249,249,114,199,300,249,,light rain,16.77C,100%
2024-07-31 23:38,19.0 км,"ул. Радищева, 63","ст. Исток, 9",123,123,114,199,300,123,,,,
2024-07-31 23:48,5.8 км,"ул. Начдива Онуфриева, 10","ул. Машинистов, 3",95,95,114,199,300,95,,clear sky,16.77C,100%
2024-07-31 23:59,8.6 км,"ул. Очеретина, 12","ул. Артинская, 28",95,95,114,199,300,95,,,,
2024-08-01 00:12,7.1 км,"ул. Вайнера, 70","ул. Бабушкина, 22",249,249,114,199,376,249,,clear sky,16.77C,100%
2024-08-01 00:23,4.7 км,"ул. Донбасская, 16","ул. Василия Еремина, 3",95,95,114,199,300,95,,,,
2024-08-01 00:36,7.0 км,"ул. Прониной, 28","ул. Мичурина, 98",131,131,114,199,300,131,,clear sky,16.77C,94%
2024-08-01 00:47,10.0 км,"ул. Славянская, 56","ул. Пальмиро Тольятти, 15Д",95,95,114,199,300,95,,clear sky,16.77C,94%
2024-08-01 00:58,13.1 км,"ул. Завокзальная, 4","ул. Чемпионов, 3",113,113,114,199,300,113,,clear sky,16.77C,94%
2024-08-01 01:08,9.0 км,"ул. Сыромолотова, 13","ул. Донбасская, 28",113,113,125,199,300,113,,clear sky,16.77C,94%
2024-08-01 01:19,1.6 км,"ул. Шевченко, 31","пр-кт Ленина, Строение 68",159,159,114,199,300,159,,clear sky,15.77C,100%
2024-08-01 01:30,840.0 м,"ул. Саввы Белых, 26","ул. Цвиллинга, Строение 53",123,123,114,199,300,123,,clear sky,15.77C,100%
2024-08-01 01:41,4.2 км,"ул. Советская, 52","ул. Ереванская, 67",131,131,114,199,300,131,,,,
2024-08-01 01:54,5.1 км,"ул. Малышева, 156","ул. Московская, 50",105,105,114,199,338,105,,clear sky,16.77C,94%
2024-08-01 02:05,4.4 км,"ул. Мамина-Сибиряка, 2","ул. Баумана, 31а",105,105,114,199,300,105,,,,
2024-08-01 02:18,11.6 км,"ул. Евгения Савкова, 7","ул. Академическая, 23",95,95,114,199,300,95,,,,
2024-08-01 02:28,7.8 км,"ул. Расточная, 29","ул. Московская, 76а",95,95,114,199,300,95,,clear sky,16.77C,94%
2024-08-01 02:39,3.6 км,"ул. Восточная, Строение 31а","ул. Пальмиро Тольятти, 16",123,123,114,199,300,123,,clear sky,16.77C,94%
2024-08-01 02:50,2.7 км,"ул. Чкалова, 18","ул. Авиационная, 65 корпус 4",195,195,114,199,300,195,,clear sky,15.77C,100%
2024-08-01 03:01,11.7 км,"Звонкий пер., 14","ул. Машинистов, 10",113,113,114,199,300,113,,,,
2024-08-01 03:12,4.4 км,"ул. Маневровая, 15","ул. Колмогорова, 73 корпус 5",95,95,114,199,300,95,,,,
2024-08-01 03:23,3.0 км,"ул. Николая Островского, 2/2","ул. Ферганская, 18",159,159,114,199,300,159,,,,
2024-08-01 03:36,6.9 км,"ул. Прибалтийская, 33","ул. Грибоедова, 8",95,95,114,199,300,95,,clear sky,15.77C,100%
2024-08-01 03:46,5.3 км,"ул. Среднеуральская, 9","ул. Расточная, 15 корпус 3",131,131,114,199,300,131,,clear sky,15.77C,100%
2024-08-01 03:57,6.7 км,"ул. Латвийская, 58/2","ул. Бородина, 6",95,95,114,199,300,95,,,,
2024-08-01 04:10,9.0 км,"ул. Академика Вонсовского, 19","ул. Луначарского, 15",257,257,114,199,300,257,,,,
2024-08-01 04:23,14.4 км,"ул. Старых Большевиков, 19а","ул. Карельская, 44",428,428,114,199,338,428,,fog,14.77C,100%
2024-08-01 04:34,962.5 м,"ул. Бажова, 191","ул. Малышева, 108",105,105,114,199,300,105,,,,
2024-08-01 04:45,2.2 км,"ул. Военная, 8а","ул. Самолетная, 18",141,141,114,199,300,141,,,,
2024-08-01 04:56,3.4 км,"ул. Ферганская, 6","ул. 8 Марта, 173",113,113,114,199,300,113,,,,
2024-08-01 05:09,23.2 км,"ул. Спутников, 8","ул. Ангарская, 52а",95,95,114,199,300,95,,clear sky,14.77C,100%
2024-08-01 05:19,12.0 км,"ул. Бахчиванджи, 21","ул. Новгородцевой, 25 корпус 2",179,179,199,287,392,179,,clear sky,14.77C,100%
2024-08-01 05:30,24.6 км,"пр-кт Академика Сахарова, 76","ул. Алая, 1",131,131,204,199,300,131,,,,
2024-08-01 05:41,12.6 км,"ул. Инженерная, 73","ул. Одинарка, 2е",95,95,114,199,300,95,,clear sky,14.77C,100%
2024-08-01 05:52,11.1 км,"ул. Амундсена, 54 корпус 3","ул. Калинина, 77",95,95,114,199,300,95,,,,
2024-08-01 06:05,3.2 км,"пр-кт Космонавтов, 60","пр-кт Космонавтов, 95",177,177,125,199,300,177,,,,
2024-08-01 06:16,19.6 км,"ул. Ангарская, 54б","ул. Прибалтийская, 13",105,105,125,199,300,105,,,,
2024-08-01 06:27,5.7 км,"ул. Изоплитная, 18","ул. Садовая, 7",195,195,114,199,300,195,,clear sky,14.77C,100%
2024-08-01 06:38,8.6 км,"ул. Заводская, 30","ул. Селькоровская, 18",141,141,114,199,300,141,,,,
2024-08-01 06:48,7.3 км,"ул. Бабушкина, 18","ул. Анны Бычковой, 14",159,159,125,199,300,159,,clear sky,14.77C,100%
2024-08-01 06:59,5.6 км,"ул. Сони Морозовой, 175","ул. Электриков, 15",105,105,114,199,300,105,,clear sky,14.77C,100%
2024-08-01 07:10,3.8 км,"ул. Маневровая, 17-б","ул. Майкопская, 22",213,213,204,199,300,213,,,,
2024-08-01 07:23,3.3 км,"ул. Московская, 212 корпус 3","ул. Серафимы Дерябиной, 30б",185,185,193,199,300,185,,clear sky,15.77C,100%
2024-08-01 07:34,132.2 м,"ул. Ломоносова, 59","ул. Ломоносова, 28",167,167,114,199,300,167,,,,
2024-08-01 07:45,3.7 км,"ул. Короленко, 10А","ул. Белинского, 112",95,95,114,199,300,95,,clear sky,15.77C,100%
2024-08-01 07:56,6.0 км,"ул. Луначарского, 34","ул. Техническая, 67",105,105,114,199,300,105,,,,
2024-08-01 08:09,11.3 км,"Теплогорский пер., 10а","ул. Репина, 88",105,105,114,199,300,105,,clear sky,16.77C,94%
2024-08-01 08:19,6.5 км,"ул. Техническая, 22 корпус 1","ул. Краснофлотцев, 30а",366,366,114,199,300,366,,,,
2024-08-01 08:30,572.1 м,"ул. Межевая, 111","ул. Самолетная, 29",231,231,141,199,300,231,,clear sky,17.77C,88%
2024-08-01 08:41,9.7 км,"ул. Чернышевского, 9Г","ул. Варшавская, 22",113,113,114,199,300,113,,clear sky,17.77C,88%
2024-08-01 08:52,6.8 км,"ул. Крауля, 57","ул. Сулимова, 3",95,95,151,199,300,95,,clear sky,18.77C,82%
2024-08-01 09:03,10.1 км,"Загородный пер., 5","ул. Летчиков, 15в",95,95,141,199,300,95,,,,
2024-08-01 09:14,15.3 км,"ул. Шефская, 91 корпус 3","ул. Евгения Савкова, 46/2",159,159,238,199,300,159,,,,
2024-08-01 09:27,5.5 км,"ул. Комсомольская, 45 корпус 11","ул. Пальмиро Тольятти, 13А",105,105,125,199,300,105,,few clouds,19.77C,77%
2024-08-01 09:38,12.9 км,"ул. Победы, 8","ул. Титова, 17",141,141,264,199,300,141,,few clouds,19.77C,77%
2024-08-01 09:48,6.1 км,"ул. Самолетная, 24а","ул. Серафимы Дерябиной, 49 корпус 1",177,177,282,199,338,177,,,,
2024-08-01 10:01,8.9 км,"ул. Чемпионов, 4","ул. Радищева, 53 корпус 1",131,131,167,199,300,131,,,,
2024-08-01 10:12,12.7 км,"ул. Инженерная, 35","ул. Очеретина, 14",95,95,114,199,300,95,,few clouds,20.77C,73%
2024-08-01 10:23,12.6 км,"ул. Нагорная, 57","ул. Мурзинская, 30",95,95,114,199,300,95,,,,
2024-08-01 10:36,12.9 км,"ул. Благодатская, 61","ул. Победы, 9а",167,167,238,199,300,167,,few clouds,21.77C,68%
2024-08-01 10:47,3.9 км,"ул. Мичурина, 108","ул. Агриппины Полежаевой, 43а",95,95,114,199,300,95,,few clouds,21.77C,68%
2024-08-01 10:58,2.6 км,"ул. Белинского, 165","ул. Шишимская, 19",105,105,125,199,300,105,,,,
2024-08-01 11:09,5.8 км,"ул. Белореченская, 23 корпус 2","ул. Пионеров, 6",95,95,114,199,300,95,,,,
2024-08-01 11:22,977.3 м,"ул. Черепанова, 4а","ул. Бебеля, 148",105,105,114,199,300,105,,scattered clouds,21.77C,60%
2024-08-01 11:33,10.9 км,"ул. Щорса, 56-б","ул. Шефская, 101",95,95,114,199,300,95,,,,
2024-08-01 11:43,12.5 км,"ул. Тружеников, 2 Литер А","ул. Заводская, 43 корпус 1",105,105,212,199,300,105,,scattered clouds,21.77C,64%
2024-08-01 11:54,4.2 км,"ул. Старых Большевиков, 45","ул. Майкопская, 24а",141,141,114,199,300,141,,scattered clouds,21.77C,64%
2024-08-01 12:05,3.3 км,"ул. Мичурина, 132","ул. Пальмиро Тольятти, 13А",113,113,114,199,300,113,,,,
2024-08-01 12:16,16.3 км,"ул. Бородина, 4","ул. Бебеля, 182а",95,95,114,199,300,95,,scattered clouds,21.77C,64%
2024-08-01 12:27,4.9 км,"ул. Фурманова, 63","ул. Студенческая, 56",105,105,114,199,300,105,,scattered clouds,21.77C,64%
2024-08-01 12:38,16.8 км,"ул. Народного фронта, 66","ул. Патриса Лумумбы, 85",131,131,151,199,300,131,,scattered clouds,21.77C,64%
2024-08-01 12:49,4.6 км,"ул. Академика Бардина, 1","ул. Военная, 4а",149,149,114,199,338,149,,,,
2024-08-01 12:59,4.6 км,"ул. Малышева, 130-б","ул. Шевелева, 7",123,123,114,199,300,123,,scattered clouds,21.77C,68%
2024-08-01 13:10,7.0 км,"ул. Восточная, 23б","ул. Патриса Лумумбы, 36",113,113,114,199,300,113,,,,
2024-08-01 13:21,4.9 км,"ул. Походная, 7б","ул. Тверитина, 17",123,123,141,199,300,123,,scattered clouds,21.77C,64%
2024-08-01 13:32,4.1 км,"ул. Сулимова, 6","ул. Восточная, 174",141,141,114,199,300,141,,,,
2024-08-01 13:43,4.5 км,"ул. Гагарина, 61","ул. Папанина, 16",177,177,167,199,300,177,,,,
2024-08-01 13:56,6.5 км,"ул. Академика Бардина, 3 корпус 3","ул. Первомайская, 59",177,177,114,199,300,177,,scattered clouds,21.77C,64%
2024-08-01 14:07,11.6 км,"ул. Академическая, 11","ул. Бородина, 4а",177,177,141,199,300,177,,,,
2024-08-01 14:18,6.4 км,"ул. Машинная, 42 корпус 2","ул. Раевского, 16",105,105,114,199,300,105,,,,
2024-08-01 14:29,1.2 км,"ул. Павлодарская, 50","ул. Родонитовая, 8",105,105,141,199,300,105,,scattered clouds,21.77C,56%
2024-08-01 14:39,874.4 м,"ул. Фрезеровщиков, 32","ул. Энтузиастов, 42",149,149,177,199,300,149,,,,
2024-08-01 14:50,3.2 км,"ул. Восточная, 7","ул. Московская, 49",95,95,114,199,300,95,,light rain,21.77C,56%
2024-08-01 15:01,809.9 м,"ул. Славянская, 56","ул. Альпинистов, 24а",113,113,114,199,300,113,,light rain,22.77C,53%
2024-08-01 15:12,1.9 км,"ул. Билимбаевская, 18","ул. Техническая, 47",105,105,114,199,300,105,,,,
2024-08-01 15:23,8.9 км,"Коллективный пер., 15","ул. Заводская, 11",95,95,114,199,300,95,,,,
2024-08-01 15:34,6.1 км,"ул. Уральских рабочих, 52","ул. Искровцев, 17",185,185,114,199,300,185,,light rain,21.77C,56%
2024-08-01 15:45,14.6 км,"ул. Ползунова, 1б","ул. Прибалтийская, 13",95,95,114,199,300,95,,,,
2024-08-01 15:56,6.2 км,"ул. Учителей, 8","ул. Щорса, 92а корпус 1",95,95,114,199,300,95,,,,
2024-08-01 16:06,8.9 км,"ул. Краснофлотцев, 24","ул. Белореченская, 15 корпус 2",213,213,167,199,300,213,,light rain,20.77C,64%
2024-08-01 16:17,8.6 км,"ул. Патриса Лумумбы, 29","Лобачевского пер., 3",95,95,114,199,300,95,,,,
2024-08-01 16:28,15.1 км,"ул. Чкалова, 258","Замятина пер., 25а",95,95,114,199,300,95,,,,
2024-08-01 16:41,5.4 км,"ул. Раевского, 4","ул. Московская, 2",113,113,125,199,300,113,,,,
2024-08-01 16:54,13.9 км,"ул. Селькоровская, 34","ул. Билимбаевская, 3",113,113,141,199,300,113,,,,
2024-08-01 17:07,3.2 км,"ул. Посадская, 42","ул. Чайковского, 79",131,131,114,199,338,131,,,,
2024-08-01 17:18,7.4 км,"ул. Ильича, 46","ул. Московская, 26а",95,95,114,199,300,95,,,,
2024-08-01 17:31,3.6 км,"ул. Листопадная, 2","ул. Гастелло, 28-б",159,159,141,199,300,159,,,,
2024-08-01 17:44,13.2 км,"ул. Шишимская, 12","Симбирский пер., 5",213,213,204,199,300,213,,,,
2024-08-01 17:55,4.5 км,"ул. Чкалова, 45","ул. Симферопольская, 35",249,249,151,199,300,249,,,,
2024-08-01 18:08,6.0 км,"ул. Даниловская, 46","ул. Короленко, 8А",195,195,282,199,300,195,,,,
2024-08-01 18:21,6.2 км,"ул. Кузнецова, 21","ул. Кунарская, 6А",131,131,167,199,300,131,,,,
2024-08-01 18:34,9.9 км,"ул. Эстонская, 1Б","ул. Родонитовая, 10",131,131,114,199,300,131,,light rain,21.77C,60%
2024-08-01 18:45,1.7 км,"ул. Пирогова, 4","ул. Вайнера, 15",213,213,114,219,338,213,,light rain,21.77C,60%
2024-08-01 18:56,7.6 км,"ул. Проезжая, 165","ул. Ереванская, 67",185,185,177,199,300,185,,,,
2024-08-01 19:09,7.7 км,"ул. Листопадная, 13","ул. Бажова, 41",149,149,151,199,300,149,,light rain,21.77C,60%
2024-08-01 19:20,17.6 км,"ул. Челюскинцев, 25","ул. Бахчиванджи, 19 корпус 8",123,123,114,199,300,123,,light rain,21.77C,60%
2024-08-01 19:31,2.6 км,"ул. Новаторов, 1","ул. Фестивальная, 20",95,95,114,199,300,95,,,,
2024-08-01 19:42,3.8 км,"ул. Блюхера, 79","Красный пер., 17",185,185,141,199,300,185,,light rain,21.77C,60%
2024-08-01 19:53,10.4 км,"ул. Яскина, 12","ул. Менжинского, 2в",95,95,114,199,300,95,,,,
2024-08-01 20:04,5.7 км,"Медицинский пер., 7","ул. 8 Марта, 2",95,95,114,199,300,95,,,,
2024-08-01 20:17,4.4 км,"ул. Краснодарская, 34","пр-кт Ленина, 101",159,159,114,199,300,159,,light rain,20.77C,68%
2024-08-01 20:28,9.6 км,"ул. Циолковского, 76","ул. Донбасская, 23",105,105,114,199,300,105,,,,
2024-08-01 20:39,9.9 км,"Петра Кожемяко б-р, 16","ул. Щербакова, 41",95,95,114,199,300,95,,,,
2024-08-01 20:49,13.4 км,"ул. Авиационная, 50","ул. Бахчиванджи, 3",95,95,114,199,300,95,,,,
2024-08-01 21:00,8.3 км,"ул. Циолковского, 61","Теплоходный проезд, 7",105,105,114,199,300,105,,clear sky,19.77C,73%
2024-08-01 21:11,4.8 км,"ул. Лесная, 38","ул. Металлургов, 10а",105,105,114,199,300,105,,,,
2024-08-01 21:24,14.7 км,"ул. Ватутина, 1","ул. Бисертская, 103",185,185,114,199,300,185,,,,
2024-08-01 21:37,2.8 км,"ул. Мичурина, 207","ул. Флотская, 41",274,274,151,199,300,274,,clear sky,18.77C,77%
2024-08-01 21:48,11.5 км,"ул. Академика Бардина, 49","ул. Кировградская, 65",105,105,114,199,300,105,,,,
2024-08-01 21:59,5.4 км,"ул. Родонитовая, 30","Загородный пер., 5",131,131,114,199,300,131,,clear sky,17.77C,82%
2024-08-01 22:10,7.2 км,"ул. Евгения Савкова, 33а","ул. Военная, 9",113,113,114,199,300,113,,clear sky,17.77C,82%
2024-08-01 22:21,14.7 км,"ул. Бабушкина, 25","ул. Селькоровская, 74",249,249,125,199,300,249,,clear sky,16.77C,88%
2024-08-01 22:32,16.6 км,"ул. Грибоедова, 4","ул. Стачек, 36Б",95,95,125,199,300,95,,clear sky,16.77C,88%
2024-08-01 22:43,14.6 км,"ул. Ползунова, 26д","ул. Латвийская, 27",113,113,114,199,300,113,,clear sky,16.77C,88%
2024-08-01 22:54,5.7 км,"ул. Агрономическая, 16","ул. Шейнкмана, 75",95,95,141,199,300,95,,clear sky,15.77C,94%
2024-08-01 23:05,14.7 км,"ул. Титова, Строение 25а","ул. Новаторов, 13",141,141,167,199,300,141,,,,
2024-08-01 23:16,14.1 км,"ул. Симферопольская, 30","ул. Проезжая, 165",131,131,114,199,300,131,,,,
2024-08-01 23:29,4.8 км,"Рабочей молодежи наб., 51","ул. Московская, 190",177,177,125,199,300,177,,,,
2024-08-01 23:40,4.1 км,"ул. Большакова, 22 корпус 4","ул. Академика Постовского, 6/2",167,167,114,199,300,167,,clear sky,15.77C,94%
2024-08-01 23:51,984.5 м,"ул. Куйбышева, 76а","ул. Вишневая, 28",149,149,114,199,300,149,,clear sky,15.77C,94%
2024-08-02 00:01,946.5 м,"ул. Самолетная, 33","ул. Походная, 7б",123,123,114,199,300,123,,,,
2024-08-02 00:15,6.9 км,"ул. Современников, 6","ул. Грибоедова, 12",123,123,114,199,300,123,,,,
2024-08-02 00:28,4.7 км,"ул. Ирбитская, 8","ул. Ильича, 35",123,123,114,199,300,123,,clear sky,14.77C,100%
2024-08-02 00:39,311.6 м,"ул. Академика Бардина, 2 корпус 1","ул. Серафимы Дерябиной, 43а",167,167,114,199,452,167,,clear sky,14.77C,100%
2024-08-02 00:50,11.4 м,"ул. Шефская, 101","ул. Шефская, 101",95,95,114,199,300,95,,,,
2024-08-02 01:00,5.3 км,"ул. Металлургов, 38","ул. Луначарского, 171",95,95,114,199,300,95,,,,
2024-08-02 01:11,3.2 км,"Университетский пер., 11","ул. Тобольская, 76г корпус 2",167,167,114,199,300,167,,clear sky,13.76C,100%
2024-08-02 01:22,13.9 км,"ул. Готвальда, 16","ул. Бородина, 4б",141,141,114,199,300,141,,,,
2024-08-02 01:33,9.9 км,"ул. Короленко, 10А","ул. Евгения Савкова, 8",203,203,125,199,300,203,,clear sky,14.77C,100%
2024-08-02 01:44,1.6 км,"ул. Братская, 5","ул. Крестинского, 4",95,95,114,199,300,95,,clear sky,14.77C,100%
2024-08-02 01:55,3.0 км,"ул. Академика Постовского, 19","ул. Серова, 2",141,141,177,199,300,141,,clear sky,13.76C,100%
2024-08-02 02:06,9.0 км,"ул. Евгения Савкова, 6","ул. Пехотинцев, 6",95,95,141,199,300,95,,,,
2024-08-02 02:19,7.6 км,"Решетникова проезд, 1","ул. Конотопская, 6",310,310,151,199,300,310,,clear sky,13.77C,100%
2024-08-02 02:30,4.9 км,"ул. Севастопольская, 12","ул. Шефская, 102",302,302,141,199,300,302,,,,
2024-08-02 02:41,7.6 км,"ул. Волгоградская, 220","ул. Комсомольская, 67",95,95,114,199,300,95,,,,
2024-08-02 02:54,3.8 км,"ул. Кимовская, 8","ул. Блюхера, 63а",221,221,114,199,300,221,,clear sky,14.77C,100%
2024-08-02 03:05,6.9 км,"ул. Расточная, 20","ул. Уральская, 50",445,445,114,199,338,445,,clear sky,14.77C,100%
2024-08-02 03:16,8.8 км,"ул. Ухтомская, 16а","ул. 40-летия Комсомола, 14а",141,141,114,199,300,141,,,,
2024-08-02 03:29,5.7 км,"ул. Крауля, 61 корпус 3","Самоцветный б-р, 5",231,231,114,199,300,231,,,,
2024-08-02 03:42,1.4 км,"ул. Индустрии, 94а","ул. Избирателей, 110",330,330,212,199,300,330,,clear sky,13.77C,100%
2024-08-02 03:53,7.3 км,"ул. Лодыгина, 13","ул. Шишимская, 28",95,95,114,199,300,95,,,,
2024-08-02 04:04,5.2 км,"ул. Уральских коммунаров, 126","ул. Московская, 76а",95,95,114,199,300,95,,clear sky,13.77C,100%
2024-08-02 04:15,6.7 км,"ул. Шаумяна, 84","пр-кт Седова, 47",113,113,114,199,300,113,,clear sky,13.77C,100%
2024-08-02 04:26,9.6 км,"ул. Коммунистическая, 85","ул. Белореченская, 3б",141,141,125,199,300,141,,,,
2024-08-02 04:39,4.9 км,"ул. Стахановская, 29","ул. Готвальда, 19в",95,95,114,199,300,95,,clear sky,13.77C,100%
2024-08-02 04:50,10.3 км,"ул. Краснолесья, 14 корпус 5","ул. Академическая, 24",113,113,264,199,300,113,,,,
2024-08-02 05:03,9.6 км,"ул. Яскина, 12","ул. Блюхера, 57",95,95,114,199,300,95,,,,
2024-08-02 05:16,6.2 км,"ул. Академика Бардина, 48","ул. Мира, 34г",95,95,125,199,300,95,,fog,11.77C,100%
2024-08-02 05:27,9.3 км,"ул. Металлургов, 16-б","ул. Колхозников, 52",95,95,114,199,300,95,,,,
2024-08-02 05:38,13.8 км,"ул. Звездная, 20","ул. Индустрии, 94б",231,231,114,199,300,231,,,,
2024-08-02 05:49,14.4 км,"Сибирский тракт 11 км., 2","ул. Донбасская, 23",95,95,114,199,300,95,,,,
2024-08-02 06:02,9.1 км,"ул. Фрунзе, 20","ул. Ильича, 59",113,113,114,199,300,113,,broken clouds,13.77C,100%
2024-08-02 06:13,2.9 км,"пр-кт Космонавтов, 58","Суворовский пер., 12",105,105,125,199,300,105,,broken clouds,13.77C,100%
2024-08-02 06:24,11.2 км,"ул. Конотопская, 2","ул. Амундсена, 137",239,239,114,199,300,239,,clear sky,13.77C,100%
2024-08-02 06:35,13.8 км,"ул. Ползунова, 30","ул. Братская, 10а",185,185,125,199,300,185,,,,
2024-08-02 06:48,6.5 км,"ул. Стахановская, 58","ул. Мичурина, 47",141,141,114,199,300,141,,clear sky,13.77C,100%
2024-08-02 06:59,15.0 км,"ул. Стачек, 36Б","Газорезчиков пер., 40",320,320,238,199,300,320,,,,
2024-08-02 07:10,3.9 км,"ул. Норильская, 60","ул. Стачек, 18А",141,141,282,199,300,141,,,,
2024-08-02 07:23,9.8 км,"ул. Бессарабская, 10а","Курьинский пер., 7",149,149,114,199,300,149,,few clouds,14.77C,100%
2024-08-02 07:34,3.8 км,"ул. Менделеева, 31","ул. Красных командиров, 43",95,95,114,199,300,95,,few clouds,14.77C,100%
2024-08-02 07:45,12.6 км,"ул. Современников, 4","ул. Корепина, 35",257,257,114,199,300,257,,,,
2024-08-02 07:56,4.2 км,"ул. Шишимская, 17","ул. Академика Бардина, 48а",105,105,193,199,300,105,,,,
2024-08-02 08:07,6.6 км,"ул. Энгельса, 21","ул. 40-летия Октября, 24",95,95,114,199,300,95,,scattered clouds,14.77C,100%
2024-08-02 08:18,6.3 км,"ул. Техническая, 36","ул. Стачек, 62",239,239,114,199,300,239,,scattered clouds,15.77C,100%
2024-08-02 08:29,14.9 км,"Многостаночников пер., 13","ул. Конотопская, 2А",177,177,141,199,300,177,,scattered clouds,15.77C,100%
2024-08-02 08:40,3.6 км,"ул. Чердынская, 56","ул. Папанина, 1",203,203,125,199,300,203,,scattered clouds,15.77C,100%
2024-08-02 08:50,2.1 км,"ул. Данилы Зверева, 21","ул. Советская, 7 корпус 5",141,141,141,199,300,141,,,,
2024-08-02 09:01,7.2 км,"ул. Малышева, 60","ул. Патриса Лумумбы, 8",95,95,114,199,300,95,,,,
2024-08-02 09:15,5.7 км,"ул. Фролова, 19 корпус 1","ул. Академика Постовского, 19",95,95,125,199,300,95,,broken clouds,16.77C,88%
2024-08-02 09:26,12.7 км,"ул. Фрезеровщиков, 25 корпус 1","ул. Щербакова, 3 корпус 2",203,203,230,199,300,203,,,,
2024-08-02 09:39,5.8 км,"ул. Олега Кошевого, 32","ул. Академика Бардина, 25 корпус 2",195,195,114,199,338,195,,light intensity shower rain,16.77C,88%
2024-08-02 09:50,13.5 км,"ул. Карельская, 74","ул. Старых Большевиков, 5",95,95,114,199,300,95,,,,
2024-08-02 10:03,1.5 км,"ул. Щорса, 128","Денисова-Уральского б-р, 7",95,95,114,199,300,95,,light intensity shower rain,15.77C,100%
2024-08-02 10:14,6.6 км,"ул. Московская, 209","ул. Ирбитская, 68",95,95,114,199,300,95,,,,
2024-08-02 10:27,15.2 км,"ул. Барвинка, 20","ул. Ползунова, 34д",141,141,151,199,300,141,,light rain,16.77C,100%
2024-08-02 10:38,6.8 км,"ул. Гагарина, 59б","ул. Даниловская, 2а",95,95,114,199,300,95,,moderate rain,16.77C,100%
2024-08-02 10:49,5.6 км,"ул. Титова, 17б","ул. Гурзуфская, 38",177,177,114,199,300,177,,moderate rain,16.77C,94%
2024-08-02 11:00,3.7 км,"ул. Папанина, 19","Парковый пер., 41 корпус 2",95,95,114,199,300,95,,,,
2024-08-02 11:11,6.0 км,"ул. Анны Бычковой, 16","Северный пер., 5",105,105,114,199,300,105,,,,
2024-08-02 11:22,5.6 км,"ул. Белинского, 182","ул. Колмогорова, 67",95,95,114,199,300,95,,moderate rain,18.77C,82%
2024-08-02 11:33,5.9 км,"ул. Машиностроителей, 14","ул. Викулова, 33 корпус 4",239,239,230,199,300,239,,,,
2024-08-02 11:46,8.0 км,"ул. 8 Марта, 171","ул. Инженерная, 37",105,105,114,199,300,105,,,,
2024-08-02 11:57,14.6 км,"ул. Данилы Зверева, 4","Горнистов проезд, 13а",113,113,114,199,300,113,,,,
2024-08-02 12:10,4.9 км,"ул. Техническая, 156","ул. Фестивальная, 23",149,149,177,199,300,149,,light rain,18.77C,77%
2024-08-02 12:21,8.2 км,"ул. Братская, 19","ул. Луначарского, 50",185,185,212,199,300,185,,,,
2024-08-02 12:32,5.5 км,"ул. Ирбитская, 13","ул. 8 Марта, 57",159,159,167,199,300,159,,,,
2024-08-02 12:43,6.3 км,"ул. Родонитовая, 20","ул. Комсомольская, 45 корпус 5",177,177,141,199,300,177,,,,
2024-08-02 12:54,1.3 км,"Ремесленный пер., 6","ул. Титова, 10",195,195,125,199,338,195,,,,
2024-08-02 13:05,13.8 км,"ул. Грибоедова, 17","ул. Пилотная, 3",159,159,125,199,300,159,,light intensity shower rain,17.77C,94%
2024-08-02 13:16,3.5 км,"ул. Садовая, 5","ул. Кимовская, 4",348,348,301,235,376,348,,light intensity shower rain,17.77C,94%
2024-08-02 13:27,5.6 км,"ул. 8 Марта, 173","Курьинский пер., 10",338,338,193,311,636,338,,,,
2024-08-02 13:40,5.3 км,"ул. Бебеля, 173","пр-кт Космонавтов, 61-б",249,249,193,199,300,249,,,,
2024-08-02 13:52,5.1 км,"ул. Начдива Онуфриева, 32 корпус 2","ул. Онежская, 6а",239,239,151,199,338,239,,light intensity shower rain,16.77C,88%
2024-08-02 14:03,3.8 км,"ул. Викулова, 38б","ул. Стрелочников, 9а",95,95,167,199,414,95,,light intensity shower rain,16.77C,88%
2024-08-02 14:14,10.7 км,"ул. Кулибина, 1А","ул. Краснолесья, 10/5",177,177,114,199,300,177,,,,
2024-08-02 14:25,3.1 км,"ул. Сулимова, 30","ул. Николая Никонова, 18",149,149,114,199,300,149,,,,
2024-08-02 14:36,9.6 км,"ул. Амундсена, 51а","ул. Электриков, 27",141,141,167,199,300,141,,light intensity shower rain,16.77C,100%
2024-08-02 14:47,2.1 км,"ул. Шейнкмана, 104","Верх-Исетский б-р, 18а",123,123,114,199,300,123,,light intensity shower rain,15.77C,100%
2024-08-02 14:58,4.0 км,"ул. Чайковского, 16","ул. Энергостроителей, 11",113,113,114,199,300,113,,light intensity shower rain,15.77C,100%
2024-08-02 15:09,11.9 км,"ул. Ухтомская, 32","ул. Проезжая, 171",113,113,167,199,300,113,,,,
2024-08-02 15:22,12.6 км,"ул. Блюхера, 71 корпус 3","ул. Удельная, 13",123,123,151,199,300,123,,,,
2024-08-02 15:33,7.0 км,"ул. Евгения Савкова, 11","ул. Радищева, 24",257,257,327,199,300,257,,,,
2024-08-02 15:44,6.8 км,"ул. Академика Бардина, 5 корпус 1","Отдельный пер., 4",177,177,167,199,300,177,,,,
2024-08-02 15:55,13.2 км,"ул. Латвийская, 47","ул. Стачек, 13",123,123,141,199,300,123,,light rain,17.77C,94%
2024-08-02 16:06,9.1 км,"ул. Чайковского, 66","ул. Краснофлотцев, 1в",131,131,141,199,300,131,,,,
2024-08-02 16:19,4.2 км,"ул. Готвальда, 15","ул. Фестивальная, 29",167,167,125,199,300,167,,,,
2024-08-02 16:32,8.1 км,"ул. Колмогорова, 73 корпус 2","ул. Павла Шаманова, 13",167,167,141,199,300,167,,light rain,18.77C,88%
2024-08-02 16:43,8.7 км,"ул. Коуровская, 16","ул. Гагарина, 67 корпус А",105,105,167,219,300,105,,light rain,18.77C,88%
2024-08-02 16:54,7.4 км,"ул. Титова, 17в","ул. Нагорная, 59",177,177,151,199,300,177,,light rain,18.77C,88%
2024-08-02 17:05,952.2 м,"ул. Индустрии, 26","ул. Бакинских комиссаров, 32",302,302,177,199,300,302,,light rain,18.7C,88%
2024-08-02 17:16,8.0 км,"Фонвизина пер., 3","ул. Совхозная, 6",231,231,114,199,414,231,,,,
2024-08-02 17:30,8.6 км,"ул. Папанина, 1","ул. Дарвина, 15",257,257,193,199,300,257,,,,
2024-08-02 17:41,7.9 км,"ул. Патриса Лумумбы, 31а","Сиреневый б-р, 17",195,195,238,199,338,195,,,,
2024-08-02 17:52,2.1 км,"ул. Восточная, 72","ул. Восточная, 12",113,113,114,199,300,113,,light rain,20.77C,73%
2024-08-02 18:03,5.2 км,"ул. Большакова, 5","ул. Татищева, 62",266,266,125,199,414,266,,light rain,20.77C,73%
2024-08-02 18:14,6.9 км,"ул. Московская, 55","ул. Походная, 72",249,249,114,199,300,249,,,,
2024-08-02 18:25,15.2 км,"Суворовский пер., 22","ул. Чемпионов, 4",159,159,114,199,300,159,,,,
2024-08-02 18:36,3.1 км,"ул. Титова, 58","ул. 8 Марта, 202/4",123,123,141,199,300,123,,light rain,20.77C,73%
2024-08-02 18:47,9.8 км,"ул. Бакинских комиссаров, 100","ул. Посадская, 30 корпус 1",105,105,114,199,300,105,,light rain,20.77C,68%
2024-08-02 18:58,6.2 км,"Парковый пер., 39","пр-кт Седова, 38",123,123,114,199,300,123,,,,
2024-08-02 19:11,3.4 км,"ул. Декабристов, 16/18Ж","Северный пер., 3",257,257,151,199,376,257,,,,
2024-08-02 19:24,4.6 км,"ул. Луначарского, 53а","ул. Уктусская, 41",123,123,141,199,300,123,,light rain,20.77C,73%
2024-08-02 19:35,10.8 км,"ул. Начдива Онуфриева, 20","ул. Баумана, 24а",274,274,204,299,338,274,,moderate rain,20.77C,73%
2024-08-02 19:47,17.5 км,"ул. Хвойная, 77","ул. Коуровская, 14",239,239,114,199,300,239,,moderate rain,18.77C,77%
2024-08-02 19:58,2.2 км,"ул. Лобкова, 20","ул. Черноярская, 28",257,257,114,199,300,257,,moderate rain,18.77C,77%
2024-08-02 20:09,6.3 км,"пр-кт Ленина, 79Б","ул. Красных командиров, 84",203,203,114,199,300,203,,,,
2024-08-02 20:20,3.6 км,"ул. Фурманова, 116","ул. Восточная, 62",167,167,114,199,300,167,,,,
2024-08-02 20:31,8.7 км,"Коломенский пер., 4","ул. Николая Никонова, 6",231,231,125,199,300,231,,moderate rain,17.77C,82%
2024-08-02 20:42,11.7 км,"ул. Кировградская, 81А","ул. Саввы Белых, 37",105,105,114,199,300,105,,,,
2024-08-02 20:55,15.0 км,"ул. Техническая, 44","ул. Бисертская, 4",95,95,114,199,300,95,,,,
2024-08-02 21:09,7.0 км,"ул. Агрономическая, 18А","ул. Красноуральская, 21",203,203,114,199,300,203,,,,
2024-08-02 21:20,9.1 км,"ул. Большакова, 20","ул. Косарева, 15",195,195,193,199,300,195,,,,
2024-08-02 21:33,7.3 км,"ул. Кренкеля, 3","ул. Фрезеровщиков, 39б",185,185,114,199,300,185,,light rain,16.77C,88%
2024-08-02 21:44,8.5 км,"ул. 40-летия Октября, 73","ул. Педагогическая, 20",141,141,114,199,300,141,,,,
2024-08-02 21:55,17.7 км,"ул. Грибоедова, 28","пр-кт Космонавтов, 51",195,195,141,199,300,195,,light rain,15.77C,94%
2024-08-02 22:06,16.3 км,"ул. Надеждинская, 17","ул. Альпинистов, 24б",159,159,125,199,300,159,,light rain,15.77C,94%
2024-08-02 22:17,6.5 км,"ул. Бисертская, 18","ул. Амундсена, 56",105,105,204,199,300,105,,light rain,14.77C,100%
2024-08-02 22:28,16.8 км,"ул. Латвийская, 22","ул. Калинина, 69",159,159,264,199,300,159,,,,
2024-08-02 22:39,5.2 км,"ул. Советская, 3","ул. Белореченская, 15 корпус 2",231,231,114,199,300,231,,,,
2024-08-02 22:51,5.5 км,"ул. Серафимы Дерябиной, 31 корпус 3","ул. Агрономическая, 34А",95,95,125,199,300,95,,clear sky,14.77C,100%
2024-08-02 23:02,11.6 км,"Замятина пер., 22","ул. Амундсена, 51",284,284,141,199,300,284,,clear sky,14.77C,100%
2024-08-02 23:13,10.4 км,"ул. 40-летия Комсомола, 18д","ул. Краснолесья, 10",131,131,125,199,300,131,,,,
2024-08-02 23:26,12.9 км,"ул. Изоплитная, 9","ул. Грибоедова, 24",292,292,193,199,300,292,,,,
2024-08-02 23:37,1.4 км,"ул. Токарей, 46","ул. Металлургов, 28",113,113,114,199,338,113,,,,
2024-08-02 23:48,17.4 км,"ул. Лобкова, 129","ул. Инженерная, 15",284,284,114,199,300,284,,clear sky,13.77C,100%
2024-08-02 23:59,1.4 км,"ул. Советская, 58","ул. Первомайская, 99а",195,195,114,199,300,195,,clear sky,13.77C,100%
2024-08-03 00:10,9.1 км,"ул. Кунарская, 32","ул. Волгоградская, 178",105,105,125,199,338,105,,,,
2024-08-03 00:21,10.0 км,"ул. Ухтомская, 41","ул. Лобкова, 26",231,231,114,199,338,231,,clear sky,13.77C,100%
2024-08-03 00:32,727.1 м,"ул. Первомайская, 104","ул. Малышева, 138",284,284,177,247,674,284,,clear sky,13.77C,100%
2024-08-03 00:43,8.0 км,"ул. Вилонова, 24","ул. Ватутина, 1",292,292,114,199,300,292,,,,
2024-08-03 00:55,13.5 км,"ул. Индустрии, 53","ул. Военная, 5а",221,221,114,199,300,221,,clear sky,13.77C,100%
2024-08-03 01:06,14.0 км,"ул. Корепина, 13","ул. Химмашевская, Строение 9",185,185,114,199,300,185,,clear sky,13.77C,100%
2024-08-03 01:17,1.3 км,"пр-кт Седова, 55","ул. Пехотинцев, 4 корпус 2",141,141,125,199,338,141,,few clouds,13.77C,100%
2024-08-03 01:28,14.9 км,"Замятина пер., 43","ул. Симферопольская, 22",113,113,114,199,338,113,,few clouds,13.77C,100%
2024-08-03 01:39,4.1 км,"Гаринский пер., 12","Парковый пер., 43",274,274,114,199,300,274,,,,
2024-08-03 01:50,4.3 км,"ул. Тагильская, 23","ул. Гагарина, 22",113,113,167,199,300,113,,,,
2024-08-03 02:03,11.8 км,"ул. 40-летия Октября, 32а","ул. Краснолесья, 121",113,113,114,199,300,113,,few clouds,13.77C,100%
2024-08-03 02:14,12.4 км,"ул. Чайковского, 87","ул. Спутников, 16/4",213,213,114,199,300,213,,,,
2024-08-03 02:25,7.7 км,"ул. Павла Шаманова, 5/3","ул. Павлодарская, 15а",95,95,141,199,300,95,,,,
2024-08-03 02:37,1.1 км,"ул. Краснофлотцев, 51","ул. Лобкова, 8",113,113,177,199,338,113,,,,
2024-08-03 02:48,7.7 км,"ул. Мраморская, 34 корпус 3","ул. Советская, 47г",141,141,114,199,300,141,,clear sky,13.77C,100%
2024-08-03 02:59,4.8 км,"ул. Военная, 9","ул. Краснолесья, 99",149,149,141,199,300,149,,clear sky,13.77C,100%
2024-08-03 03:10,16.6 км,"ул. Ползунова, 34к","ул. Кутузова, 98",95,95,114,199,300,95,,,,
2024-08-03 03:21,6.0 км,"ул. Черноярская, 26","ул. Вилонова, 86 корпус 4",105,105,114,199,300,105,,,,
2024-08-03 03:34,6.5 км,"ул. Июльская, 44","ул. Луганская, 9",131,131,114,199,300,131,,,,
2024-08-03 03:48,12.8 км,"ул. Стачек, 12","ул. Дорожная, 18",274,274,114,199,300,274,,,,
2024-08-03 04:01,5.8 км,"ул. Краснолесья, 119","ул. Аптекарская, 52",167,167,114,199,300,167,,clear sky,14.77C,100%
2024-08-03 04:12,4.4 км,"ул. Симферопольская, 34","ул. Циолковского, 61",113,113,193,199,300,113,,clear sky,14.77C,100%
2024-08-03 04:23,19.3 км,"Теплогорский пер., 8","ул. Бахчиванджи, 19/7",221,221,114,199,338,221,,,,
2024-08-03 04:36,8.6 км,"ул. Посадская, 34","ул. Корепина, 33",257,257,264,199,338,257,,,,
2024-08-03 04:47,8.1 км,"ул. Белинского, 132","ул. Корепина, 9",231,231,204,219,338,231,,clear sky,14.77C,100%
2024-08-03 04:59,4.9 км,"ул. Восточная, 162б","ул. Шаумяна, 107",231,231,114,199,490,231,,,,
2024-08-03 05:10,14.3 км,"ул. Техническая, 50","Звонкий пер., 14",123,123,177,199,300,123,,,,
2024-08-03 05:21,11.5 км,"ул. Хуторская, 14","ул. Авиаторов, 3",195,195,177,199,300,195,,,,
2024-08-03 05:32,4.9 км,"ул. Мамина-Сибиряка, 10","ул. Надеждинская, 12",177,177,114,199,300,177,,broken clouds,13.77C,100%
2024-08-03 05:43,6.5 км,"ул. Сакко и Ванцетти, 105 корпус 1","ул. Донбасская, 37",239,239,141,199,300,239,,,,
2024-08-03 05:54,6.7 км,"ул. Кирова, Строение 36а","ул. Кировградская, 71а",292,292,125,199,300,292,,broken clouds,13.77C,100%
2024-08-03 06:05,8.4 км,"ул. Педагогическая, 7","ул. Латвийская, 41",159,159,114,199,300,159,,,,
2024-08-03 06:16,10.8 км,"ул. Серафимы Дерябиной, 31 корпус 4","ул. Даниловская, 20",105,105,114,199,300,105,,,,
2024-08-03 06:28,9.2 км,"ул. Ольховская, 23","ул. Просторная, Строение 91",195,195,114,199,338,195,,,,
2024-08-03 06:39,3.2 км,"ул. Крауля, 170","Верх-Исетский б-р, 18а",95,95,177,199,300,95,,,,
2024-08-03 06:50,10.8 км,"ул. Коммунистическая, 20","ул. Фурманова, 123",95,95,204,199,300,95,,,,
2024-08-03 07:01,7.8 км,"ул. Студенческая, 36 корпус 1","ул. Крауля, 83",185,185,141,199,300,185,,overcast clouds,14.77C,100%
2024-08-03 07:12,1.1 км,"ул. Бабушкина, 31","ул. Энтузиастов, 40",113,113,238,199,300,113,,overcast clouds,14.77C,100%
2024-08-03 07:23,8.1 км,"Выходной пер., 5 корпус 2","ул. Уктусская, 46",374,374,238,199,300,374,,,,
2024-08-03 07:34,16.8 км,"ул. Кутузова, 98","ул. Ломоносова, 6",445,445,114,199,338,445,,scattered clouds,14.77C,100%
2024-08-03 07:46,10.3 км,"ул. Грибоедова, 16","ул. Посадская, 44 корпус 1",203,203,114,199,300,203,,,,
2024-08-03 07:57,7.1 км,"ул. Начдива Онуфриева, 38а","ул. Мамина-Сибиряка, 2а",131,131,114,199,300,131,,scattered clouds,15.77C,94%
2024-08-03 08:08,8.0 км,"ул. Бебеля, 130","ул. Кольцевая, 30",131,131,114,199,338,131,,,,
2024-08-03 08:21,469.3 м,"ул. 40-летия Октября, 59","ул. Уральских рабочих, 71а",131,131,114,199,300,131,,,,
2024-08-03 08:35,7.3 км,"ул. Венгерских Коммунаров, 145а","ул. Фестивальная, 4",141,141,114,199,300,141,,broken clouds,15.77C,100%
2024-08-03 08:46,9.3 км,"ул. Сони Морозовой, 190","ул. Латвийская, 55",95,95,114,199,300,95,,,,
2024-08-03 08:59,8.3 км,"ул. Металлургов, 46","пр-кт Орджоникидзе, 20",95,95,114,199,338,95,,,,
2024-08-03 09:11,13.1 км,"ул. Черняховского, 37","ул. Изоплитная, 11",95,95,256,199,300,95,,broken clouds,16.77C,94%
2024-08-03 09:22,15.3 км,"ул. 22 Партсъезда, Строение 5б","Дерновый пер., 16",310,310,264,199,300,310,,scattered clouds,16.77C,94%
2024-08-03 09:33,6.5 км,"ул. Красных командиров, 106","пр-кт Ленина, 81",338,338,414,199,300,338,,light rain,16.77C,94%
2024-08-03 09:44,11.8 км,"ул. Кировградская, 4","ул. Краснолесья, 155",302,302,238,199,300,302,,,,
2024-08-03 09:58,9.9 км,"ул. Токарей, 68","пр-кт Космонавтов, 67",95,95,114,199,300,95,,,,
2024-08-03 10:11,4.3 км,"ул. Свердлова, 58","ул. Кировградская, 11",95,95,114,199,300,95,,,,
2024-08-03 10:22,3.7 км,"ул. Мира, 44","ул. Чапаева, 66а",141,141,114,199,300,141,,light rain,17.77C,82%
2024-08-03 10:34,4.5 км,"ул. Павла Шаманова, 22","ул. Дорожная, 18",185,185,151,199,300,185,,light rain,17.77C,82%
2024-08-03 10:45,4.5 км,"ул. Военная, 10","ул. Посадская, 51",239,239,167,199,300,239,,,,
2024-08-03 10:56,7.0 км,"ул. Кировградская, 37","ул. Малышева, 21 корпус 3",195,195,151,199,300,195,,,,
2024-08-03 11:09,2.9 км,"ул. Просторная, Строение 91","ул. Титова, 8 корпус 3",123,123,114,199,300,123,,light rain,18.77C,82%
2024-08-03 11:21,6.9 км,"ул. Громова, 30","ул. Блюхера, 55",131,131,114,199,300,131,,,,
2024-08-03 11:34,5.2 км,"ул. Санаторная, 36","ул. Академика Бардина, 4",249,249,282,327,300,249,,,,
2024-08-03 11:48,2.6 км,"ул. Патриса Лумумбы, 27","ул. Академика Шварца, 12 корпус 2",177,177,264,199,300,177,,,,
2024-08-03 12:01,8.9 км,"ул. Студенческая, 36 корпус 1","ул. Таватуйская, 25 корпус 2",123,123,114,199,300,123,,light rain,18.77C,77%
2024-08-03 12:12,10.4 км,"ул. Большакова, 157","ул. Инженерная, 14",95,95,114,199,300,95,,light rain,18.77C,77%
2024-08-03 12:24,7.9 км,"ул. Куйбышева, 143","пр-кт Седова, 33",113,113,177,199,300,113,,,,
2024-08-03 12:35,5.1 км,"ул. Токарей, 44 корпус 2","ул. Краснолесья, 157",266,266,114,199,490,266,,,,
2024-08-03 12:46,13.4 км,"ул. Окружная, 4","ул. Техническая, 46",177,177,212,199,300,177,,,,
2024-08-03 12:57,5.6 км,"ул. Билимбаевская, 14","ул. Победы, 17",131,131,114,199,300,131,,light rain,18.77C,77%
2024-08-03 13:08,1.6 км,"ул. Родонитовая, 38","ул. Олега Кошевого, 44",195,195,114,199,300,195,,thunderstorm with light rain,18.77C,77%
2024-08-03 13:20,3.5 км,"ул. Восточная, 80","ул. Стрелочников, 23",95,95,125,199,300,95,,thunderstorm with light rain,19.77C,73%
2024-08-03 13:31,7.6 км,"пр-кт Космонавтов, 108б","ул. Советская, 1а",131,131,204,199,300,131,,,,
2024-08-03 13:42,4.9 км,"Решетникова проезд, 2","ул. Юмашева, 3",221,221,238,311,452,221,,thunderstorm with light rain,19.77C,73%
2024-08-03 13:54,6.2 км,"ул. Машиностроителей, 59","ул. Крауля, 168б",123,123,114,199,300,123,,thunderstorm with light rain,18.77C,88%
2024-08-04 16:05,6.8 км,"ул. Библиотечная, 33а","ул. Старых Большевиков, 29",95,95,114,199,300,95,,,,
2024-08-04 16:18,8.3 км,"ул. Ломоносова, 6","ул. Куйбышева, 149",123,123,141,199,300,123,,,,
2024-08-04 16:31,5.1 км,"ул. Московская, 219","ул. Луначарского, 36",131,131,114,199,300,131,,light rain,21.77C,68%
2024-08-04 16:42,18.2 км,"ул. Косарева, 19","ул. Маяковского, 3",213,213,151,199,300,213,,light rain,21.77C,68%
2024-08-04 16:52,2.0 км,"ул. Щербакова, 43","ул. Онежская, 8а",185,185,114,199,300,185,,light rain,22.77C,60%
2024-08-04 17:03,6.1 км,"ул. Братская, 3","ул. Куйбышева, 80 корпус 2",113,113,125,199,300,113,,,,
2024-08-04 17:14,2.5 км,"ул. Академика Шварца, 20 корпус 3","ул. Отто Шмидта, 76б",113,113,114,199,300,113,,light rain,22.77C,60%
2024-08-04 17:25,5.0 км,"ул. Сортировочная, 13","ул. Токарей, 60 корпус 3",131,131,125,199,300,131,,,,
2024-08-04 17:38,1.3 км,"ул. Нагорная, 53","ул. Шевелева, 1а",159,159,141,199,300,159,,,,
2024-08-04 17:51,9.8 км,"ул. Молотобойцев, 17","ул. Крауля, 85",167,167,125,199,300,167,,,,
2024-08-04 18:01,10.6 км,"ул. Белинского, 112","ул. Москвина, 4",131,131,114,199,376,131,,light rain,21.77C,60%
2024-08-04 18:12,9.5 км,"ул. Токарей, 60 корпус 1","ул. Молодежи, 82",131,131,114,199,300,131,,,,
2024-08-04 18:23,8.0 км,"ул. Декабристов, 69В","ул. Таватуйская, 25 корпус 2",131,131,141,199,300,131,,light rain,22.77C,60%
2024-08-04 18:34,5.0 км,"ул. Викулова, 41","ул. Куйбышева, 109",105,105,141,199,528,105,,,,
2024-08-04 18:44,2.7 км,"ул. Победы, 31","ул. Донбасская, 30",95,95,141,199,300,95,,scattered clouds,22.77C,60%
2024-08-04 18:55,761.4 м,"ул. Белоярская, 26","ул. Латвийская, 12",95,95,114,199,300,95,,scattered clouds,21.77C,64%
2024-08-04 19:06,8.8 км,"ул. Стачек, 12","ул. Щорса, 64",257,257,114,199,300,257,,scattered clouds,21.77C,64%
2024-08-04 19:17,1.7 км,"ул. Азина, 55","ул. Уральская, 8",149,149,125,199,300,149,,,,
2024-08-04 19:30,6.1 км,"ул. Пехотинцев, 6","ул. Шаумяна, 103 корпус 1",105,105,177,199,300,105,,scattered clouds,20.77C,68%
2024-08-04 19:40,10.5 км,"ул. Летчиков, 8А","ул. Санаторная, 13",131,131,167,199,300,131,,scattered clouds,20.77C,68%
2024-08-04 19:51,14.6 км,"ул. Краснолесья, 103","ул. Ярославская, 33",123,123,114,199,300,123,,scattered clouds,20.77C,68%
2024-08-04 20:02,6.4 км,"пр-кт Ленина, 58","ул. Техническая, 33",167,167,114,199,338,167,,,,
2024-08-04 20:13,5.5 км,"ул. Волгоградская, 39","ул. Вишневая, 38",284,284,125,199,300,284,,,,
2024-08-04 20:23,1.5 км,"ул. Ильича, 54","ул. Таганская, 52 корпус 1",105,105,141,199,300,105,,scattered clouds,19.77C,77%
2024-08-04 20:34,4.1 км,"ул. Фрунзе, Сооружение 60","Каслинский пер., 4а",239,239,141,199,414,239,,scattered clouds,19.77C,77%
2024-08-04 20:45,6.1 км,"ул. Колхозников, 89","ул. Кольцевая, 27",195,195,125,199,300,195,,light intensity shower rain,18.77C,88%
2024-08-04 20:56,11.4 км,"ул. Академика Бардина, 1","ул. Восстания, 116",195,195,125,199,300,195,,,,
2024-08-04 21:09,16.2 км,"ул. Варшавская, 36","пр-кт Седова, 43",123,123,114,199,300,123,,,,
2024-08-04 21:22,2.9 км,"ул. Хуторская, 12","ул. Большакова, 103",231,231,193,199,300,231,,,,
2024-08-04 21:32,9.5 км,"ул. Серафимы Дерябиной, 31 корпус 2","ул. Кировградская, 73",105,105,114,199,300,105,,,,
2024-08-04 21:45,18.2 км,"ул. Селькоровская, 106","ул. Новаторов, 14",95,95,230,199,300,95,,light intensity shower rain,17.77C,94%
2024-08-04 21:56,14.2 км,"ул. Мусоргского, 13","пр-кт Орджоникидзе, 4",167,167,125,199,300,167,,light intensity shower rain,16.77C,100%
2024-08-04 22:07,7.4 км,"Самоцветный б-р, 6","ул. Зои Космодемьянской, 44",221,221,114,199,300,221,,,,
2024-08-04 22:18,9.2 км,"ул. Техническая, 81","ул. Студенческая, 17",95,95,114,199,300,95,,,,
2024-08-04 22:30,17.7 км,"ул. Маневровая, 27а","ул. Грибоедова, 20",95,95,114,199,300,95,,light intensity shower rain,16.77C,100%
2024-08-04 22:41,3.4 км,"ул. 8 Марта, 185 корпус 1","ул. Ясная, 34 корпус 1",213,213,114,199,300,213,,,,
2024-08-04 22:54,13.4 км,"Ремесленный пер., 4","ул. Вали Котика, 13",113,113,114,199,300,113,,scattered clouds,16.77C,100%
2024-08-04 23:05,8.1 км,"ул. Народной воли, 69","ул. Индустрии, 39",266,266,114,199,300,266,,,,
2024-08-04 23:18,5.6 км,"ул. Азина, 26","ул. Белинского, 190",239,239,114,199,300,239,,scattered clouds,16.77C,100%
2024-08-04 23:29,8.1 км,"ул. Восточная, 14","Широкий пер., 6",221,221,114,199,300,221,,few clouds,15.77C,100%
2024-08-04 23:39,1.5 км,"ул. 22 Партсъезда, 7а","ул. Калинина, 62",105,105,114,199,300,105,,few clouds,15.77C,100%
2024-08-04 23:50,3.4 км,"ул. Громова, 28","ул. Машинная, 12",131,131,114,199,300,131,,clear sky,15.77C,100%
2024-08-05 00:01,778.4 м,"ул. Таватуйская, 5","ул. Минометчиков, 36",105,105,114,199,300,105,,,,
2024-08-05 00:14,6.5 км,"ул. Крестинского, 53","ул. Водная, 15",149,149,114,199,300,149,,clear sky,15.77C,100%
2024-08-05 00:25,11.8 км,"ул. Академика Парина, 38/4","ул. Академическая, 26",185,185,151,199,300,185,,,,
2024-08-05 00:38,6.6 км,"ул. Анны Бычковой, 12","ул. Академика Бардина, 38",141,141,167,199,300,141,,,,
2024-08-05 00:48,11.6 км,"ул. Аптекарская, 37","ул. Водонасосная, 27 корпус 1",123,123,114,199,300,123,,,,
2024-08-05 01:01,5.7 км,"пр-кт Космонавтов, 80 корпус 3","ул. Пионеров, 10 корпус 2",95,95,114,199,300,95,,,,
2024-08-05 01:12,3.9 км,"ул. Раевского, 6","Сиреневый б-р, 8",131,131,114,199,300,131,,,,
2024-08-05 01:23,5.8 км,"ул. Шефская, 101","ул. Уральских коммунаров, 114",95,95,114,199,300,95,,,,
2024-08-05 01:34,11.4 км,"ул. Селькоровская, 36","Пугачевский пер., 6",105,105,114,199,300,105,,clear sky,14.77C,100%
2024-08-05 01:44,4.8 км,"ул. Викулова, 37 корпус 2","ул. Шевченко, 25",302,302,141,199,300,302,,,,
2024-08-05 01:57,12.2 км,"ул. Крестинского, 8","ул. Победы, 53",113,113,256,199,300,113,,clear sky,14.77C,100%
2024-08-05 02:08,1.5 км,"ул. Хуторская, 10","Шаронова пер., 23а",113,113,282,199,300,113,,,,
2024-08-05 22:26,1.7 км,"ул. Сулимова, 61","ул. Ирбитская, 4-б",213,213,125,199,300,213,,scattered clouds,16.77C,100%
2024-08-05 22:36,7.7 км,"ул. Декабристов, 16/18В","ул. Донбасская, 29",257,257,167,199,338,257,,scattered clouds,16.77C,100%
2024-08-05 22:47,10.7 км,"ул. Авиационная, 75","ул. Красных командиров, 104",203,203,114,199,300,203,,scattered clouds,16.76C,100%
2024-08-05 22:58,8.8 км,"ул. Фролова, 29","ул. Гастелло, 28-б",159,159,114,199,300,159,,,,
2024-08-05 23:11,43.6 км,"ул. Ильича, 27","ул. Фабричная, 38",188,188,228,188,,,,
2024-08-05 23:22,4.9 км,"ул. Советская, 56","ул. Культуры, 12",159,159,114,199,300,159,,scattered clouds,16.77C,100%
2024-08-05 23:32,5.9 км,"ул. Шефская, 4","пр-кт Ленина, 46",105,105,114,199,300,105,,scattered clouds,16.77C,100%
2024-08-05 23:43,4.3 км,"ул. Московская, 215","ул. Фролова, 31",123,123,114,199,300,123,,scattered clouds,16.77C,100%
2024-08-05 23:54,5.1 км,"ул. Донбасская, 33а","ул. Шевченко, 15",95,95,141,199,300,95,,,,
2024-08-06 00:05,11.5 км,"ул. Билимбаевская, 14","ул. Академика Шварца, 10 корпус 3",95,95,264,199,300,95,,,,
2024-08-06 00:15,6.2 км,"ул. Машиностроителей, 79","ул. Блюхера, 75 корпус 3",195,195,238,199,300,195,,scattered clouds,16.77C,100%
2024-08-06 00:26,17.5 км,"ул. Испытателей, 16","ул. Красноуральская, 29 корпус 1",95,95,114,199,300,95,,scattered clouds,16.77C,100%
2024-08-06 00:37,8.5 км,"ул. 40-летия Комсомола, 22","ул. Ферганская, 1",113,113,114,199,300,113,,light rain,16.77C,100%
2024-08-06 00:48,17.7 км,"ул. Инженерная, 37","ул. Бакинских комиссаров, 18",95,95,114,199,300,95,,light rain,15.77C,100%
2024-08-06 00:58,2.1 км,"ул. Чапаева, 53","ул. Белинского, 183А",167,167,114,199,300,167,,,,
2024-08-06 01:09,2.5 км,"пр-кт Орджоникидзе, 11","ул. Шефская, 89 корпус 1",177,177,114,199,300,177,,,,
2024-08-06 01:22,14.4 км,"ул. Кировградская, 34","ул. Варшавская, 2б",123,123,125,199,300,123,,,,
2024-08-06 01:33,10.2 км,"пр-кт Космонавтов, 73","ул. Восточная, 31",113,113,125,199,300,113,,,,
2024-08-06 01:44,9.9 км,"ул. Ясная, 28","ул. Краснофлотцев, 49",141,141,151,199,300,141,,,,
2024-08-06 01:54,5.9 км,"ул. Софьи Перовской, 113","ул. Степана Разина, 29",149,149,167,199,300,149,,light rain,15.77C,100%
2024-08-06 02:05,7.6 км,"ул. Черноярская, 28","ул. Бебеля, 118",95,95,114,199,300,95,,,,
2024-08-06 02:18,2.3 км,"Коллективный пер., 13","ул. Бисертская, 10",167,167,290,199,300,167,,light rain,15.77C,100%
2024-08-06 02:29,9.1 км,"ул. 40-летия Октября, 25","ул. Сурикова, 28",95,95,193,199,300,95,,light rain,15.77C,100%
2024-08-06 02:40,6.4 км,"ул. Ирбитская, 71","ул. Фрунзе, 102",221,221,114,199,300,221,,,,
2024-08-06 02:50,14.2 км,"ул. Опалихинская, 18","ул. Инженерная, 19а",213,213,114,199,300,213,,,,
2024-08-06 03:01,4.5 км,"ул. Гражданской войны, 1","ул. Лобкова, 87",231,231,125,199,300,231,,,,
2024-08-06 03:14,2.0 км,"ул. Викулова, 46а","ул. Шаумяна, 92",185,185,167,199,300,185,,few clouds,15.77C,100%
2024-08-06 03:25,4.6 км,"ул. Гражданской войны, 1","ул. Красных командиров, 106",213,213,114,199,300,213,,,,
2024-08-06 03:36,1.2 км,"ул. Белореченская, 23 корпус 2","ул. Академика Бардина, 7 корпус 1",221,221,114,199,300,221,,,,
2024-08-06 03:49,7.0 км,"ул. Камчатская, 45","ул. Татищева, 58",123,123,114,199,300,123,,clear sky,15.76C,100%
2024-08-06 03:59,5.4 км,"Олимпийская наб., 9/2","Симбирский пер., 2",149,149,114,199,300,149,,clear sky,15.77C,100%
2024-08-06 04:10,20.5 км,"ул. Бахчиванджи, 21","ул. Фрезеровщиков, 25 корпус 1",95,95,114,199,300,95,,,,
2024-08-06 04:23,5.0 км,"ул. Байкальская, 35","ул. Мраморская, 28",195,195,141,199,300,195,,clear sky,15.77C,100%
2024-08-06 04:34,10.6 км,"ул. Павла Шаманова, 6","ул. Малышева, 139",141,141,282,199,300,141,,clear sky,15.77C,100%
2024-08-06 04:45,3.3 км,"ул. Ферганская, 4","ул. Онежская, 8а",185,185,193,199,300,185,,clear sky,15.77C,100%
2024-08-06 04:55,4.2 км,"ул. Заводская, Сооружение 83а","ул. Павла Шаманова, 48",105,105,193,199,300,105,,few clouds,15.77C,100%
2024-08-06 05:06,2.1 км,"ул. Красноуральская, 27 корпус 1","ул. Сакко и Ванцетти, 99",141,141,151,199,300,141,,few clouds,15.7C,100%
2024-08-06 05:17,8.8 км,"ул. Тверитина, 38 корпус 2","Замятина пер., 34",213,213,167,199,300,213,,broken clouds,15.77C,100%
2024-08-06 05:28,8.5 км,"ул. Ползунова, 26д","ул. 40-летия Комсомола, 20а",95,95,114,199,300,95,,broken clouds,15.77C,100%
2024-08-06 05:39,8.4 км,"ул. Белинского, 180","ул. Евгения Савкова, 37",221,221,114,199,300,221,,,,
2024-08-06 05:51,14.3 км,"ул. Летчиков, 11а","ул. Грибоедова, 16",95,95,114,199,300,95,,broken clouds,15.77C,100%
2024-08-06 06:02,5.9 км,"ул. Ангарская, 66","ул. Челюскинцев, 88",95,95,114,199,300,95,,scattered clouds,15.77C,100%
2024-08-06 06:13,16.6 км,"ул. Данилы Зверева, 28","ул. Стартовая, 20",149,149,177,199,300,149,,,,
2024-08-06 06:26,4.5 км,"пр-кт Седова, 44а","ул. Азина, 46",149,149,125,199,300,149,,,,
2024-08-06 06:39,15.4 км,"ул. Сахалинская, 5","ул. Атмосферная, 11",221,221,114,199,300,221,,,,
2024-08-06 06:52,13.1 км,"ул. Современников, 3","ул. Победы, 8",185,185,114,199,300,185,,broken clouds,15.77C,100%
2024-08-06 07:03,1.2 км,"ул. Сулимова, 59 корпус 1","ул. Луначарского, 17",167,167,114,199,300,167,,broken clouds,15.77C,100%
2024-08-06 07:13,7.2 км,"ул. Вилонова, 24","ул. Металлургов, 8",131,131,114,199,300,131,,,,
2024-08-06 07:26,13.3 км,"Обходной пер., 27","ул. Техническая, 52",239,239,141,199,300,239,,broken clouds,15.77C,100%
2024-08-06 07:37,14.4 км,"Замятина пер., 20","Петра Кожемяко б-р, 18",141,141,167,199,300,141,,broken clouds,15.77C,100%
2024-08-06 07:48,13.9 км,"ул. Хвойная, 79","ул. Краснофлотцев, 25а",203,203,114,199,300,203,,,,
2024-08-06 07:59,7.4 км,"ул. Репина, 17а","ул. Сыромолотова, 21а",123,123,114,199,300,123,,broken clouds,15.77C,100%
2024-08-06 08:09,8.8 км,"ул. Тверитина, 19","ул. Грибоедова, 1",95,95,114,199,300,95,,,,
2024-08-06 08:20,5.0 км,"ул. Билимбаевская, 17","ул. Стрелочников, 1",257,257,204,199,300,257,,broken clouds,15.77C,100%
2024-08-06 08:31,5.4 км,"ул. Академическая, 26","ул. Гурзуфская, 9а",221,221,167,283,300,221,,,,
2024-08-06 08:44,3.4 км,"ул. Расточная, 15 корпус 8","ул. Автомагистральная, 7",266,266,193,199,300,266,,broken clouds,15.77C,100%
2024-08-06 08:55,9.4 км,"ул. Новгородцевой, 31","пр-кт Орджоникидзе, 17а",167,167,212,199,300,167,,,,
2024-08-06 09:05,3.0 км,"ул. Мира, 1г","ул. Байкальская, 36",177,177,114,199,300,177,,broken clouds,16.77C,94%
2024-08-06 09:16,2.4 км,"ул. Первомайская, 101а","ул. Анны Бычковой, 16",159,159,114,199,300,159,,,,
2024-08-06 09:27,7.5 км,"ул. Амундсена, 68","ул. Советская, 23",185,185,125,199,300,185,,broken clouds,16.77C,94%
2024-08-06 09:38,9.6 км,"ул. Репина, 64","ул. 40-летия Октября, 69",167,167,204,199,300,167,,,,
2024-08-06 09:51,893.8 м,"ул. Авиационная, 83","ул. Хуторская, 6",149,149,114,199,300,149,,,,
2024-08-06 10:04,6.9 км,"ул. 8 Марта, 189 корпус 3","ул. Азина, 20/4",167,167,114,199,300,167,,broken clouds,16.77C,88%
2024-08-06 10:14,11.1 км,"ул. Ботаническая, 17","ул. Грибоедова, 10",105,105,114,199,300,105,,,,
2024-08-06 10:25,486.2 м,"ул. Академика Шварца, 16 корпус 2","ул. Родонитовая, 5",131,131,114,199,300,131,,broken clouds,18.77C,77%
2024-08-06 10:36,12.7 км,"ул. Сыромолотова, 11в","ул. Атмосферная, 5",195,195,114,199,300,195,,broken clouds,18.77C,77%
2024-08-06 10:47,624.5 м,"ул. Кобозева, 79","ул. Старых Большевиков, 38",105,105,212,235,300,105,,,,
2024-08-06 10:57,7.9 км,"ул. Бородина, 3","ул. Белинского, 147",113,113,114,199,300,113,,broken clouds,18.77C,77%
2024-08-06 11:08,5.9 км,"ул. Софьи Перовской, 117","ул. Лобкова, 34",113,113,125,199,300,113,,,,
2024-08-06 11:21,15.6 км,"пр-кт Академика Сахарова, 47","ул. Кобозева, 120а",221,221,301,283,300,221,,,,
2024-08-06 11:32,11.7 км,"ул. 40-летия Октября, 86","ул. Громова, 144",159,159,264,199,300,159,,,,
2024-08-06 11:43,10.1 км,"ул. Восточная, 21а","ул. Счастливая, 4",95,95,114,199,300,95,,,,
2024-08-06 11:54,14.6 км,"ул. Бахчиванджи, 3","ул. Сурикова, 50",95,95,114,199,300,95,,,,
2024-08-06 12:04,8.9 км,"ул. Куйбышева, 88","ул. Восстания, 56/2",95,95,114,199,300,95,,,,
2024-08-06 12:15,3.3 км,"ул. Армавирская, 17","ул. Уральская, 57 корпус 1",159,159,193,199,300,159,,,,
2024-08-06 12:26,14.8 км,"ул. Донская, 41","Малахитовый пер., 6",203,203,204,219,300,203,,,,
2024-08-06 12:39,8.0 км,"ул. Гражданская, Строение 11","ул. Павлодарская, 38",105,105,141,199,300,105,,,,
2024-08-06 12:52,17.2 км,"ул. Надеждинская, 14","ул. Новая, 5",159,159,212,199,300,159,,light rain,19.77C,77%
2024-08-06 13:03,2.4 км,"ул. Вишневая, 26б","ул. Бажова, 37",113,113,114,199,300,113,,,,
2024-08-06 13:13,18.9 км,"ул. Инженерная, 14а","ул. Восстания, 108",123,123,114,199,300,123,,,,
2024-08-06 13:24,3.7 км,"ул. Татищева, 47а","ул. Серафимы Дерябиной, 55 корпус 2",131,131,114,199,300,131,,,,
2024-08-06 13:37,4.8 км,"ул. Белореченская, 9/4","ул. Летчиков, 15-б",213,213,177,199,300,213,,,,
2024-08-06 13:50,1.6 км,"Замятина пер., 45","ул. Таганская, 89",167,167,114,199,300,167,,light rain,20.77C,73%
2024-08-06 14:01,6.9 км,"ул. Садовая, 4","ул. 8 Марта, 179а",167,167,151,199,300,167,,,,
2024-08-06 14:14,2.8 км,"ул. Папанина, 4","ул. Луначарского, 55",105,105,114,199,300,105,,light rain,21.77C,68%
2024-08-06 14:24,11.7 км,"ул. Уральская, 62 корпус 2","ул. Бисертская, 103",203,203,151,199,300,203,,,,
2024-08-06 14:35,4.1 км,"ул. Карла Маркса, 60","ул. Шаумяна, 90",113,113,141,199,300,113,,,,
2024-08-06 14:48,11.6 км,"ул. Академика Парина, 43","ул. Академическая, 11а",105,105,114,199,300,105,,light rain,21.76C,73%
2024-08-06 14:59,11.9 км,"ул. Селькоровская, 74","ул. Боровая, 19",141,141,114,199,300,141,,light rain,21.77C,73%
2024-08-06 15:10,4.6 км,"ул. Шарташская, 21а","ул. Белореченская, 9/3",105,105,114,199,300,105,,light rain,21.77C,73%
2024-08-06 15:21,14.8 км,"пр-кт Космонавтов, 69","ул. Удельная, 12",185,185,114,199,300,185,,light rain,21.77C,68%
2024-08-06 15:39,9.3 км,"ул. Куйбышева, 40б","ул. Славянская, 58",95,95,114,199,300,95,,light rain,21.77C,68%
2024-08-06 15:50,662.4 м,"ул. Малышева, 152-б","ул. Педагогическая, 20",123,123,114,199,300,123,,,,
2024-08-06 16:01,12.1 км,"ул. Можайского, 64","ул. Коуровская, 26",113,113,114,199,300,113,,,,
2024-08-06 16:11,3.6 км,"ул. Юмашева, 15","ул. Минометчиков, 40",123,123,114,199,300,123,,light rain,22.77C,64%
2024-08-06 16:22,12.7 км,"ул. Кировградская, 64","Волчанский пер., 8",105,105,141,199,300,105,,light rain,22.77C,64%
2024-08-06 16:33,10.0 км,"ул. Кунарская, 36","ул. Громова, 136",159,159,141,199,300,159,,light rain,23.77C,64%
2024-08-06 16:44,1802.1 км,"ул. Рассветная, 8 корпус 1","ул. Бажова, 138",176,176,182,181,176,,,,
2024-08-06 16:56,3.9 км,"ул. Межевая, 83а","ул. Академика Бардина, 44",159,159,114,199,300,159,,light rain,22.77C,60%
2024-08-06 17:07,4.9 км,"ул. Степана Разина, 107а корпус 2","ул. Рощинская, 69",177,177,230,219,300,177,,,,
2024-08-06 17:18,2.4 км,"Симбирский пер., 2","ул. Бакинских комиссаров, 169в",113,113,114,199,300,113,,,,
2024-08-06 17:29,3.7 км,"ул. Бебеля, 146","ул. Вайнера, 1",149,149,141,219,300,149,,,,
2024-08-06 22:50,6.8 км,"ул. Белореченская, 24 корпус 2","ул. Сулимова, 28б",105,105,114,199,300,105,,,,
2024-08-06 23:00,8.0 км,"ул. Ереванская, 63","ул. Очеретина, 3",159,159,114,199,300,159,,,,
2024-08-06 23:11,13.5 км,"ул. Академика Парина, 38/8","ул. Корепина, 11б",95,95,114,199,300,95,,,,
2024-08-06 23:22,7.8 км,"ул. Мурзинская, 28А","ул. 40-летия Октября, 56",177,177,114,199,300,177,,scattered clouds,14.77C,100%
2024-08-06 23:33,4.6 км,"ул. Красина, 127","ул. Бабушкина, 20",149,149,114,199,300,149,,scattered clouds,14.77C,100%
2024-08-06 23:43,3.1 км,"ул. Хомякова, 8","ул. Белореченская, 23 корпус 1",231,231,125,199,300,231,,clear sky,15.77C,100%
2024-08-06 23:54,3.9 км,"ул. Московская, 225 корпус 1","ул. Патриса Лумумбы, 31а",141,141,114,199,300,141,,,,
2024-08-07 00:05,3.6 км,"ул. Токарей, 44 корпус 3","ул. Ереванская, 61",185,185,114,199,300,185,,clear sky,15.77C,100%
2024-08-07 00:16,9.9 км,"ул. Онежская, 10","ул. Проезжая, 167",159,159,114,199,300,159,,clear sky,14.77C,100%
2024-08-07 00:26,2.2 км,"ул. Восточная, 14","ул. Гагарина, 35",239,239,125,199,300,239,,,,
2024-08-07 00:39,7.6 км,"Сиреневый б-р, 19а","ул. Краснофлотцев, 29",95,95,151,199,300,95,,,,
2024-08-07 00:50,5.7 км,"ул. Титова, 10","ул. Восточная, 88",131,131,114,199,300,131,,,,
2024-08-07 01:01,5.8 км,"ул. Уральских рабочих, 10","ул. Студенческая, 32",95,95,114,199,300,95,,clear sky,13.76C,100%
2024-08-07 01:12,18.2 км,"ул. Свердлова, 22","ул. Аквамариновая, 26",231,231,141,199,300,231,,,,
2024-08-07 01:25,9.1 км,"ул. Латвийская, 14","Ученический пер., 5",95,95,114,199,300,95,,,,
2024-08-07 01:35,11.4 км,"ст. Исток, 3","ул. Циолковского, 32",95,95,114,199,300,95,,overcast clouds,13.77C,100%
2024-08-07 01:46,1.6 км,"ул. Крауля, 77","ул. Мельникова, 20",95,95,114,199,300,95,,,,
2024-08-07 01:57,6.9 км,"Сиреневый б-р, 9","ул. Карельская, 59",113,113,204,199,300,113,,overcast clouds,12.77C,100%
2024-08-07 02:08,6.1 км,"ул. Новаторов, 11","ул. Пионеров, 8",149,149,114,199,300,149,,,,
2024-08-07 02:18,5.1 км,"ул. Чайковского, 13","ул. Сулимова, 42",167,167,114,199,300,167,,,,
2024-08-07 02:31,1.7 км,"ул. Мамина-Сибиряка, 132","ул. Сакко и Ванцетти, 111а",213,213,114,199,300,213,,clear sky,13.77C,100%
2024-08-07 02:42,9.5 км,"ул. Удельная, 11","ул. Челюскинцев, 92",105,105,114,199,300,105,,,,
2024-08-07 02:55,12.0 км,"Красный пер., 8","ул. Профсоюзная, 77",203,203,114,199,300,203,,,,
2024-08-07 03:08,4.8 км,"ул. Серова, 34","ул. Гагарина, 37",131,131,114,199,300,131,,clear sky,14.77C,100%
2024-08-07 03:19,5.9 км,"ул. Циолковского, 65","ул. Стрелочников, 3",131,131,114,199,300,131,,,,
2024-08-07 03:30,4.8 км,"ул. Донская, 32","ул. Блюхера, 53",113,113,125,199,300,113,,clear sky,12.77C,100%
2024-08-07 03:40,7.3 км,"ул. 8 Марта, 55","ул. Хмелева, 4",113,113,114,199,300,113,,broken clouds,13.77C,100%
2024-08-07 03:51,14.5 км,"ул. Кольцевая, 32","ул. Восстания, 120",239,239,114,199,300,239,,,,
2024-08-07 04:02,10.1 км,"ул. Бакинских комиссаров, 169а","Сиреневый б-р, 4 корпус 1",105,105,125,199,300,105,,,,
2024-08-07 04:13,7.7 км,"Замятина пер., 38 корпус 2","ул. Техническая, 22 корпус 3",95,95,114,199,300,95,,mist,14.77C,100%
2024-08-07 04:23,8.4 км,"ул. Посадская, 71","ул. Баумана, 22б",95,95,114,199,300,95,,fog,14.77C,100%
2024-08-07 04:34,5.0 км,"ул. Панельная, 9А","ул. Саввы Белых, 13",213,213,114,199,300,213,,,,
2024-08-07 04:45,1.2 км,"ул. Крестинского, 37 корпус 1","ул. Чайковского, 84 корпус 3",249,249,114,199,300,249,,,,
2024-08-07 04:56,8.1 км,"ул. Билимбаевская, 34 корпус 3","ул. Малышева, 30",95,95,177,199,300,95,,fog,14.77C,100%
2024-08-07 05:07,5.0 км,"ул. Красных борцов, 5а","ул. Билимбаевская, Строение 18а",266,266,114,199,300,266,,fog,14.77C,100%
2024-08-07 05:17,6.7 км,"ул. Восточная, 29","ул. Симферопольская, 29а",131,131,114,199,300,131,,fog,14.77C,100%
2024-08-07 05:28,13.1 км,"ул. Бакинских комиссаров, 23","ул. Евгения Савкова, 31",95,95,151,199,300,95,,,,
2024-08-07 05:41,6.3 км,"ул. Академика Шварца, 18 корпус 2","ул. Металлургов, 22",141,141,114,199,300,141,,mist,14.77C,100%
2024-08-07 05:52,5.7 км,"ул. Донбасская, 34","Асбестовский пер., 7",113,113,114,199,300,113,,mist,14.77C,100%
2024-08-07 06:03,4.9 км,"ул. Громова, 140","ул. Аптекарская, 43",203,203,114,199,300,203,,,,
2024-08-07 06:13,12.8 км,"ул. Блюхера, 42","ул. Селькоровская, 102 корпус 3",113,113,114,199,300,113,,,,
2024-08-07 06:24,12.4 км,"Запорожский пер., 4А","ул. Азина, 40",105,105,114,199,300,105,,mist,14.77C,100%
2024-08-07 06:35,2.1 км,"ул. Заводская, 47 корпус 1","ул. Пальмиро Тольятти, 15Д",167,167,114,199,300,167,,,,
2024-08-07 06:48,14.2 км,"Короткий пер., 9","ул. Дружининская, 5-б",167,167,114,199,300,167,,,,
2024-08-07 06:59,205.0 км,"ул. Сакко и Ванцетти, 50","ул. Комсомольская, 45 корпус 5",113,113,114,199,300,113,,mist,14.77C,100%
2024-08-07 07:09,5.7 км,"ул. Олега Кошевого, 46","ул. Краснолесья, 14 корпус 1",257,257,141,199,300,257,,,,
2024-08-07 07:20,5.4 км,"ул. Стрелочников, 21","ст. Аппаратная, 1",195,195,114,199,300,195,,,,
2024-08-07 07:33,15.9 км,"ул. Кузнечная, 81","ул. Бахчиванджи, 21",195,195,114,199,300,195,,overcast clouds,15.77C,100%
2024-08-07 07:44,5.8 км,"ул. Панельная, 11А","ул. Самолетная, 18а",131,131,212,199,300,131,,,,
2024-08-07 07:57,2.7 км,"ул. Ангарская, 58","ул. Минометчиков, 7",159,159,114,199,300,159,,,,
2024-08-07 08:10,15.5 км,"ул. Войкова, 68","ул. Мусоргского, 13",131,131,177,199,300,131,,overcast clouds,15.77C,100%
2024-08-07 08:20,5.3 км,"Химиков пер., 4","ул. Владимира Высоцкого, 20",95,95,114,199,300,95,,overcast clouds,15.77C,100%
2024-08-07 08:31,11.8 км,"ул. Родонитовая, 15","ул. Бакинских комиссаров, 23",149,149,177,199,300,149,,,,
2024-08-07 08:42,7.5 км,"ул. Ленинградская, 40","ул. Окружная, 8",239,239,301,199,338,239,,overcast clouds,15.77C,100%
2024-08-07 08:53,6.6 км,"Асбестовский пер., 3 корпус 3","Волчанский пер., 6",149,149,114,199,300,149,,overcast clouds,16.77C,100%
2024-08-07 09:04,6.4 км,"ул. 8 Марта, 120","ул. Вильгельма де Геннина, 49",95,95,114,199,300,95,,overcast clouds,16.77C,100%
2024-08-07 09:14,4.5 км,"ул. Баумана, 4б","Асбестовский пер., 3 корпус 2",113,113,141,199,300,113,,overcast clouds,16.77C,100%
2024-08-07 09:25,1.1 км,"ул. Фрунзе, 102","ул. Расковой, 8",105,105,114,199,300,105,,,,
2024-08-07 09:36,8.1 км,"ул. 8 Марта, 57","Зерновой пер., 3",105,105,114,199,300,105,,overcast clouds,16.77C,94%
2024-08-07 09:47,8.5 км,"ул. Шефская, 89 корпус 1","ул. Новгородцевой, 11",95,95,230,199,300,95,,,,
2024-08-07 10:00,6.4 км,"ул. Крауля, 61 корпус 1","ул. Военная, 5а",95,95,114,199,300,95,,,,
2024-08-07 10:13,2.5 км,"ул. Бажова, 87","ул. Малышева, 21 корпус 5",113,113,114,199,300,113,,,,
2024-08-07 10:23,6.3 км,"ул. Блюхера, 18","ул. Викулова, 35 корпус 3",141,141,114,199,300,141,,,,
2024-08-07 10:36,6.8 км,"ул. Агрономическая, 7","ул. Папанина, 28",195,195,193,199,300,195,,,,
2024-08-07 10:49,18.4 км,"ул. Авиаторов, 11","ул. Краснофлотцев, 39",95,95,114,199,300,95,,,,
2024-08-07 11:02,7.4 км,"ул. Титова, 12","Красный пер., 4а",131,131,141,199,300,131,,,,
2024-08-07 11:15,14.0 км,"ул. Корепина, 47","ул. Аптекарская, 47",141,141,167,199,300,141,,,,
2024-08-07 11:28,1.9 км,"ул. Щорса, 92а корпус 2","ул. Декабристов, 16/18Д",95,95,125,199,300,95,,overcast clouds,17.77C,88%
2024-08-07 11:39,10.6 км,"ул. Начдива Онуфриева, 24 корпус 2","ул. Самаркандская, 20",292,292,125,199,300,292,,overcast clouds,17.77C,88%
2024-08-07 11:50,2.5 км,"ул. Красных командиров, 21","ул. Красных партизан, 3",131,131,114,199,300,131,,overcast clouds,18.77C,82%
2024-08-07 12:00,3.4 км,"ул. Белинского, 220 корпус 3","ул. Московская, 68",123,123,114,199,300,123,,overcast clouds,18.77C,82%
2024-08-07 12:11,13.5 км,"ул. Щербакова, Строение 35","ул. Расточная, 47",105,105,151,199,300,105,,overcast clouds,18.77C,82%
2024-08-07 12:22,4.8 км,"Ученический пер., 10","ул. Белинского, 220 корпус 3",105,105,114,199,300,105,,overcast clouds,18.77C,88%
2024-08-07 12:33,4.1 км,"ул. Павла Шаманова, 5/1","ул. Волгоградская, 39",141,141,230,199,300,141,,overcast clouds,18.77C,88%
2024-08-07 12:43,11.7 км,"ул. Черноярская, 10а","ул. Серафимы Дерябиной, 30",105,105,114,199,300,105,,,,
2024-08-07 12:56,5.4 км,"ул. Саввы Белых, 12","ул. Студенческая, 25",105,105,114,199,300,105,,,,
2024-08-07 13:09,19.5 км,"ул. Красных командиров, 39","ул. Новокольцовская, 1",159,159,114,199,300,159,,,,
2024-08-07 13:22,4.7 км,"ул. Восточная, 74","ул. Красноуральская, 6",95,95,141,199,300,95,,broken clouds,20.77C,73%
2024-08-07 13:33,8.5 км,"ул. Фрунзе, 102","ул. Таватуйская, 25 корпус 4",131,131,141,199,300,131,,broken clouds,20.77C,73%
2024-08-07 13:44,2.2 км,"ул. Куйбышева, 112Д","ул. 40-летия Комсомола, 26",131,131,125,199,300,131,,,,
2024-08-07 13:55,16.4 км,"ул. Калинина, 8","ул. Черняховского, 41",141,141,151,199,300,141,,,,
2024-08-07 14:08,3.1 км,"ул. Куйбышева, 97","ул. Свердлова, 66",95,95,114,199,300,95,,broken clouds,20.77C,73%
2024-08-07 14:18,8.2 км,"ул. Восстания, 124","ул. Комсомольская, 27",149,149,141,199,300,149,,broken clouds,20.77C,73%
2024-08-07 14:29,10.5 км,"ул. Волгоградская, 196","ул. Красных командиров, 82",123,123,141,199,300,123,,,,
2024-08-07 14:40,10.5 км,"ул. Родонитовая, 23а","ул. Машиностроителей, 55",105,105,114,199,300,105,,,,
2024-08-07 14:53,5.0 км,"ул. Агрономическая, 26Б","ул. Большакова, 25",95,95,114,199,300,95,,light rain,20.77C,78%
2024-08-07 15:04,6.6 км,"ул. Евгения Савкова, 33а","ул. Дорожная, 12",249,249,114,199,300,249,,light rain,20.77C,78%
2024-08-07 15:14,7.3 км,"ул. Ленинградская, 29","ул. Походная, 7б",105,105,114,199,300,105,,,,
2024-08-07 16:19,10.0 км,"ул. Фрунзе, 76","ул. 40-летия Октября, 69",95,95,114,199,300,95,,scattered clouds,20.77C,78%
2024-08-07 16:29,1.9 км,"ул. Крестинского, 25","ул. Патриса Лумумбы, 27б",95,95,114,199,300,95,,,,
2024-08-07 16:42,12.1 км,"ул. Молотобойцев, 6","ул. Бахчиванджи, 14",123,123,151,199,300,123,,scattered clouds,20.77C,78%
2024-08-07 16:53,10.8 км,"ул. Краснофлотцев, 6","ул. Крестинского, 49 корпус 1",95,95,114,199,300,95,,scattered clouds,20.77C,73%
2024-08-07 17:04,8.3 км,"ул. Уральских рабочих, 50а","ул. Народного фронта, 70",105,105,141,199,300,105,,,,
2024-08-07 17:17,8.9 км,"ул. Бисертская, 16 корпус 4","ул. Серафимы Дерябиной, 33",266,266,141,199,300,266,,scattered clouds,20.77C,73%
2024-08-07 17:28,14.1 км,"Сухумский пер., 2","ул. Уральских рабочих, 16",113,113,114,199,300,113,,,,
2024-08-07 17:38,7.9 км,"ул. Уральских рабочих, 2","ул. Байкальская, 40",105,105,114,199,300,105,,scattered clouds,20.77C,73%
2024-08-07 17:49,5.1 км,"ул. Таватуйская, 12 корпус 1","ул. Малышева, 21 корпус 3",131,131,141,199,300,131,,scattered clouds,19.77C,83%
2024-08-07 18:00,13.1 км,"Малахитовый пер., 6","ул. Лукиных, 4",123,123,204,199,300,123,,,,
2024-08-07 18:11,12.4 км,"ул. Уральская, 1","ул. Центральная, 9",131,131,114,199,300,131,,scattered clouds,19.77C,83%
2024-08-07 18:21,6.4 км,"Замятина пер., 43","ул. Пехотинцев, 21а",113,113,114,199,300,113,,,,
2024-08-07 18:32,6.4 км,"ул. Донбасская, 39","ул. Энгельса, 15",131,131,125,199,300,131,,,,
2024-08-07 18:43,12.0 км,"ул. Симферопольская, 29","ул. Карельская, 44",141,141,212,199,300,141,,light intensity shower rain,18.77C,88%
2024-08-07 18:54,8.8 км,"ул. Мельникова, 27","Замятина пер., 35а",131,131,167,199,300,131,,broken clouds,18.77C,82%
2024-08-07 19:05,3.3 км,"ул. Волгоградская, 35","ул. Чкалова, 241",195,195,256,199,300,195,,,,
2024-08-07 19:15,8.9 км,"ул. Уральская, 50","ул. Титова, 15",105,105,114,199,300,105,,,,
2024-08-07 19:28,5.2 км,"ул. Расточная, 29","ул. Ломоносова, 24",123,123,125,199,300,123,,scattered clouds,19.77C,77%
2024-08-07 19:39,9.3 км,"ул. Металлургов, 32а","ул. Энтузиастов, 28",131,131,151,199,300,131,,,,
2024-08-07 19:52,4.9 км,"ул. Электриков, 4а","ул. Юмашева, 10",95,95,114,199,300,95,,broken clouds,18.77C,82%
2024-08-07 20:03,1.6 км,"ул. Боровая, 22","ул. Пионеров, 7",95,95,114,199,300,95,,,,
2024-08-07 20:16,11.3 км,"ул. Комсомольская, 45 корпус 10","ул. Трактовая, 8",159,159,151,199,300,159,,,,
2024-08-07 20:29,13.4 км,"ул. Машиностроителей, 73","Коллективный пер., 5",113,113,114,199,300,113,,,,
2024-08-07 20:39,3.5 км,"ул. Омская, 108","ул. Уральских коммунаров, 37",123,123,114,199,300,123,,broken clouds,17.77C,88%
2024-08-07 20:50,6.1 км,"ул. Маневровая, 15","ул. Репина, 58",95,95,114,199,300,95,,broken clouds,17.77C,88%
2024-08-07 21:01,9.5 км,"ул. Косарева, 15","ул. Тверитина, 42 корпус 3",105,105,114,199,300,105,,,,
2024-08-07 21:14,10.2 км,"ул. Отто Шмидта, 70","ул. Билимбаевская, 30",159,159,125,199,300,159,,broken clouds,17.77C,88%
2024-08-07 21:25,4.9 км,"ул. Июльская, 53","ул. Фрезеровщиков, 35",141,141,125,199,300,141,,,,
2024-08-07 21:35,7.8 км,"ул. Начдива Васильева, 34","ул. Селькоровская, 10",131,131,125,199,300,131,,,,
2024-08-07 21:46,4.8 км,"ул. Академическая, 15","ул. Краснофлотцев, 39а",131,131,114,199,300,131,,,,
2024-08-07 21:57,2.9 км,"ул. Восточная, 182","ул. Лодыгина, 13",266,266,212,299,300,266,,broken clouds,16.77C,94%
2024-08-07 22:08,7.7 км,"ул. Современников, 8","Красный пер., 8а",105,105,141,199,300,105,,broken clouds,16.77C,94%
2024-08-07 22:18,12.9 км,"ул. Бахчиванджи, 18","ул. Титова, 30",95,95,114,199,300,95,,,,
2024-08-07 22:29,501.6 м,"ул. Кузнечная, 91","ул. Шарташская, 9 корпус 3",221,221,256,235,300,221,,,,
2024-08-07 22:40,2.5 км,"ул. Фрунзе, Строение 51","ул. Московская, 26а",195,195,114,199,300,195,,,,
2024-08-07 22:51,5.9 км,"Верх-Исетский б-р, 18","ул. Луганская, 23а",213,213,114,199,300,213,,,,
2024-08-07 23:04,3.3 км,"ул. Учителей, 7","ул. Бабушкина, 29",149,149,114,199,300,149,,,,
2024-08-07 23:17,7.4 км,"ул. Крауля, 77","ул. Новосибирская, 103",167,167,114,199,300,167,,,,
2024-08-07 23:29,9.7 км,"ул. Кунарская, 6","ул. Комвузовская, 19",95,95,114,199,300,95,,,,
2024-08-07 23:40,5.0 км,"ул. Мраморская, 38","ул. Восточная, 84а",105,105,114,199,300,105,,overcast clouds,15.77C,88%
2024-08-07 23:51,14.2 км,"ул. Индустрии, 39","ул. Далекая, 30",95,95,114,199,300,95,,,,
2024-08-08 00:04,4.0 км,"ул. Шевченко, 20","ул. Новгородцевой, 19 корпус 1",257,257,177,199,300,257,,,,
2024-08-08 00:15,886.0 м,"ул. Авиационная, 84","ул. Онежская, 2а",123,123,114,199,300,123,,,,
2024-08-08 00:28,9.0 км,"ул. Ангарская, 54б","ул. Академика Бардина, 6 корпус 1",95,95,151,199,300,95,,,,
2024-08-08 00:38,7.8 км,"ул. Солнечная, 43а","ул. Большой Конный п-ов, 3",203,203,114,199,300,203,,,,
2024-08-08 00:49,8.6 км,"ул. Декабристов, 51","Замятина пер., 27а",167,167,114,199,300,167,,overcast clouds,14.77C,82%
2024-08-08 01:00,2.8 км,"ул. Новаторов, 7","ул. Корепина, 45а",131,131,114,199,300,131,,,,
2024-08-08 01:13,12.6 км,"пр-кт Космонавтов, 93","ул. Щорса, 92а корпус 6",95,95,114,199,300,95,,overcast clouds,14.77C,82%
2024-08-08 01:24,18.9 км,"ул. Старых Большевиков, 27","ул. Ракетная, 3",131,131,114,199,300,131,,,,
2024-08-08 01:37,12.1 км,"ул. Папанина, 25","ул. Профсоюзная, 12",123,123,114,199,300,123,,,,
2024-08-08 01:50,9.0 км,"ул. Старых Большевиков, 28","ул. Машинная, 1б/5",95,95,114,199,300,95,,,,
2024-08-08 02:03,3.4 км,"ул. Армавирская, 22","ул. Коуровская, 26",95,95,114,199,300,95,,clear sky,14.77C,82%
2024-08-08 02:13,5.2 км,"ул. Комвузовская, 21","ул. Лобкова, 34",95,95,114,199,300,95,,,,
2024-08-08 02:26,7.5 км,"Дизельный пер., 35","ул. Луначарского, 185А",131,131,114,199,300,131,,,,
2024-08-08 02:37,11.9 км,"ул. Ирбитская, 4-б","ул. Славянская, 40",105,105,114,199,300,105,,,,
2024-08-08 02:50,10.9 км,"ул. 40-летия Октября, 53","ул. Авиационная, 63 корпус 3",105,105,204,199,300,105,,clear sky,13.77C,88%
2024-08-08 03:01,9.0 км,"Решетникова проезд, 2","ул. Техническая, 68",105,105,114,199,300,105,,clear sky,13.77C,88%
2024-08-08 03:12,5.0 км,"ул. Цвиллинга, Строение 53","ул. Академическая, 8",105,105,114,199,300,105,,,,
2024-08-08 03:22,11.6 км,"ул. Серафимы Дерябиной, 43а","пр-кт Космонавтов, 78б",95,95,114,199,300,95,,clear sky,13.77C,82%
2024-08-08 03:33,17.2 км,"ул. Парниковая, 15","ст. Исток, 8",105,105,114,199,300,105,,clear sky,13.77C,82%
2024-08-08 03:44,15.3 км,"ул. Электриков, 24","Энергетиков пер., 5",113,113,114,199,300,113,,clear sky,13.77C,82%
2024-08-08 03:55,3.6 км,"ул. Сакко и Ванцетти, 105 корпус 1","Решетникова проезд, 3",131,131,114,199,300,131,,,,
2024-08-08 04:08,10.8 км,"ул. Мамина-Сибиряка, 45","ул. Колхозников, 86",141,141,114,199,300,141,,,,
2024-08-08 04:18,8.9 км,"ул. Шаумяна, 98 корпус 2","ул. Бабушкина, 30а",159,159,151,235,300,159,,,,
2024-08-08 04:29,9.5 км,"пр-кт Ленина, 69 корпус 7","ул. Евгения Савкова, 15",113,113,114,199,300,113,,clear sky,12.77C,88%
2024-08-08 04:40,7.2 км,"ул. Симферопольская, 31а","ул. Сони Морозовой, 190",131,131,114,199,300,131,,clear sky,12.77C,88%
2024-08-08 04:51,8.1 км,"ул. Волгоградская, 182а","ул. Раевского, 8",159,159,125,199,300,159,,clear sky,13.77C,82%
2024-08-08 05:01,8.3 км,"ул. Владимира Высоцкого, 10","Решетникова проезд, 7",95,95,114,199,300,95,,clear sky,13.77C,82%
2024-08-08 05:12,8.5 км,"ул. Индустрии, 56","ул. Фабричная, 29",149,149,141,199,300,149,,,,
2024-08-08 05:25,6.8 км,"ул. Сакко и Ванцетти, 105 корпус 2","ул. Ильича, 12",167,167,114,199,300,167,,clear sky,12.77C,94%
2024-08-08 05:36,7.4 км,"Низовой пер., 10а","ул. Технологическая, 5",95,95,114,199,300,95,,,,
2024-08-08 05:47,18.6 км,"ул. Белоярская, 10","ул. Расточная, 35а",105,105,114,199,300,105,,clear sky,12.77C,94%
2024-08-08 05:57,5.8 км,"ул. Краснофлотцев, 32","пр-кт Ленина, 52 корпус 1",105,105,114,199,300,105,,,,
2024-08-08 06:08,3.1 км,"ул. Куйбышева, 137","ул. Авиационная, 82",123,123,114,199,300,123,,scattered clouds,12.77C,94%
2024-08-08 06:19,5.0 км,"пр-кт Космонавтов, 27б","ул. Советская, 7 корпус 2",123,123,167,199,300,123,,,,
2024-08-08 06:30,15.0 км,"ул. Старых Большевиков, 84 корпус 3","ул. Академика Парина, 43/3",203,203,167,199,300,203,,few clouds,12.77C,94%
2024-08-08 06:41,14.1 км,"ул. Бахчиванджи, 12а","ул. Комвузовская, 19А",95,95,114,199,300,95,,few clouds,12.77C,94%
2024-08-08 06:51,7.6 км,"ул. Восточная, 7а","ул. Симферопольская, 33",95,95,114,199,300,95,,,,
2024-08-08 07:02,11.9 км,"ул. Фурманова, 110","ул. Латвийская, 5",141,141,114,199,300,141,,,,
2024-08-08 07:15,12.7 км,"ул. Евгения Савкова, 35","ул. Фронтовых бригад, 7",141,141,114,199,300,141,,broken clouds,12.77C,94%
2024-08-08 07:26,3.9 км,"ул. Нагорная, 57","ул. Водонасосная, 2",266,266,114,199,300,266,,broken clouds,12.77C,94%
2024-08-08 07:37,24.1 км,"ул. Стахановская, 14","ул. Алая, 1",159,159,125,199,300,159,,broken clouds,12.77C,94%
2024-08-08 07:47,3.0 км,"пр-кт Космонавтов, 38","ул. Бакинских комиссаров, 100",95,95,114,199,300,95,,,,
2024-08-08 08:00,8.5 км,"Асбестовский пер., 8","ул. Кунарская, 18а",95,95,114,199,300,95,,,,
2024-08-08 08:11,8.0 км,"ул. Очеретина, 6","ул. Ватутина, 8",213,213,114,199,300,213,,,,
2024-08-08 08:24,11.0 км,"ул. Краснолесья, 99","ул. Студенческая, 4",131,131,177,199,300,131,,,,
2024-08-08 08:35,9.3 км,"ул. Машиностроителей, 39","ул. 40-летия Комсомола, 22",284,284,151,199,300,284,,,,
2024-08-08 08:46,13.2 км,"ул. Корепина, 25","ул. Хрустальногорская, 77",113,113,151,199,300,113,,broken clouds,12.77C,94%
2024-08-08 08:56,10.7 км,"ул. Краснолесья, Строение 49","ул. Сыромолотова, 9",141,141,125,199,300,141,,,,
2024-08-08 09:09,529.6 м,"ул. Фролова, 27","ул. Викулова, 33 корпус 2",95,95,114,199,300,95,,,,
2024-08-08 09:22,17.2 км,"ул. Маяковского, 29","ул. Бахчиванджи, 21",113,113,141,199,300,113,,,,
2024-08-08 09:33,14.3 км,"Крутихинский пер., 18","ул. Родонитовая, 20а",177,177,230,199,300,177,,,,
2024-08-08 09:46,5.7 км,"ул. Куйбышева, 94","ул. Заводская, 45а",105,105,114,199,300,105,,,,
2024-08-08 09:57,5.9 км,"ул. Ильича, 29","ул. Проезжая, 167",185,185,204,199,300,185,,,,
2024-08-08 10:08,3.9 км,"Изумрудный пер., 4","Трамвайный пер., 2 корпус 4",177,177,141,199,300,177,,,,
2024-08-08 10:18,10.4 км,"ул. Лобкова, 50","ул. Машинная, 42 корпус 1",195,195,317,199,300,195,,broken clouds,13.77C,88%
2024-08-08 10:29,8.0 км,"ул. Индустрии, 21","ул. Белореченская, 3б",113,113,141,199,300,113,,,,
2024-08-08 10:40,11.2 км,"Дерновый пер., 16","ул. Июльская, 48",95,95,114,199,300,95,,broken clouds,13.77C,88%
2024-08-08 10:51,11.1 км,"ул. Родонитовая, 15","ул. Краснофлотцев, 41",123,123,114,199,300,123,,,,
2024-08-08 11:04,7.0 км,"ул. Москвина, 4","ул. Рощинская, 28",113,113,114,199,300,113,,,,
2024-08-08 11:14,15.0 км,"ул. Баумана, 10а","ул. Латвийская, 3",167,167,114,199,300,167,,,,
2024-08-08 11:27,2.9 км,"ул. Культуры, 24","ул. Пехотинцев, 10",95,95,114,199,300,95,,,,
2024-08-08 11:38,7.7 км,"ул. Июльская, 46","ул. Расточная, 15 корпус 3",167,167,114,199,300,167,,,,
2024-08-08 11:51,8.3 км,"ул. Ленинградская, 29","ул. Фестивальная, 21",105,105,114,199,300,105,,broken clouds,14.77C,77%
2024-08-08 12:02,1.8 км,"ул. Ясная, 24","ул. Викулова, 59 корпус 2",95,95,114,199,300,95,,broken clouds,14.77C,77%
2024-08-08 12:13,3.9 км,"Сибирский тракт, 15","ул. Азина, 20/1",95,95,114,199,300,95,,broken clouds,14.77C,77%
2024-08-08 12:23,4.8 км,"ул. Калинина, 51","ул. Челюскинцев, 70",149,149,125,199,300,149,,,,
2024-08-08 12:34,7.0 км,"ул. Крестинского, 37 корпус 1","ул. Татищева, 96",195,195,167,199,300,195,,,,
2024-08-08 12:45,14.5 км,"ул. Бахчиванджи, 9","пр-кт Ленина, 62 корпус 6",95,95,114,199,300,95,,overcast clouds,14.77C,77%
2024-08-08 12:56,6.1 км,"ул. Московская, 28а","ул. Современников, 31",95,95,114,199,300,95,,overcast clouds,14.77C,77%
2024-08-08 13:07,8.4 км,"ул. Курганская, 4","ул. Палисадная, 6",203,203,151,199,300,203,,overcast clouds,14.77C,77%
2024-08-08 13:17,12.5 км,"ул. Титова, 17в","ул. Корепина, 42",105,105,125,199,300,105,,,,
2024-08-08 13:30,8.7 км,"ул. Заводская, 12","ул. Таганская, 24",177,177,141,199,300,177,,,,
2024-08-08 13:41,11.3 км,"ул. Инженерная, 71","ул. Блюхера, 55",131,131,114,199,300,131,,,,
2024-08-08 13:54,9.4 км,"ул. Шейнкмана, 121","ул. Индустрии, 96б",95,95,114,199,300,95,,overcast clouds,15.77C,67%
2024-08-08 14:05,18.9 км,"ул. Ракетная, 3","ул. Таганская, 7",95,95,114,199,300,95,,,,
2024-08-08 14:16,3.2 км,"ул. Восточная, 170","ул. Свердлова, 14",95,95,114,199,300,95,,overcast clouds,15.77C,67%
2024-08-08 14:26,7.5 км,"ул. Технологическая, 7а","ул. Бакинских комиссаров, 97",123,123,125,199,300,123,,overcast clouds,14.77C,72%
2024-08-08 14:37,69.3 м,"ул. Санаторная, 8","ул. Санаторная, 5",113,113,141,199,300,113,,overcast clouds,14.77C,72%
2024-08-08 14:48,2.6 км,"ул. Пальмиро Тольятти, 24","ул. Красноармейская, 80",131,131,125,199,300,131,,broken clouds,15.77C,72%
2024-08-08 14:59,9.3 км,"ул. Азина, 15","ул. Павла Шаманова, 10",95,95,114,199,300,95,,,,
2024-08-08 15:10,6.3 км,"ул. Металлургов, 16","ул. Библиотечная, 50а",105,105,114,199,300,105,,,,
2024-08-08 15:22,5.3 км,"ул. Нагорная, 11","ул. Таватуйская, 25 корпус 2",123,123,114,199,300,123,,,,
2024-08-08 15:33,4.6 км,"ул. Краснолесья, 18 корпус 1","ул. Мусоргского, 13",105,105,114,199,300,105,,broken clouds,15.77C,67%
2024-08-08 15:44,9.4 км,"ул. Комсомольская, 52","ул. Билимбаевская, 14",95,95,114,199,300,95,,,,
2024-08-08 15:57,13.6 км,"ул. Ляпустина, 10а","ул. Бабушкина, 30",95,95,114,199,300,95,,,,
2024-08-08 16:08,9.7 км,"ул. Белинского, 152 корпус 1","ул. Индустрии, 37",105,105,114,199,300,105,,broken clouds,15.77C,63%
2024-08-08 16:19,9.7 км,"ул. Папанина, 10","ул. Патриса Лумумбы, 95",113,113,114,199,300,113,,broken clouds,15.77C,67%
2024-08-08 16:29,10.2 км,"ул. Пальмиро Тольятти, 15А","пр-кт Космонавтов, 69",141,141,125,199,300,141,,broken clouds,15.77C,67%
2024-08-08 16:40,4.4 км,"Базовый пер., 54","ул. Тимирязева, 13",177,177,114,199,300,177,,,,
2024-08-08 16:53,4.5 км,"ул. Советская, 2б","ул. 8 Марта, 120",113,113,114,199,300,113,,,,
2024-08-08 17:06,6.5 км,"ул. Советская, 7 корпус 1","ул. Металлургов, 50",131,131,141,199,300,131,,,,
2024-08-08 17:19,7.0 км,"ул. Посадская, 69","ул. Маневровая, 12",167,167,114,199,300,167,,,,
2024-08-08 17:32,7.1 км,"ул. Гастелло, 19а","ул. Бажова, 55",149,149,167,247,300,149,,,,
2024-08-08 17:43,3.4 км,"ул. Студенческая, 10","ул. Народной воли, 103",185,185,167,199,300,185,,,,
2024-08-08 17:56,8.0 км,"ул. Металлургов, 14а","ул. Индустрии, 28",203,203,177,199,300,203,,,,
2024-08-08 18:09,18.4 км,"ул. Инженерная, 28","ул. Восстания, 91",177,177,151,199,300,177,,scattered clouds,15.77C,67%
2024-08-08 18:19,6.6 км,"ул. Надеждинская, 9","ул. Старых Большевиков, 16а",149,149,167,263,376,149,,scattered clouds,14.77C,72%
2024-08-08 18:30,9.0 км,"ул. Луначарского, 21а","ул. Дорожная, 13",113,113,114,199,300,113,,scattered clouds,14.77C,72%
2024-08-08 18:41,6.8 км,"ул. Академика Шварца, 10 корпус 1","Сибирский тракт 11 км., 3",149,149,193,199,300,149,,,,
2024-08-08 18:52,7.9 км,"ул. Вильгельма де Геннина, 43","ул. Готвальда, 21 корпус 1",113,113,114,219,300,113,,,,
2024-08-08 19:05,4.4 км,"ул. Индустрии, 94б","ул. Завокзальная, 4",123,123,256,199,300,123,,scattered clouds,14.77C,67%
2024-08-08 19:16,21.8 км,"ул. Бакинских комиссаров, 17","ул. Бахчиванджи, 11",113,113,125,199,300,113,,,,
2024-08-08 19:29,10.1 км,"ул. Мира, 42","ул. Червонная, 19",123,123,125,199,300,123,,broken clouds,13.77C,72%
2024-08-08 19:39,3.0 км,"Транспортников пер., 3","ул. Бажова, 87",95,95,125,199,300,95,,broken clouds,13.77C,72%
2024-08-08 19:50,10.9 км,"Асбестовский пер., 3","ул. Славянская, 46а",105,105,125,199,300,105,,,,
2024-08-08 20:01,1.8 км,"ул. Отто Шмидта, 48 корпус а","ул. Московская, 76",149,149,151,199,300,149,,broken clouds,13.77C,72%
2024-08-08 20:12,4.3 км,"ул. Крауля, 80 корпус 3","ул. Начдива Онуфриева, 48",123,123,125,199,300,123,,,,
2024-08-08 20:25,2.1 км,"пр-кт Ленина, 48","Сибирский тракт 9 км., 105",177,177,151,199,300,177,,broken clouds,13.77C,77%
2024-08-08 20:36,13.3 км,"ул. Патриотов, 10","Теплогорский пер., 16",95,95,114,199,300,95,,broken clouds,13.77C,77%
2024-08-08 20:46,6.4 км,"ул. Студенческая, 82","ул. Краснофлотцев, 31",113,113,125,199,300,113,,scattered clouds,11.77C,82%
2024-08-08 20:57,3.7 км,"ул. Шевченко, 25а","ул. Гурзуфская, 17",131,131,125,199,300,131,,,,
2024-08-08 21:10,16.9 км,"ул. Красных борцов, 19","ул. Косарева, 1",105,105,114,199,300,105,,scattered clouds,11.77C,82%
2024-08-08 21:21,2.9 км,"Сиреневый б-р, 10","ул. Восточная, 162а",113,113,141,199,300,113,,,,
2024-08-08 21:34,8.5 км,"ул. Красных партизан, 8","ул. Рассветная, 3",159,159,114,199,300,159,,,,
2024-08-08 21:45,8.4 км,"ул. Шевченко, 21","ул. Агрономическая, 36",177,177,167,199,300,177,,few clouds,10.77C,82%
2024-08-08 21:55,7.9 км,"ул. Ангарская, 56","ул. Бажова, 49",95,95,114,199,300,95,,,,
2024-08-08 22:06,10.1 км,"ул. Краснолесья, 16 корпус 1","ул. Уральская, 48",95,95,114,199,300,95,,few clouds,10.77C,82%
2024-08-08 22:17,7.1 км,"Гаринский пер., 16","ул. Достоевского, 63",213,213,238,327,338,213,,few clouds,10.77C,82%
2024-08-08 22:28,5.1 км,"ул. Ферганская, 20","ул. Анатолия Мехренцева, 42",195,195,167,199,300,195,,clear sky,7.77C,100%
2024-08-08 22:39,2.1 км,"ул. Куйбышева, 121","Ученический пер., 4а",284,284,317,199,300,284,,,,
2024-08-08 22:49,14.1 км,"ул. Евгения Савкова, 3","ул. Народного фронта, 68",95,95,114,199,300,95,,,,
2024-08-08 23:02,13.2 км,"ул. Данилы Зверева, 36","ул. Профсоюзная, 43",203,203,114,199,300,203,,,,
2024-08-08 23:13,6.4 км,"ул. Бажова, 37","ул. Водоемная, 74",302,302,141,199,300,302,,,,
2024-08-08 23:24,3.5 км,"ул. Малышева, 21 корпус 4","ул. Летчиков, 23",356,356,125,199,300,356,,,,
2024-08-08 23:37,4.3 км,"ул. Серафимы Дерябиной, 31 корпус 3","ул. Крестинского, 25",177,177,141,199,300,177,,clear sky,6.77C,100%
2024-08-08 23:48,2.6 км,"ул. Куйбышева, 40б","ул. Степана Разина, 107б",221,221,114,199,300,221,,clear sky,6.77C,100%
2024-08-08 23:58,10.4 км,"ул. Кузнецова, 12а","ул. Академика Бардина, 50",,,,,,,,,,
2024-08-09 00:09,7.2 км,"ул. Посадская, 43","ул. 40-летия Комсомола, 14б",221,221,125,199,300,221,,clear sky,6.77C,100%
2024-08-09 00:20,11.9 км,"ул. Победы, 13","ул. Сортировочная, 4",95,95,114,199,300,95,,,,
2024-08-09 00:33,6.4 км,"ул. Челюскинцев, 25","ул. Чайковского, 86в",203,203,125,199,300,203,,clear sky,6.77C,100%
2024-08-09 00:44,6.5 км,"ул. Фурманова, 62","Волчанский пер., 2А",131,131,114,199,300,131,,,,
2024-08-09 00:55,858.4 м,"ул. Восточная, 19а","ул. Тверитина, 17",203,203,141,199,300,203,,,,
2024-08-09 01:08,12.6 км,"ул. Азина, 20/4","ул. Бисертская, 8",123,123,114,199,300,123,,clear sky,6.77C,100%
2024-08-09 01:18,17.9 км,"ул. Патриса Лумумбы, 93","пр-кт Космонавтов, 108е",95,95,151,199,300,95,,clear sky,6.77C,100%
2024-08-09 01:29,15.3 км,"пр-кт Академика Сахарова, 62","ул. Проезжая, 167",95,95,114,199,300,95,,few clouds,6.77C,100%
2024-08-09 01:40,10.9 км,"пр-кт Седова, 33","Таллинский пер., 7",95,95,114,199,300,95,,few clouds,6.77C,100%
2024-08-09 01:51,9.7 км,"ул. Кунарская, 32","ул. Чапаева, 14 корпус 9",105,105,114,199,300,105,,few clouds,5.77C,100%
2024-08-09 02:02,7.8 км,"ул. Байкальская, 48","ул. Далекая, 24",123,123,151,199,300,123,,few clouds,5.77C,100%
2024-08-09 02:12,9.7 км,"ул. Родонитовая, 15","пр-кт Космонавтов, 26а",141,141,114,199,300,141,,,,
2024-08-09 02:23,5.3 км,"ул. Отто Шмидта, 60","ул. Готвальда, 24",105,105,114,199,300,105,,few clouds,6.77C,100%
2024-08-09 02:34,573.6 м,"ул. Далекая, 24","ул. Ферганская, 3",113,113,141,199,300,113,,,,
2024-08-09 02:47,8.3 км,"ул. Минометчиков, 30","ул. Белинского, 180",95,95,114,199,300,95,,scattered clouds,5.77C,100%
2024-08-09 02:58,6.9 км,"ул. Сони Морозовой, 167","ул. Лобкова, 22",105,105,151,199,300,105,,,,
2024-08-09 03:11,6.8 км,"ул. Новгородцевой, 31","ул. Завокзальная, 2",195,195,114,199,300,195,,scattered clouds,5.77C,100%
2024-08-09 03:22,9.5 км,"ул. Щорса, 60а","ул. Энтузиастов, 33",95,95,114,199,300,95,,,,
2024-08-09 03:32,4.9 км,"ул. Чайковского, 86 корпус 4","ул. Серафимы Дерябиной, 30б",113,113,125,199,300,113,,scattered clouds,5.77C,100%
2024-08-09 03:43,2.2 км,"ул. Тепличная, Сооружение 1","ул. Краснофлотцев, 1в",374,374,193,199,300,374,,,,
2024-08-09 03:56,973.1 м,"ул. Московская, 29","ул. 8 Марта, 4",141,141,114,199,300,141,,scattered clouds,7.77C,100%
2024-08-09 04:07,5.6 км,"ул. Индустрии, 52а","ул. Советская, 14",159,159,141,199,300,159,,scattered clouds,7.77C,100%
2024-08-09 04:18,11.7 км,"ул. Электриков, 9","ул. Патриса Лумумбы, 29б",159,159,125,199,300,159,,broken clouds,7.77C,100%
2024-08-09 04:29,7.6 км,"ул. Гастелло, 32","ул. Барвинка, 20",95,95,114,199,300,95,,broken clouds,7.77C,100%
2024-08-09 04:39,5.2 км,"ул. Сулимова, 39","ул. 40-летия Комсомола, 32 корпус 1",105,105,114,199,300,105,,broken clouds,7.77C,100%
2024-08-09 04:50,7.3 км,"ул. Расточная, 15 корпус 5","ул. Ломоносова, 151",141,141,114,199,300,141,,broken clouds,7.77C,100%
2024-08-09 05:01,3.4 км,"Коллективный пер., 13","ул. Гастелло, 32",123,123,204,199,300,123,,,,
2024-08-09 05:12,6.5 км,"ул. Машиностроителей, 61","ул. Бажова, 134",105,105,114,199,300,105,,broken clouds,7.77C,100%
2024-08-09 05:23,4.9 км,"ул. Александровская, 4","ул. Конотопская, 2А",95,95,212,199,300,95,,,,
2024-08-09 05:35,10.1 км,"ул. Грибоедова, 4","ул. Чкалова, 243",95,95,114,199,300,95,,broken clouds,7.77C,100%
2024-08-09 05:46,7.1 км,"ул. Крестинского, 37","ул. Фролова, 29",149,149,114,199,300,149,,clear sky,8.77C,100%
2024-08-09 05:57,4.1 км,"ул. Большакова, 107","ул. Водоемная, 72",149,149,114,199,300,149,,clear sky,8.77C,100%
2024-08-09 06:08,2.7 км,"ул. Малышева, 111-б","ул. Сыромолотова, 24",105,105,114,199,300,105,,,,
2024-08-09 06:19,2.5 км,"ул. 8 Марта, 90а","ул. Амундсена, 58 корпус 1",149,149,125,199,300,149,,clear sky,8.77C,100%
2024-08-09 06:30,3.7 км,"ул. Бажова, 99","ул. Пальмиро Тольятти, 30",213,213,114,199,300,213,,,,
2024-08-09 06:43,9.9 км,"Газорезчиков пер., 43","ул. Гагарина, 27",141,141,114,199,300,141,,clear sky,9.77C,100%
2024-08-09 06:53,2.3 км,"ул. Крауля, 4","ул. Опалихинская, 21",105,105,114,199,300,105,,clear sky,11.77C,87%
2024-08-09 07:04,12.9 км,"ул. Чкалова, 239","Симбирский пер., 2/4",149,149,167,199,300,149,,,,
2024-08-09 07:17,1.5 км,"ул. Белореченская, 30","ул. Чкалова, 117",221,221,114,199,300,221,,,,
2024-08-09 07:30,12.3 км,"ул. Репина, 62","ул. Ялунинская, 2",274,274,125,199,300,274,,,,
2024-08-09 07:41,8.6 км,"ул. Фабричная, 13","ул. Мельковская, 11",185,185,114,199,300,185,,,,
2024-08-09 07:52,6.7 км,"ул. Энтузиастов, 31","ул. Малышева, 76",167,167,177,199,300,167,,,,
2024-08-09 08:05,,"ул. Хрустальная, 41","ул. Бакинских комиссаров, 127",131,131,114,199,300,131,,,,
2024-08-09 08:15,1.6 км,"ул. Советская, 62","Асбестовский пер., 2 корпус 3",149,149,114,199,300,149,,,,
2024-08-09 08:28,5.0 км,"Решетникова проезд, 9","ул. Евгения Савкова, 29а",213,213,212,199,300,213,,,,
2024-08-09 08:39,6.4 км,"ул. Ильича, 4","ул. Лодыгина, 8",257,257,317,383,300,257,,clear sky,12.77C,82%
2024-08-09 08:50,5.2 км,"ул. Селькоровская, 10а","ул. Фрунзе, 51",266,266,151,199,300,266,,,,
2024-08-09 09:03,8.6 км,"ул. Щорса, 134","ул. Варшавская, 2",105,105,114,199,300,105,,,,
2024-08-09 09:14,13.3 км,"ул. Фрезеровщиков, 34","ул. Агрономическая, 6А",195,195,238,199,300,195,,,,
2024-08-09 09:25,3.1 км,"ул. Рощинская, 37а","ул. Крестинского, 37 корпус 2",356,356,151,199,300,356,,,,
2024-08-09 09:38,6.0 км,"ул. Надеждинская, 22-б","ул. Ухтомская, 26а",384,384,177,199,300,384,,clear sky,14.77C,67%
2024-08-09 09:49,6.3 км,"ул. Гагарина, 20а","ул. Ухтомская, 12",149,149,114,199,300,149,,,,
2024-08-09 09:59,11.8 км,"ул. Студенческая, 6б","ул. Селькоровская, 80 корпус 2",95,95,114,199,300,95,,clear sky,14.77C,63%
2024-08-09 10:10,12.8 км,"ул. Павла Шаманова, 58","ул. Стачек, 12А",249,249,125,199,300,249,,,,
2024-08-09 10:21,7.7 км,"ул. Новгородцевой, 5 корпус 2","ул. Чкалова, 131",131,131,114,199,300,131,,,,
2024-08-09 10:32,8.0 км,"ул. Боровая, 19а","ул. Техническая, 80",123,123,114,199,300,123,,,,
2024-08-09 10:45,3.6 км,"ул. Академическая, 10","ул. Бетонщиков, 8",95,95,114,199,300,95,,,,
2024-08-09 10:56,8.7 км,"ул. Панельная, 9","ул. Победы, 18",249,249,125,199,300,249,,clear sky,15.77C,59%
2024-08-09 11:07,1.4 км,"ул. Войкова, 88","пр-кт Космонавтов, 49а",95,95,177,199,300,95,,clear sky,15.77C,59%
2024-08-09 11:17,17.4 км,"ул. Ракетная, 4","ул. Папанина, 9",95,95,114,199,300,95,,,,
2024-08-09 11:28,7.3 км,"ул. Тружеников, 2 Литер А","ул. Латвийская, 56",131,131,125,199,300,131,,scattered clouds,15.77C,63%
2024-08-09 11:39,4.9 км,"ул. Академика Бардина, 7 корпус 3","ул. Латышская, 89",239,239,167,199,300,239,,scattered clouds,15.77C,63%
2024-08-09 11:50,6.7 км,"ул. Лобкова, 74","ул. Пехотинцев, 2 корпус 2",257,257,193,219,300,257,,scattered clouds,16.77C,55%
2024-08-09 12:01,13.8 км,"Короткий пер., 24","пр-кт Космонавтов, 53",113,113,193,199,300,113,,,,
2024-08-09 12:12,7.6 км,"ул. Хохрякова, 72","ул. Расточная, 15 корпус 2",105,105,125,199,300,105,,,,
2024-08-09 12:25,2.7 км,"Замятина пер., 36","ул. Уральских рабочих, 15",213,213,204,199,300,213,,,,
2024-08-09 12:38,4.6 км,"ул. Машинная, 42 корпус 1","ул. Начдива Онуфриева, 38",195,195,204,199,300,195,,scattered clouds,15.77C,63%
2024-08-09 12:48,2.9 км,"ул. Победы, 59","ул. Шефская, 16",159,159,204,199,300,159,,scattered clouds,16.77C,63%
2024-08-09 12:59,2.7 км,"ул. Крестинского, 2","ул. Фурманова, 116",195,195,114,199,300,195,,scattered clouds,16.77C,63%
2024-08-09 13:10,12.8 км,"ул. Токарей, 60 корпус 3","ул. Черняховского, 52а",213,213,141,199,300,213,,,,
2024-08-09 13:23,5.7 км,"ул. Фурманова, 111","ул. Маяковского, 6",231,231,204,199,300,231,,,,
2024-08-09 13:36,5.1 км,"ул. Стрелочников, 2","ул. Корепина, 42",113,113,177,199,300,113,,scattered clouds,16.77C,55%
2024-08-09 13:47,11.7 км,"ул. Ереванская, 4","Выходной пер., 5 корпус 11",159,159,151,199,300,159,,scattered clouds,17.77C,52%
2024-08-09 13:58,20.6 км,"ул. Бахчиванджи, 19 корпус 8","ул. Ильича, 59",95,95,114,199,300,95,,scattered clouds,17.77C,52%
2024-08-09 14:09,6.5 км,"ул. Уральских рабочих, 41","ул. Сакко и Ванцетти, 37",123,123,114,199,300,123,,scattered clouds,17.77C,52%
2024-08-09 14:19,4.9 км,"Выездной пер., 4","ул. Тверитина, 16",167,167,114,199,300,167,,scattered clouds,16.77C,51%
2024-08-09 14:30,3.7 км,"ул. Посадская, 77","ул. Куйбышева, 143",149,149,125,199,338,149,,,,
2024-08-09 14:41,2.6 км,"ул. Шевченко, 15","ул. Студенческая, 6б",167,167,125,199,338,167,,,,
2024-08-09 14:54,13.3 км,"ул. Энтузиастов, 17","ул. Зенитчиков, 14а",149,149,114,199,300,149,,,,
2024-08-09 15:05,14.2 км,"пр-кт Космонавтов, 47б","пр-кт Академика Сахарова, 93",95,95,193,247,300,95,,scattered clouds,17.77C,48%
2024-08-09 15:16,9.5 км,"ул. Боровая, 21а","ул. Рощинская, 72а",141,141,114,199,300,141,,clear sky,17.77C,52%
2024-08-09 15:27,17.5 км,"ул. Ползунова, 34к","ул. Инженерная, 13",203,203,264,199,300,203,,,,
2024-08-09 15:40,4.6 км,"ул. Ереванская, 69","ул. Боровая, 31",231,231,167,199,300,231,,,,
2024-08-09 15:51,6.4 км,"ул. Первомайская, 90","ул. Социалистическая, 7",231,231,114,199,338,231,,clear sky,18.77C,45%
2024-08-09 16:01,12.3 км,"ул. Инженерная, 61","ул. Викулова, 63 корпус 3",113,113,114,199,300,113,,clear sky,18.77C,45%
2024-08-09 16:12,1.6 км,"ул. Азина, 18","пр-кт Ленина, 53",105,105,167,247,300,105,,,,
2024-08-09 16:25,11.9 км,"ул. Белинского, 177","ул. Кобозева, 120а",185,185,193,199,452,185,,clear sky,18.77C,45%
2024-08-09 16:36,4.3 км,"ул. Лобкова, 16","ул. Конотопская, 2",203,203,264,455,300,203,,,,
2024-08-09 16:49,8.0 км,"Крутихинский пер., 18","ул. Авангардная, 8",177,177,238,199,300,177,,,,
2024-08-09 17:02,5.7 км,"ул. Якутская, 19","ул. Мира, 47",113,113,114,199,300,113,,clear sky,17.77C,48%
2024-08-09 17:13,5.9 км,"ул. Энгельса, 15","ул. Таватуйская, 1Г",177,177,125,199,300,177,,,,
2024-08-09 17:26,16.8 км,"Вечерний пер., 2","ул. Уральская, 1",265,265,286,379,490,265,,,,
2024-08-09 17:39,6.7 км,"ул. Карельская, 47","ул. 40-летия Комсомола, 20а",105,105,114,199,300,105,,clear sky,17.77C,52%
2024-08-09 17:50,3.6 км,"ул. Куйбышева, 8","ул. Советская, 1 корпус 3",123,123,114,199,300,123,,clear sky,16.77C,51%
2024-08-09 18:01,3.5 км,"ул. Студенческая, 6а","ул. Карла Маркса, 36",312,312,212,199,300,312,,,,
2024-08-09 18:12,3.7 км,"ул. Июльская, 48","ул. Стачек, 36Б",149,149,114,199,300,149,,,,
2024-08-09 18:22,7.7 км,"ул. Куйбышева, 137","ул. Войкова, 80",185,185,114,199,300,185,,,,
2024-08-09 18:33,7.6 км,"ул. Пионеров, 12 корпус 4","ул. Мраморская, 34 корпус 1",167,167,177,199,300,167,,,,
2024-08-09 18:44,10.4 км,"пр-кт Космонавтов, 87","ул. Радищева, 53 корпус 1",292,292,204,199,300,292,,clear sky,16.77C,51%
2024-08-09 18:55,13.8 км,"ул. Кунарская, 20","Каслинский пер., 4",159,159,238,199,300,159,,clear sky,15.77C,55%
2024-08-09 19:06,2.3 км,"ул. Индустрии, 104","ул. Краснофлотцев, 10а",95,95,114,199,300,95,,,,
2024-08-09 19:17,11.6 км,"ул. Латвийская, 47","ул. Посадская, 57",95,95,114,199,300,95,,,,
2024-08-09 19:28,14.0 км,"ул. Вали Котика, 13","Дизельный пер., 35",149,149,114,199,300,149,,clear sky,16.77C,55%
2024-08-09 19:38,7.3 км,"пр-кт Орджоникидзе, 24","ул. Малышева, 107 корпус 1",113,113,141,199,300,113,,,,
2024-08-09 19:49,8.5 км,"ул. Билимбаевская, 34 корпус 3","ул. Хохрякова, 63",95,95,301,199,300,95,,,,
2024-08-09 20:02,9.2 км,"ул. Бисертская, 133","ул. Попова, 11",113,113,114,199,300,113,,,,
2024-08-09 20:15,4.8 км,"пр-кт Космонавтов, 52а","ул. Готвальда, 16",221,221,114,199,300,221,,,,
2024-08-09 20:28,4.2 км,"ул. Комсомольская, 57","ул. Хохрякова, 43",159,159,177,199,300,159,,,,
2024-08-09 20:41,10.3 км,"ул. Бебеля, 134","ул. Титова, 60",149,149,114,199,300,149,,scattered clouds,14.77C,67%
2024-08-09 20:52,7.6 км,"ул. Волгоградская, 182а","ул. Студенческая, 2",149,149,114,199,300,149,,clear sky,13.77C,72%
2024-08-09 21:03,4.5 км,"ул. Техническая, 58а","ул. Энергостроителей, 7",95,95,114,199,300,95,,,,
2024-08-09 21:14,2.1 км,"ул. Самаркандская, 25","мкр. Светлый, 2",239,239,114,199,300,239,,,,
2024-08-09 21:25,1.7 км,"ул. Готвальда, 16","ул. Московская, 8",159,159,114,199,300,159,,clear sky,14.77C,67%
2024-08-09 21:36,5.7 км,"ул. Рассветная, 8 корпус 2","ул. Белинского, 169б",131,131,114,199,300,131,,,,
2024-08-09 21:47,7.8 км,"ул. 40-летия Комсомола, 22","ул. Краснофлотцев, 4а",177,177,125,199,300,177,,clear sky,13.77C,72%
2024-08-09 21:57,9.7 км,"ул. Библиотечная, 52","ул. Народного фронта, 89а",195,195,167,199,300,195,,clear sky,13.77C,72%
2024-08-09 22:08,7.4 км,"ул. Начдива Васильева, 14/2","ул. Сулимова, 3",292,292,114,199,300,292,,,,
2024-08-09 22:19,2.9 км,"ул. Ольховская, 27 корпус 1","ул. Маршала Жукова, 11",113,113,167,199,300,113,,clear sky,11.77C,76%
2024-08-09 22:30,3.9 км,"ул. Карла Маркса, 30","ул. Блюхера, 40",266,266,193,199,338,266,,,,
2024-08-09 22:43,10.1 км,"ул. Комвузовская, 21Г","ул. Новосибирская, 103",141,141,114,199,490,141,,clear sky,11.77C,76%
2024-08-09 22:54,8.1 км,"ул. Блюхера, 67 корпус 1","ул. Таватуйская, 19",177,177,151,199,300,177,,,,
2024-08-09 23:05,4.7 км,"ул. Первомайская, 33","ул. Софьи Перовской, 113",221,221,114,199,300,221,,clear sky,12.77C,76%
2024-08-09 23:16,17.6 км,"ул. Репина, 60а","ул. Испытателей, 16",213,213,114,199,300,213,,,,
2024-08-09 23:29,2.9 км,"ул. Куйбышева, 76","ул. Шейнкмана, 45",195,195,167,199,300,195,,,,
2024-08-09 23:40,6.1 км,"ул. Луганская, 23","ул. Репина, 56",348,348,114,199,300,348,,clear sky,8.77C,93%
2024-08-09 23:50,7.3 км,"ул. 40-летия Комсомола, 32 корпус 2","ул. Самаркандская, 27",113,113,141,199,300,113,,,,
2024-08-10 00:03,5.3 км,"ул. Советская, 43","ул. Лукиных, 18",239,239,114,199,300,239,,clear sky,8.77C,93%
2024-08-10 00:14,3.1 км,"ул. Красноуральская, 21 корпус 2","ул. Фурманова, 111",249,249,282,235,566,249,,clear sky,6.77C,100%
2024-08-10 00:25,3.8 км,"ул. Нагорная, 49","ул. Куйбышева, 48 корпус 7",348,348,301,199,674,348,,clear sky,6.77C,100%
2024-08-10 00:36,3.9 км,"ул. Черепанова, 20","ул. Уральская, 55",231,231,151,199,414,231,,clear sky,6.77C,100%
2024-08-10 00:47,7.4 км,"ул. Курганская, 4","ул. Ирбитская, 4а",95,95,177,199,300,95,,,,
2024-08-10 01:00,6.5 км,"пр-кт Космонавтов, 43-б","ул. Бережная, 16",105,105,114,199,300,105,,clear sky,8.77C,100%
2024-08-10 01:11,10.0 км,"ул. Титова, 60","ул. Опалихинская, 31",95,95,151,199,300,95,,clear sky,8.77C,100%
2024-08-10 01:22,3.8 км,"ул. Июльская, 42","ул. Черепанова, 36",203,203,125,199,300,203,,few clouds,8.77C,93%
2024-08-10 01:33,10.3 км,"ул. Чердынская, 24","ул. Бакинских комиссаров, 105",131,131,114,199,376,131,,few clouds,8.77C,93%
2024-08-10 01:44,4.7 км,"ул. Армавирская, 26а","ул. Раевского, 14а",123,123,114,199,300,123,,,,
2024-08-10 01:57,7.3 км,"ул. Белореченская, 9/1","ул. 40-летия Октября, 3",123,123,114,199,376,123,,,,
2024-08-10 02:10,9.4 км,"ул. Чапаева, 17","ул. Изоплитная, 13",292,292,177,199,300,292,,broken clouds,9.77C,93%
2024-08-10 02:21,8.4 км,"ул. Гражданской войны, 7","ул. Кишиневская, 54",221,221,114,199,490,221,,,,
2024-08-10 02:32,14.6 км,"ул. Таганская, 53","ул. Палисадная, 8",113,113,114,199,300,113,,broken clouds,9.77C,93%
2024-08-10 02:42,3.1 км,"ул. Большакова, 12","ул. Блюхера, 15",185,185,114,199,300,185,,,,
2024-08-10 02:55,7.5 км,"ул. Таватуйская, 1а","ул. Тверитина, 17",123,123,114,199,300,123,,broken clouds,8.77C,100%
2024-08-10 03:06,3.8 км,"Гаринский пер., 4","ул. Щорса, 128",239,239,151,199,636,239,,,,
2024-08-10 03:19,14.0 км,"ул. Прониной, 28","ул. Победы, 45",167,167,125,199,300,167,,,,
2024-08-10 03:32,12.5 км,"ул. Папанина, 4А","ул. Самаркандская, 27",330,330,125,199,300,330,,,,
2024-08-10 03:46,10.9 км,"ул. Софьи Ковалевской, 12","ул. Бородина, 6б",159,159,256,199,300,159,,broken clouds,7.77C,100%
2024-08-10 03:56,693.0 м,"ул. Таежная, 11","ул. Кунарская, 4",113,113,114,199,300,113,,,,
2024-08-10 04:07,4.2 км,"ул. Июльская, 42","ул. Старых Большевиков, 75",177,177,264,199,300,177,,broken clouds,6.77C,100%
2024-08-10 04:18,2.9 км,"ул. Менделеева, 16","ул. Бабушкина, 21",159,159,177,199,604,159,,,,
2024-08-10 04:31,7.2 км,"ул. Садовая, 7","ул. Коуровская, 13/3",105,105,151,199,300,105,,,,
2024-08-10 04:44,5.2 км,"ул. Очеретина, 3","ул. Уктусская, 31",149,149,125,199,338,149,,,,
2024-08-10 04:55,4.3 км,"ул. Лобкова, 93","ул. Машиностроителей, 59",149,149,282,199,300,149,,broken clouds,7.77C,100%
2024-08-10 05:06,7.2 км,"ул. Бажова, 87","ул. Фрезеровщиков, 80",366,366,282,247,414,366,,broken clouds,7.77C,100%
2024-08-10 05:17,7.2 км,"ул. Победы, 51","ул. Малышева, Строение 35",274,274,114,199,300,274,,clear sky,8.77C,100%
2024-08-10 05:28,7.8 км,"ул. Хрустальная, 51","ул. Бородина, 21",213,213,204,199,528,213,,,,
2024-08-10 05:39,3.1 км,"ул. Крауля, 77","ул. Начдива Онуфриева, 24 корпус 4",113,113,114,199,300,113,,clear sky,8.77C,100%
2024-08-10 05:50,5.1 км,"ул. Пальмиро Тольятти, 14","ул. Блюхера, 45",249,249,151,199,300,249,,clear sky,8.77C,100%
2024-08-10 06:01,9.0 км,"ул. Техническая, 28","ул. Машинная, 46",105,105,114,199,300,105,,clear sky,8.77C,100%
2024-08-10 06:12,3.7 км,"ул. Академика Постовского, 12","ул. Онежская, 9",302,302,114,199,300,302,,,,
2024-08-10 06:25,1.6 км,"ул. Военная, 6","ул. Агрономическая, 60",95,95,141,199,300,95,,,,
2024-08-10 06:36,5.0 км,"ул. Волгоградская, 31 корпус 2","ул. Рабочих, 11",159,159,125,199,300,159,,clear sky,8.77C,100%
2024-08-10 06:47,9.5 км,"ул. Советская, 13 корпус 2","ул. Санаторная, 13",149,149,212,199,300,149,,clear sky,8.77C,100%
2024-08-10 06:57,1.1 км,"ул. Мичурина, 210","ул. Восточная, 88 Строение А",105,105,114,199,300,105,,,,
2024-08-10 07:11,12.2 км,"ул. Индустрии, 123","ул. Амундсена, 55 корпус 2",366,366,204,199,300,366,,,,
2024-08-10 07:21,1.5 км,"ул. Бакинских комиссаров, 10","ул. 40-летия Октября, 73",213,213,125,199,300,213,,,,
2024-08-10 07:32,20.1 км,"ул. Испытателей, 11","ул. Фестивальная, 11",95,95,114,199,300,95,,clear sky,9.77C,100%
2024-08-10 07:43,17.7 км,"Замятина пер., 29а","ул. Бисертская, 10",284,284,204,199,300,284,,,,
2024-08-10 07:56,2.8 км,"ул. Старых Большевиков, 13","ул. Культуры, 18",131,131,114,199,300,131,,clear sky,10.77C,93%
2024-08-10 08:07,8.4 км,"ул. Войкова, 25","ул. Панельная, 15",203,203,114,199,300,203,,,,
2024-08-10 08:18,1.2 км,"ул. Менделеева, 6","ул. Советская, 7 корпус 5",95,95,114,199,300,95,,,,
2024-08-10 08:29,5.1 км,"ул. Ленинградская, 28","ул. Сони Морозовой, 175",348,348,114,199,300,348,,overcast clouds,10.77C,93%
2024-08-10 08:40,8.8 км,"ул. Армавирская, 17","ул. Краснолесья, 141",221,221,114,199,300,221,,overcast clouds,10.77C,93%
2024-08-10 08:51,10.9 км,"ул. Новгородцевой, 37 корпус 1","ст. Кольцово, 5",113,113,193,199,300,113,,overcast clouds,11.77C,94%
2024-08-10 09:02,10.4 км,"ул. Санаторная, 15а","ул. Карельская, 74",131,131,114,199,300,131,,overcast clouds,11.77C,94%
2024-08-10 09:13,7.9 км,"ул. Малышева, 77","ул. Симферопольская, 32",95,95,114,199,300,95,,overcast clouds,11.77C,94%
2024-08-10 09:24,9.7 км,"ул. Мичурина, 152","ул. Грибоедова, 24а",113,113,114,199,300,113,,broken clouds,11.77C,94%
2024-08-10 09:35,3.4 км,"ул. Белинского, 188","ул. Академика Бардина, 39",221,221,141,199,338,221,,,,
2024-08-10 09:48,11.8 км,"ул. Симферопольская, 40","ул. Хвойная, 79",239,239,125,199,300,239,,,,
2024-08-10 09:59,3.9 км,"ул. Агрономическая, 33","ул. Отто Шмидта, 76б",203,203,114,199,300,203,,broken clouds,12.76C,88%
2024-08-10 10:10,4.2 км,"ул. Ухтомская, 10","ул. Белинского, 61",95,95,114,199,300,95,,broken clouds,12.77C,88%
2024-08-10 10:21,9.3 км,"ул. Академика Бардина, 50","ул. Лукиных, 18",113,113,177,199,300,113,,broken clouds,12.77C,88%
2024-08-10 10:32,5.2 км,"ул. Московская, 214 корпус 1","ул. Папанина, 25",203,203,151,199,300,203,,,,
2024-08-10 10:42,4.2 км,"ул. Рябинина, 19","ул. Белореченская, 18а",231,231,204,199,300,231,,,,
2024-08-10 10:53,11.4 км,"Многостаночников пер., 13","Встречный пер., 7 корпус 4",141,141,114,199,300,141,,broken clouds,12.77C,88%
2024-08-10 11:04,4.7 км,"ул. Металлургов, 24а","ул. Майкопская, 5",95,95,114,199,300,95,,broken clouds,13.77C,82%
2024-08-10 11:15,1.5 км,"ул. Московская, 80","ул. 8 Марта, 118",105,105,114,199,300,105,,broken clouds,13.77C,82%
2024-08-10 11:26,6.6 км,"ул. Попова, 18","ул. Агрономическая, 18А",95,95,114,199,300,95,,,,
2024-08-10 11:37,3.8 км,"ул. Чкалова, 260","ул. Амундсена, 58 корпус 2",213,213,301,199,300,213,,,,
2024-08-10 11:48,5.8 км,"ул. Серафимы Дерябиной, 53а","ул. Санаторная, 5а",274,274,230,199,338,274,,broken clouds,13.77C,77%
2024-08-10 11:59,5.9 км,"ул. Карла Маркса, 52","ул. Олега Кошевого, 36",95,95,114,199,338,95,,broken clouds,13.77C,77%
2024-08-10 12:10,17.6 км,"ул. Расточная, 27","ул. Профсоюзная, 43",149,149,167,199,300,149,,,,
2024-08-10 12:23,10.4 км,"ул. Союзная, 8","ул. Шефская, 59",131,131,204,199,300,131,,,,
2024-08-10 12:34,7.8 км,"ул. Комсомольская, 45 корпус 4","ул. Чкалова, 143",284,284,167,199,376,284,,broken clouds,13.77C,67%
2024-08-10 12:45,11.1 км,"ул. Проезжая, 167","ул. Викулова, 46б",131,131,327,363,300,131,,,,
2024-08-10 12:56,3.7 км,"ул. Стахановская, 24 корпус 1","ул. Ереванская, 53",177,177,238,199,300,177,,,,
2024-08-10 13:09,9.0 км,"пр-кт Космонавтов, 48","ул. Чердынская, 16",159,159,167,327,300,159,,broken clouds,14.77C,63%
2024-08-10 13:20,8.6 км,"ул. Белинского, 169","ул. Электриков, 2",95,95,167,199,300,95,,,,
2024-08-10 13:33,10.2 км,"пр-кт Седова, 52","ул. Луганская, 23",131,131,212,199,338,131,,,,
2024-08-10 13:46,10.6 км,"ул. Краснолесья, 165","Черниговский пер., 21",221,221,177,555,300,221,,,,
2024-08-10 13:57,11.5 км,"ул. Трубачева, 43","ул. Челюскинцев, 33",149,149,125,199,300,149,,,,
2024-08-10 14:08,7.7 км,"ул. Стрелочников, 4","пр-кт Космонавтов, 97",149,149,114,199,338,149,,clear sky,14.77C,63%
2024-08-10 14:19,1.2 км,"ул. Академика Бардина, 48","ул. Шаумяна, 20",274,274,151,199,300,274,,,,
2024-08-10 14:30,2.8 км,"ул. Чайковского, 79","ул. Амундсена, 58 корпус 2",131,131,125,199,300,131,,,,
2024-08-10 14:43,8.7 км,"ул. Библиотечная, 58","ул. Парниковая, 1",320,320,125,199,300,320,,,,
2024-08-10 14:54,5.2 км,"ул. Короленко, 9","ул. Кобозева, 69",105,105,125,199,338,105,,clear sky,17.77C,52%
2024-08-10 15:05,8.2 км,"Короткий пер., 4","ул. Блюхера, 12",266,266,125,199,300,266,,clear sky,17.77C,52%
2024-08-10 15:16,3.0 км,"Трамвайный пер., 2/1","ул. Корепина, 16",95,95,125,199,300,95,,,,
2024-08-10 15:27,9.0 км,"ул. Заводская, 83","ул. Баумана, 24",123,123,141,199,300,123,,,,
2024-08-10 15:29,10.0 км,"ул. Фрунзе, 102","ул. Даниловская, 2а",123,123,177,199,300,123,,scattered clouds,17.77C,48%
2024-08-10 15:29,3.2 км,"ул. Сакко и Ванцетти, 105 корпус 1","ул. Академика Бардина, 8",105,105,114,199,300,105,,scattered clouds,17.77C,48%
2024-08-10 15:31,3.3 км,"ул. Студенческая, 6в","ул. Николая Никонова, 8",213,213,125,199,300,213,,scattered clouds,17.77C,48%
2024-08-10 15:33,5.8 км,"ул. Боровая, 21а","ул. Ломоносова, 153",131,131,125,199,300,131,,scattered clouds,17.77C,48%
2024-08-10 15:35,6.3 км,"ул. Родонитовая, 12","ул. Лермонтова, 15",185,185,177,199,300,185,,scattered clouds,17.77C,48%
2024-08-10 15:36,5.2 км,"ул. Крауля, 57","ул. Малышева, 103 корпус 1",167,167,114,199,300,167,,scattered clouds,17.77C,48%
2024-08-10 15:38,1.7 км,"ул. Пальмиро Тольятти, 28А","ул. Большакова, 99",141,141,125,199,300,141,,scattered clouds,17.77C,48%
2024-08-10 15:40,13.4 км,"ул. Титова, 26","ул. Кировградская, 51",231,231,230,199,300,231,,,,
2024-08-10 15:40,3.7 км,"ул. Ангарская, 28","ул. Автомагистральная, 25",213,213,151,199,300,213,,,,
2024-08-10 15:53,9.4 км,"мкр. Светлый, 7","ул. Шаумяна, 103 корпус 1",131,131,114,199,300,131,,scattered clouds,15.77C,55%
2024-08-10 16:04,3.5 км,"Черноморский пер., 2","ул. Культуры, 13",249,249,177,199,300,249,,scattered clouds,15.77C,55%
2024-08-10 16:13,9.9 км,"ул. Энтузиастов, 28","ул. Чайковского, 83",123,123,151,199,300,123,,,,
2024-08-10 16:15,9.0 км,"ул. 40-летия Комсомола, 16","ул. Фрезеровщиков, 5",113,113,114,199,300,113,,,,
2024-08-10 16:15,7.5 км,"ул. Металлургов, 30 корпус 2","Курьинский пер., 4",149,149,177,199,300,149,,clear sky,17.77C,45%
2024-08-10 16:17,12.5 км,"ул. Братьев Быковых, 5","ул. Прибалтийская, 50",95,95,114,199,300,95,,clear sky,17.77C,45%
2024-08-10 16:35,3.7 км,"ул. Техническая, 62","ул. Готвальда, 14",123,123,264,199,300,123,,clear sky,17.77C,45%
2024-08-10 16:46,14.3 км,"ул. Минометчиков, 26","Выходной пер., 5 корпус 14",177,177,125,199,300,177,,,,
2024-08-10 16:59,12.3 км,"Замятина пер., 41а","ул. Крестинского, 4",113,113,125,199,300,113,,,,
2024-08-10 17:10,8.6 км,"ул. Бисертская, 34","ул. Посадская, 30 корпус 1",105,105,114,199,300,105,,clear sky,17.77C,48%
2024-08-10 17:20,6.4 км,"пр-кт Космонавтов, 11в","ул. Черкасская, 37",113,113,114,199,300,113,,clear sky,16.77C,51%
2024-08-10 17:31,7.5 км,"ул. Амундсена, 141","ул. Крауля, 86",149,149,125,199,300,149,,clear sky,16.77C,51%
2024-08-10 17:42,16.6 км,"ул. Бисертская, 8","ул. Стахановская, 3",213,213,114,199,300,213,,,,
2024-08-10 17:55,7.2 км,"ул. Крауля, 78","ул. Мира, 41",177,177,114,199,300,177,,,,
2024-08-10 18:08,8.0 км,"ул. Крылова, 27","ул. Красных командиров, 72",141,141,114,199,300,141,,,,
2024-08-10 18:19,5.2 км,"ул. Избирателей, 67а","ул. Стрелочников, 2",141,141,141,199,300,141,,clear sky,16.77C,51%
2024-08-10 18:29,15.1 км,"ул. Варшавская, 32","ул. Евгения Савкова, 8",105,105,114,199,300,105,,,,
2024-08-10 18:42,4.8 км,"Сибирский тракт 11 км., 2","ул. Владимира Высоцкого, 5",123,123,167,199,300,123,,clear sky,16.77C,51%
2024-08-10 18:53,2.0 км,"ул. Луганская, 13","ул. Циолковского, 34",141,141,114,199,300,141,,,,
2024-08-10 19:04,2.3 км,"ул. Кварцевая, 2","ул. Белинского, 216",167,167,125,199,300,167,,clear sky,16.77C,55%
2024-08-10 19:15,3.8 км,"ул. Фрунзе, 65","ул. Папанина, 17",123,123,114,199,300,123,,,,
2024-08-10 19:28,12.4 км,"ул. 40-летия Октября, 80","Волчанский пер., 2",105,105,114,199,300,105,,,,
2024-08-10 19:40,3.0 км,"ул. Луначарского, 38","ул. Библиотечная, 25",123,123,114,199,300,123,,,,
2024-08-10 19:51,13.8 км,"ул. Ляпустина, 60","ул. Кировградская, 8",95,95,114,199,300,95,,,,
2024-08-10 20:04,1.1 км,"Коллективный пер., 15","ул. Ферганская, 3",131,131,114,199,300,131,,,,
2024-08-10 20:15,14.4 км,"пр-кт Академика Сахарова, 53","ул. Старых Большевиков, 56",149,149,114,199,300,149,,,,
2024-08-10 20:28,7.9 км,"ул. Первомайская, 24в","ул. Народного фронта, 72",131,131,141,199,300,131,,,,
2024-08-10 20:41,7.8 км,"ул. Красных борцов, 11","ул. Викулова, 46",141,141,114,199,300,141,,clear sky,14.77C,67%
2024-08-10 20:52,2.7 км,"ул. Авиационная, 16","ул. Пальмиро Тольятти, 18",123,123,114,199,300,123,,clear sky,13.77C,72%
2024-08-10 21:02,3.8 км,"ул. Чапаева, 80 корпус 1","ул. Шаумяна, 105 корпус 1",131,131,114,199,300,131,,clear sky,13.77C,72%
2024-08-10 21:13,9.8 км,"ул. Машинная, 31б","ул. Победы, 6",239,239,204,199,300,239,,clear sky,11.77C,82%
2024-08-10 21:24,3.4 км,"ул. Вилонова, 82","ул. Первомайская, 24в",131,131,114,199,300,131,,clear sky,11.77C,82%
2024-08-10 21:35,1.2 км,"ул. Агрономическая, 56","ул. Далекая, 30",159,159,177,199,300,159,,,,
2024-08-10 21:48,7.7 км,"Асбестовский пер., 2 корпус 3","ул. Бакинских комиссаров, 169в",213,213,114,199,338,213,,clear sky,9.76C,87%
2024-08-10 21:58,2.7 км,"Встречный пер., 7 корпус 4","ул. Юмашева, 16",195,195,125,199,300,195,,clear sky,9.77C,87%
2024-08-10 22:09,15.8 км,"ул. Латвийская, 56/2","ул. Бакинских комиссаров, 38",95,95,167,199,300,95,,,,
2024-08-10 22:22,14.6 км,"пр-кт Ленина, 62 корпус 7","ул. Бахчиванджи, 19/4",185,185,114,199,300,185,,clear sky,8.77C,100%
2024-08-10 22:33,8.8 км,"ул. Викулова, 61 корпус 1","ул. Красных борцов, 21",195,195,167,199,452,195,,clear sky,8.77C,100%
2024-08-10 22:44,14.2 км,"ул. Походная, 66","ул. Уральских рабочих, 75",131,131,114,199,300,131,,clear sky,8.77C,100%
2024-08-10 22:54,12.9 км,"ул. Соболева, 12","ул. Донская, 22",105,105,114,199,300,105,,,,
2024-08-10 23:07,13.0 км,"ул. Баумана, 42","ул. Современников, 6",185,185,151,199,300,185,,clear sky,7.77C,100%
2024-08-10 23:18,13.6 км,"ул. Кобозева, 46","ул. Рощинская, 37",159,159,114,199,300,159,,,,
2024-08-10 23:31,7.4 км,"ул. Красноармейская, 23","Замятина пер., 27",221,221,114,199,338,221,,clear sky,7.77C,100%
2024-08-10 23:42,6.3 км,"ул. Комвузовская, 19А","ул. Избирателей, 36",203,203,125,199,300,203,,clear sky,7.77C,100%
2024-08-10 23:53,3.1 км,"ул. Малый Конный п-ов, 13","ул. Заводская, 73",131,131,193,199,300,131,,clear sky,9.77C,100%
2024-08-11 00:03,8.2 км,"ул. Симферопольская, 19","ул. Первомайская, 35",95,95,141,199,300,95,,clear sky,9.77C,100%
2024-08-11 00:14,12.6 км,"ул. Титова, 13","ул. Ильича, 39",123,123,114,199,300,123,,clear sky,9.77C,100%
2024-08-11 00:25,4.1 км,"ул. Социалистическая, 7а","ул. Красина, 6",123,123,125,199,300,123,,,,
2024-08-11 00:36,8.3 км,"ул. Сакко и Ванцетти, 50","ул. Кобозева, 114а",213,213,125,199,300,213,,,,
2024-08-11 00:49,15.7 км,"ул. Ангарская, 66","ул. Колхозников, 86",95,95,114,199,300,95,,,,
2024-08-11 00:59,7.9 км,"ул. Шатурская, 5","ул. Летчиков, 26",167,167,114,199,300,167,,,,
2024-08-11 01:10,15.8 км,"ул. Санаторная, 36","ул. Коммунистическая, 117",113,113,114,199,300,113,,clear sky,8.77C,100%
2024-08-11 01:21,8.2 км,"ул. Уральских рабочих, 10","Сиреневый б-р, 7",123,123,141,199,300,123,,,,
2024-08-11 01:34,6.6 км,"ул. Проезжая, 165","ул. Куйбышева, 139",249,249,230,199,300,249,,,,
2024-08-11 01:45,13.1 км,"ул. Ленинградская, 30","ул. Фабричная, 19",203,203,114,199,338,203,,,,
2024-08-11 01:58,8.2 км,"ул. Шейнкмана, 108","ул. Селькоровская, 100 корпус 1",203,203,141,199,300,203,,clear sky,8.77C,100%
2024-08-11 02:08,16.0 км,"ул. Калинина, 8","ул. Счастливая, 16",249,249,177,199,300,249,,clear sky,8.77C,100%
2024-08-11 02:19,11.9 км,"ул. Военная, 3","ул. Ильича, 7",95,95,114,199,376,95,,clear sky,8.77C,100%
2024-08-11 02:30,17.1 км,"ул. Таватуйская, 12 корпус 2","ул. Карельская, 44",113,113,114,199,338,113,,,,
2024-08-11 02:43,5.9 км,"ул. Новгородцевой, 9 корпус 2","ул. Электриков, 6",95,95,141,199,300,95,,,,
2024-08-11 02:54,2.2 км,"ул. Белоярская, 27","Выходной пер., 5 корпус 7",95,95,114,199,300,95,,clear sky,7.77C,100%
2024-08-11 03:04,6.1 км,"ул. 40-летия Октября, 47","Асбестовский пер., 3",95,95,114,199,300,95,,,,
2024-08-11 03:15,9.0 км,"ул. Восточная, 19","ул. Черноярская, 8",203,203,125,199,300,203,,,,
2024-08-11 03:28,3.5 км,"ул. Ереванская, 47","ул. Баумана, 2а",123,123,125,199,300,123,,,,
2024-08-11 03:39,8.5 км,"ул. Тверитина, 34","ул. Кобозева, 73",195,195,141,199,300,195,,clear sky,7.77C,100%
2024-08-11 03:50,9.0 км,"ул. Панельная, 9А","ул. Хмелева, 10",185,185,151,199,300,185,,clear sky,7.77C,100%
2024-08-11 04:01,13.0 км,"ул. Ильича, 71-б","ул. Павлодарская, 48",149,149,167,199,300,149,,,,
2024-08-11 04:13,13.2 км,"ул. Патриса Лумумбы, 6","ул. Электриков, 26",159,159,141,199,338,159,,overcast clouds,6.77C,100%
2024-08-11 04:24,6.3 км,"ул. Волошина, 2","ул. Сакко и Ванцетти, 37",95,95,114,199,300,95,,overcast clouds,6.77C,100%
2024-08-11 04:35,3.9 км,"ул. Кировградская, 68","ул. Красных командиров, 130",113,113,167,199,300,113,,overcast clouds,6.77C,100%
2024-08-11 04:46,7.2 км,"ул. Московская, 28","ул. Победы, 9",310,310,177,199,300,310,,mist,5.77C,100%
2024-08-11 04:57,8.0 км,"ул. Громова, 26","ул. Маневровая, 19",221,221,125,199,300,221,,,,
2024-08-11 05:09,23.1 км,"ул. Бахчиванджи, 20","ул. Техническая, 94",179,179,199,287,392,179,,mist,5.7C,100%
2024-08-11 05:20,1.5 км,"ул. Московская, 28","ул. Токарей, 44 корпус 1",284,284,114,199,300,284,,overcast clouds,5.76C,100%
2024-08-11 05:31,9.9 км,"ул. Краснодарская, 30А","ул. Самолетная, 5 корпус 1",177,177,167,235,338,177,,,,
2024-08-11 05:44,8.0 км,"ул. Калинина, 53","ул. Белореченская, 1",95,95,204,199,300,95,,,,
2024-08-11 05:57,3.1 км,"ул. Студенческая, 6б","ул. Карла Маркса, 66",95,95,151,199,414,95,,,,
2024-08-11 06:10,1.9 км,"Цветочный пер., 16","ул. Индустрии, 31",284,284,151,199,300,284,,,,
2024-08-11 06:23,3.7 км,"ул. Армавирская, 26","ул. Ильича, 48",437,437,230,199,338,437,,,,
2024-08-11 06:34,6.5 км,"ул. 40-летия Октября, 32а","ул. Шейнкмана, 45",366,366,177,199,300,366,,clear sky,6.77C,100%
2024-08-11 06:44,12.0 км,"ул. Авиационная, 75","ул. Ломоносова, 155а",274,274,114,347,338,274,,,,
2024-08-11 06:57,7.4 км,"ул. Сакко и Ванцетти, 57","ул. Стахановская, 58",105,105,114,199,300,105,,,,
2024-08-11 07:08,10.2 км,"ул. 8 Марта, 181 корпус 6","ул. Краснофлотцев, 30б",213,213,264,199,300,213,,,,
2024-08-11 07:21,3.3 км,"ул. Ломоносова, 21","ул. Старых Большевиков, 3в",266,266,125,199,300,266,,clear sky,7.77C,100%
2024-08-11 07:32,15.6 км,"Замятина пер., 44","Дизельный пер., 33",113,113,204,199,300,113,,clear sky,7.77C,100%
2024-08-11 07:43,9.8 км,"ул. Шаумяна, 109","ул. Красных командиров, 21",310,310,114,199,300,310,,clear sky,7.77C,100%
2024-08-11 07:53,5.9 км,"ул. Попова, 16","Черниговский пер., 15",123,123,114,199,300,123,,clear sky,8.77C,100%
2024-08-11 08:04,3.5 км,"ул. Краснолесья, 123","ул. Чердынская, 8",123,123,114,199,300,123,,clear sky,8.7C,100%
2024-08-11 08:15,10.0 км,"ул. Готвальда, 19в","Волчанский пер., 8А",213,213,114,199,300,213,,,,
2024-08-11 08:28,14.7 км,"ул. Инженерная, 27","ул. Завокзальная, 4",95,95,114,199,300,95,,clear sky,10.77C,93%
2024-08-11 08:39,6.5 км,"ул. Юмашева, 9","ул. Родонитовая, 12",374,374,114,199,300,374,,,,
2024-08-11 08:49,4.0 км,"ул. Токарей, 27 корпус 2","пр-кт Седова, 25",239,239,114,199,300,239,,,,
2024-08-11 09:02,2.7 км,"Трактористов пер., 15","ул. Щербакова, 41",113,113,125,199,300,113,,,,
2024-08-11 09:13,7.0 км,"ул. Анатолия Мехренцева, 42","ул. Луганская, 7",185,185,151,199,300,185,,,,
2024-08-11 09:24,8.5 км,"ул. Восточная, 92","ул. Индустрии, 125",221,221,151,199,300,221,,,,
2024-08-11 09:35,3.1 км,"ул. Машиностроителей, 32","ул. Индустрии, 58",284,284,317,219,300,284,,clear sky,13.77C,82%
2024-08-11 09:46,11.6 км,"ул. Кобозева, 118а","ул. 8 Марта, 194",320,320,301,219,338,320,,,,
2024-08-11 09:58,8.2 км,"ул. Донбасская, 45","ул. Уктусская, 46",149,149,125,199,300,149,,,,
2024-08-11 10:11,6.1 км,"ул. Посадская, 34","ул. Студенческая, 25",141,141,114,199,300,141,,clear sky,15.77C,67%
2024-08-11 10:22,6.1 км,"Красный пер., 17","ул. Войкова, 78",95,95,114,199,300,95,,,,
2024-08-11 10:35,4.0 км,"ул. 22 Партсъезда, 7","ул. Таганская, 6а",221,221,353,235,300,221,,clear sky,15.77C,51%
2024-08-11 10:46,3.1 км,"ул. Академика Бардина, 2 корпус 2","ул. Фурманова, 67",221,221,125,247,300,221,,clear sky,15.77C,51%
2024-08-11 10:57,7.2 км,"ул. Машиностроителей, 49","ул. Коминтерна, 18",213,213,151,199,300,213,,clear sky,16.77C,51%
2024-08-11 11:07,11.3 км,"ул. Адмирала Ушакова, 25","ул. Посадская, 50",249,249,406,199,300,249,,,,
2024-08-11 11:18,7.5 км,"ул. Культуры, 10","ул. Владимира Высоцкого, 4 корпус 2",195,195,193,199,300,195,,scattered clouds,17.77C,48%
2024-08-11 11:29,2.0 км,"ул. Надеждинская, 13","ул. Ангарская, 62",185,185,317,199,300,185,,,,
2024-08-11 11:42,12.9 км,"ул. Дошкольная, 7","пр-кт Ленина, 22А",213,213,450,199,300,213,,scattered clouds,17.77C,48%
2024-08-11 11:53,10.5 км,"ул. Восстания, 97","ул. Серафимы Дерябиной, 35",105,105,125,199,300,105,,scattered clouds,16.77C,51%
2024-08-11 12:04,9.7 км,"ул. Ухтомская, 28","ул. Победы, 51",257,257,151,199,300,257,,,,
2024-08-11 12:16,8.7 км,"ул. Репина, 80","ул. Кировградская, 27",231,231,141,199,300,231,,,,
2024-08-11 12:27,9.4 км,"ул. Парниковая, 3а","ул. Гурзуфская, 24",177,177,167,199,300,177,,scattered clouds,16.77C,51%
2024-08-11 12:38,5.6 км,"ул. Академика Постовского, 16","ул. Татищева, 136",213,213,204,263,376,213,,scattered clouds,16.77C,51%
2024-08-11 12:49,7.6 км,"ул. Карла Маркса, 40","Малый пер., 15",131,131,114,199,300,131,,clear sky,16.77C,51%
2024-08-11 13:00,1.3 км,"ул. Автомагистральная, 25","ул. Машиностроителей, 73",195,195,238,199,300,195,,,,
2024-08-11 13:13,4.4 км,"ул. Ереванская, 23","ул. Кулибина, 3",159,159,114,199,300,159,,clear sky,16.77C,51%
2024-08-11 13:23,5.2 км,"ул. Амундсена, 72","ул. Феофанова, 6",95,95,204,199,300,95,,,,
2024-08-11 13:34,5.3 км,"ул. Восточная, 26а","Переходный пер., 9",141,141,125,199,300,141,,clear sky,16.77C,55%
2024-08-11 13:45,12.7 км,"ул. Новаторов, 3","Волчанский пер., 11",320,320,380,219,300,320,,,,
2024-08-11 13:58,16.7 км,"ул. Вали Котика, 9а","ул. Водная, 17",177,177,114,199,300,177,,,,
2024-08-11 14:11,3.4 км,"ул. Новаторов, 8 корпус 2","ул. Электриков, 6",195,195,282,199,300,195,,,,
2024-08-11 14:22,10.7 км,"ул. Билимбаевская, 34 корпус 2","ул. Педагогическая, 13",105,105,114,199,300,105,,clear sky,16.77C,51%
2024-08-11 14:32,763.2 м,"ул. Аптекарская, 42","ул. Патриса Лумумбы, 14",185,185,290,199,300,185,,clear sky,16.77C,51%
2024-08-11 14:43,8.8 км,"ул. Отто Шмидта, 78","ул. Красных партизан, 6",131,131,114,199,300,131,,,,
2024-08-11 14:54,14.4 км,"ул. Щербакова, 43","ул. Дружининская, 5а",105,105,125,199,300,105,,clear sky,16.77C,51%
2024-08-11 15:05,6.2 км,"ул. Блюхера, 69","ул. Бебеля, 134",149,149,114,199,300,149,,clear sky,16.77C,51%
2024-08-11 15:16,20.3 км,"ул. Фестивальная, 15","ул. Спутников, 16/2",159,159,193,199,300,159,,,,
2024-08-11 15:26,7.8 км,"Низовой пер., 10а","ул. Сухоложская, 6",105,105,114,199,300,105,,,,
2024-08-11 15:39,18.5 км,"ул. Грибоедова, 2","ул. Техническая, 142",113,113,151,199,300,113,,clear sky,17.77C,42%
2024-08-11 15:50,12.0 км,"ул. Хуторская, 8","ул. Билимбаевская, 31 корпус 2",105,105,114,199,300,105,,clear sky,17.77C,48%
2024-08-11 16:01,6.9 км,"ул. Блюхера, 12","пр-кт Седова, 44б",141,141,114,199,300,141,,clear sky,17.77C,48%
2024-08-11 16:12,2.5 км,"ул. Сурикова, 50","ул. Луганская, 23а",113,113,114,199,300,113,,,,
2024-08-11 16:25,7.6 км,"ул. Аптекарская, 39","ул. Хохрякова, Строение 33",149,149,114,199,300,149,,clear sky,16.77C,55%
2024-08-11 16:35,2.1 км,"ул. Омская, 108","ул. Братьев Быковых, 7",131,131,114,199,300,131,,clear sky,16.77C,55%
2024-08-11 16:46,8.5 км,"ул. Альпинистов, 8","ул. 8 Марта, 118",113,113,125,199,300,113,,clear sky,16.77C,55%
2024-08-11 16:57,5.2 км,"ул. Комсомольская, 1","ул. Кобозева, 116б",95,95,114,199,300,95,,clear sky,16.77C,55%
2024-08-11 17:08,1.2 км,"ул. Цвиллинга, Строение 53","Базовый пер., 54",159,159,204,199,300,159,,,,
2024-08-11 17:21,9.7 км,"ул. Техническая, 81","ул. Студенческая, 70",141,141,114,199,300,141,,,,
2024-08-11 17:34,8.5 км,"ул. Блюхера, 53","ул. Военная, 4",185,185,114,199,300,185,,,,
2024-08-11 17:45,1.2 км,"ул. Техническая, 46","ул. Пехотинцев, 6",113,113,177,199,300,113,,,,
2024-08-11 17:57,7.6 км,"Ученический пер., 4","ул. Академика Бардина, 9",95,95,114,199,300,95,,,,
2024-08-11 18:10,7.3 км,"Выходной пер., 5 корпус 13","ул. Авиационная, 61 корпус 1",95,95,114,199,300,95,,,,
2024-08-11 18:21,17.9 км,"Горнистов проезд, 15","ул. Токарей, 48",105,105,114,199,300,105,,,,
2024-08-11 18:34,4.2 км,"ул. Уральская, 56","Черноморский пер., 6",95,95,114,199,300,95,,clear sky,16.77C,59%
2024-08-11 18:45,8.2 км,"ул. Куйбышева, 112Г","ул. Окружная, 4",159,159,141,199,300,159,,,,
2024-08-11 18:58,14.4 км,"ул. Агрономическая, 60","ул. Кировградская, 35",123,123,151,199,300,123,,,,
2024-08-11 19:11,7.9 км,"ул. Агрономическая, 35","Сиреневый б-р, 4 корпус 3",141,141,151,199,300,141,,,,
2024-08-11 19:24,17.3 км,"ул. Серафимы Дерябиной, 51","ул. Испытателей, 13",113,113,114,199,300,113,,scattered clouds,15.77C,63%
2024-08-11 19:35,47.1 км,"ул. 22 Партсъезда, 3","Ученический пер., 4а",100,100,,scattered clouds,15.77C,63%
2024-08-11 19:46,3.7 км,"ул. Токарей, 66","Выездной пер., 8а",141,141,114,199,300,141,,,,
2024-08-11 19:56,1.4 км,"ул. Краснофлотцев, 4","ул. Краснофлотцев, 31",105,105,125,199,300,105,,scattered clouds,14.77C,72%
2024-08-11 20:07,17.2 км,"ул. Карельская, 44","ул. Новаторов, 12",105,105,114,199,300,105,,,,
2024-08-11 20:18,1.4 км,"ул. Студенческая, 29","ул. Блюхера, 63",213,213,193,235,300,213,,,,
2024-08-11 20:29,5.4 км,"ул. Саввы Белых, 28","ул. Маршала Жукова, 14",195,195,125,199,300,195,,,,
2024-08-11 20:42,9.0 км,"ул. Отто Шмидта, 74","ул. Краснофлотцев, 19",203,203,125,199,300,203,,clear sky,14.77C,67%
2024-08-11 20:52,14.5 км,"ул. 40-летия Октября, 69","ул. Прониной, 32",123,123,114,199,300,123,,,,
2024-08-11 21:05,3.1 км,"Сухумский пер., 4","ул. Мраморская, 38",167,167,193,199,300,167,,clear sky,13.77C,77%
2024-08-11 21:16,6.4 км,"ул. Авиаторов, 3","Зерновой пер., 10",265,265,286,379,490,265,,clear sky,13.77C,77%
2024-08-11 21:27,3.9 км,"ул. 40-летия Октября, 32","ул. Ольховская, 25 корпус 2",195,195,125,199,300,195,,clear sky,13.77C,77%
2024-08-11 21:38,1.0 км,"ул. Боровая, 19","ул. Июльская, 53",131,131,114,199,300,131,,clear sky,13.77C,77%
2024-08-11 21:49,3.3 км,"ул. Техническая, 158","ул. Бебеля, 176",123,123,301,199,300,123,,clear sky,13.77C,77%
2024-08-11 21:59,3.7 км,"ул. 22 Партсъезда, 12","ул. Расточная, 39",284,284,141,199,300,284,,,,
2024-08-11 22:10,5.6 км,"ул. Сыромолотова, 7","ул. Фурманова, 66",159,159,193,235,300,159,,,,
2024-08-11 22:23,8.8 км,"ул. Щорса, 103","ул. Трубачева, 45",274,274,141,199,300,274,,scattered clouds,13.77C,77%
2024-08-11 22:34,3.3 км,"ул. Аптекарская, 47","Каслинский пер., 3",123,123,125,199,300,123,,,,
2024-08-11 22:47,7.5 км,"ул. Заводская, 9","ул. Краснофлотцев, 19",274,274,114,199,300,274,,scattered clouds,12.77C,88%
2024-08-11 22:58,15.0 км,"ул. Эстонская, 3","Теплогорский пер., 10",177,177,114,199,300,177,,,,
2024-08-11 23:09,6.0 км,"ул. Рощинская, 65","ул. Восточная, 166",149,149,141,199,300,149,,scattered clouds,12.77C,88%
2024-08-11 23:19,11.0 км,"ул. Рощинская, 28","ул. Софьи Перовской, 103",167,167,114,263,300,167,,,,
2024-08-11 23:32,19.0 км,"ул. Косарева, 15","ул. Черноярская, 28а",95,95,114,199,300,95,,broken clouds,12.77C,82%
2024-08-11 23:43,11.6 км,"ул. Серафимы Дерябиной, 23","ул. Варшавская, 30",131,131,114,199,300,131,,broken clouds,12.77C,82%
2024-08-11 23:54,6.4 км,"ул. Маневровая, 17-б","ул. Бабушкина, 24",105,105,125,199,300,105,,,,
2024-08-12 00:05,8.0 км,"ул. Ленинградская, 29","ул. Счастливая, 4",159,159,125,199,300,159,,,,
2024-08-12 00:16,9.6 км,"пр-кт Космонавтов, 73 корпус 2","ул. Заводская, 32 корпус 4",113,113,114,199,300,113,,broken clouds,12.77C,82%
2024-08-12 00:26,12.3 км,"Утренний пер., 1б","ул. Бисертская, 10",95,95,114,199,300,95,,broken clouds,12.77C,82%
2024-08-12 00:37,2.9 км,"ул. Шейнкмана, 120","ул. Энергостроителей, 6А",185,185,114,199,300,185,,,,
2024-08-12 00:50,2.3 км,"ул. Бажова, 76","Курьинский пер., 7",213,213,114,199,300,213,,broken clouds,12.77C,82%
2024-08-12 01:01,6.0 км,"ул. Онежская, 4а","ул. Комсомольская, 17",95,95,114,199,300,95,,broken clouds,12.77C,82%
2024-08-12 01:12,1.3 км,"ул. 8 Марта, 57","ул. Радищева, 18",131,131,114,199,300,131,,,,
2024-08-12 01:23,1.3 км,"ул. Братская, 27 корпус 3","Дизельный пер., 35",159,159,114,199,300,159,,,,
2024-08-12 01:35,7.3 км,"ул. Шефская, 87 корпус 2","ул. Мичурина, 98",95,95,125,199,300,95,,overcast clouds,12.77C,82%
2024-08-12 01:46,209.5 м,"ул. Прибалтийская, 58","ул. Хвойная, 79",95,95,114,199,300,95,,overcast clouds,12.77C,82%
2024-08-12 01:57,4.3 км,"ул. Степана Разина, 76","ул. Металлургов, 18а",141,141,125,199,300,141,,,,
2024-08-12 02:08,1.1 км,"Кыштымский пер., 8а","ул. 8 Марта, 61",159,159,125,199,300,159,,,,
2024-08-12 02:19,14.6 км,"ул. Трубачева, 45","ул. Старых Большевиков, 45",95,95,114,199,300,95,,overcast clouds,12.77C,82%
2024-08-12 02:29,5.0 км,"ул. Библиотечная, 33а","ул. Родонитовая, 1",123,123,114,199,300,123,,overcast clouds,12.77C,82%
2024-08-12 02:40,3.7 км,"ул. Машинная, 1в","ул. Сыромолотова, 20",113,113,114,199,300,113,,overcast clouds,12.77C,82%
2024-08-12 02:51,6.2 км,"ул. Комсомольская, 12","ул. Красноуральская, 6",123,123,193,199,300,123,,overcast clouds,12.77C,82%
2024-08-12 03:02,17.8 км,"ул. Избирателей, 66","ул. Грибоедова, 22",167,167,114,199,300,167,,overcast clouds,12.77C,88%
2024-08-12 03:13,9.5 км,"ул. Декабристов, 69В","ул. Парниковая, 3а",113,113,114,199,300,113,,overcast clouds,12.77C,88%
2024-08-12 03:24,1.9 км,"ул. Московская, 209","ул. Академика Бардина, 41",131,131,114,199,300,131,,overcast clouds,12.77C,88%
2024-08-12 03:34,8.0 км,"ул. Гурзуфская, 9а","ул. Билимбаевская, 29",131,131,114,199,300,131,,,,
2024-08-12 03:45,2.2 км,"ул. Народного фронта, 70","ул. Кировградская, 11",123,123,114,199,300,123,,,,
2024-08-12 03:58,4.9 км,"ул. Луначарского, 77","ул. Техническая, 22 корпус 3",185,185,282,199,300,185,,overcast clouds,12.77C,88%
2024-08-12 04:09,587.9 м,"ул. Толмачева, 13","ул. Красноармейская, 21а",167,167,151,199,300,167,,overcast clouds,12.77C,88%
2024-08-12 04:20,5.6 км,"ул. Советская, 12","Замятина пер., 41а",167,167,125,199,300,167,,overcast clouds,12.77C,88%
2024-08-12 04:31,4.1 км,"ул. Ильича, 7","ул. Данилы Зверева, 34",149,149,212,199,300,149,,overcast clouds,12.77C,88%
2024-08-12 04:41,1.6 км,"ул. Азина, 20/1","пр-кт Космонавтов, 14 корпус 1",113,113,141,199,300,113,,overcast clouds,12.77C,88%
2024-08-12 04:52,591.1 м,"ул. Бажова, 76а","ул. Тобольская, 76б корпус 3",159,159,125,199,300,159,,overcast clouds,12.77C,88%
2024-08-12 05:03,7.1 км,"ул. Майкопская, 20","ул. Владимира Высоцкого, 18Д",131,131,141,199,300,131,,,,
2024-08-12 05:14,8.2 км,"ул. Лесная, 38А","ул. Краснодарская, 30А",123,123,114,199,300,123,,,,
2024-08-12 05:27,6.2 км,"ул. Готвальда, 19","ул. Бакинских комиссаров, 109",195,195,193,199,300,195,,overcast clouds,12.77C,88%
2024-08-12 05:37,7.5 км,"ул. Комсомольская, 47","ул. Калинина, 60",239,239,125,199,300,239,,overcast clouds,12.77C,88%
2024-08-12 05:48,7.2 км,"ул. Фестивальная, 7","ул. Восточная, 80а",105,105,125,199,300,105,,,,
2024-08-12 05:59,213.9 м,"ул. Мичурина, 206","ул. Мичурина, 210",159,159,151,199,300,159,,overcast clouds,12.77C,82%
2024-08-12 06:10,11.9 км,"ул. Индустрии, 96б","ул. 8 Марта, 204 корпус 5",177,177,177,199,300,177,,overcast clouds,12.77C,82%
2024-08-12 06:21,9.0 км,"ул. Заводская, 79","ул. Алтайская, 68",177,177,141,199,300,177,,,,
2024-08-12 06:32,7.2 км,"ул. Культуры, 30а","ул. Крауля, 85",239,239,204,247,300,239,,,,
2024-08-12 06:44,7.8 км,"ул. Республиканская, 3","ул. Ботаническая, 23",95,95,114,199,300,95,,,,
2024-08-12 06:55,12.6 км,"ул. Селькоровская, 14","ул. Сортировочная, 10",203,203,177,199,300,203,,overcast clouds,12.77C,88%
2024-08-12 07:06,6.8 км,"ул. Академика Постовского, 16","ул. Шевченко, 23",221,221,114,199,300,221,,,,
2024-08-12 07:17,1.8 км,"ул. Машиностроителей, 6","ул. Уральских рабочих, 10",231,231,114,199,300,231,,overcast clouds,12.77C,88%
2024-08-12 07:28,11.6 км,"ул. Щербакова, 7","ул. Машиностроителей, 33",149,149,125,199,300,149,,light intensity shower rain,12.77C,88%
2024-08-12 07:39,6.2 км,"ул. Заводская, 18","ул. Академическая, 13",310,310,114,199,338,310,,light intensity shower rain,12.77C,88%
2024-08-12 07:49,12.0 км,"ул. Анатолия Мехренцева, 42","ул. Водная, 17",257,257,151,199,300,257,,,,
2024-08-12 08:00,9.8 км,"ул. Восточная, 31","пр-кт Космонавтов, 61-б",95,95,114,199,300,95,,light rain,12.77C,88%
2024-08-12 08:11,14.6 км,"ул. Таганская, 37","ул. Чкалова, 248",149,149,238,199,300,149,,light rain,12.77C,88%
2024-08-12 08:22,6.7 км,"ул. Восточная, 158","ул. Палисадная, 8а",141,141,177,199,300,141,,light rain,12.77C,88%
2024-08-12 08:33,10.3 км,"ул. Эстонская, 1Б","ул. Восточная, 11б",185,185,114,199,300,185,,light rain,12.77C,88%
2024-08-12 08:43,9.4 км,"Сибирский тракт, 37а","ул. Ильича, 71-б",292,292,327,347,300,292,,light rain,12.77C,88%
2024-08-12 08:54,2.4 км,"ул. Кобозева, 116б","ул. Кузнецова, 21",213,213,230,199,300,213,,light rain,12.77C,88%
2024-08-12 09:05,2.0 км,"ул. Азина, 20/4","ул. Энергостроителей, 11",177,177,114,199,300,177,,light rain,12.77C,88%
2024-08-12 09:16,14.7 км,"ул. Белоярская, 14","ул. Вали Котика, 13",95,95,114,199,300,95,,,,
2024-08-12 09:29,5.9 км,"ул. Московская, 229","ул. Комсомольская, 45 корпус 11",167,167,125,199,300,167,,light rain,13.77C,82%
2024-08-12 09:40,5.0 км,"ул. Первомайская, 103а","ул. Московская, 39",213,213,212,199,300,213,,light rain,13.77C,82%
2024-08-12 09:51,14.7 км,"ул. Комсомольская, 45 корпус 3","ул. Военная, 10",167,167,114,199,300,167,,,,
2024-08-12 10:01,7.8 км,"Замятина пер., 20","ул. Сортировочная, 11",149,149,141,199,300,149,,light rain,13.77C,88%
2024-08-12 10:12,4.4 км,"ул. Патриса Лумумбы, 38","ул. Просторная, 146",239,239,230,199,300,239,,light rain,13.77C,88%
2024-08-12 10:23,7.1 км,"ул. Соболева, 21 корпус 5","Переходный пер., 4",105,105,204,199,300,105,,light rain,13.77C,88%
2024-08-12 10:34,9.8 км,"ул. Ирбитская, 6а","мкр. Светлый, 5",195,195,114,199,300,195,,,,
2024-08-12 10:47,9.2 км,"ул. Солнечная, 23","ул. Походная, 72",113,113,114,199,300,113,,,,
2024-08-12 11:00,6.5 км,"Банковский пер., 10","ул. Ильича, 35",95,95,114,199,300,95,,overcast clouds,13.77C,88%
2024-08-12 11:11,8.4 км,"ул. Мира, 44-б","ул. Бакинских комиссаров, 19",95,95,114,199,300,95,,,,
2024-08-12 11:24,3.9 км,"ул. Машинная, 10","ул. Маршала Жукова, 10 Строение 1",95,95,114,199,300,95,,overcast clouds,14.77C,82%
2024-08-12 11:35,263.1 м,"ул. Уктусская, 46","ул. Уктусская, 47",95,95,114,199,300,95,,,,
2024-08-12 11:48,8.3 км,"Зерновой пер., 5","ул. Блюхера, 41",95,95,114,199,300,95,,,,
2024-08-12 11:58,17.3 км,"ул. Бакинских комиссаров, 38а","ул. Инженерная, 69",131,131,114,199,300,131,,light rain,14.77C,88%
2024-08-12 12:09,1.6 км,"ул. Коммунистическая, 117","ул. Кировградская, 70",113,113,204,199,300,113,,light rain,14.77C,88%
2024-08-12 12:20,2.2 км,"ул. Малышева, 71а","ул. Радищева, 31",95,95,114,199,300,95,,,,
2024-08-12 12:31,1.7 км,"ул. Печерская, 2","ул. Черепанова, 16",149,149,151,199,300,149,,,,
2024-08-12 12:42,4.9 км,"ул. Уктусская, 31","ул. Машинистов, 12",105,105,141,199,300,105,,overcast clouds,15.77C,82%
2024-08-12 12:53,3012.6 км,"ул. Старых Большевиков, 36","пр-кт Космонавтов, Сооружение 92а",123,123,141,199,300,123,,,,
2024-08-12 13:04,14.5 км,"ул. Якутская, 10","ул. Парниковая, 3",95,95,114,199,300,95,,,,
2024-08-12 13:17,7.8 км,"ул. Рассветная, 6 корпус 1","ул. Уральских рабочих, 4",141,141,114,199,300,141,,overcast clouds,16.77C,77%
2024-08-12 13:27,5.0 км,"ул. Владимира Высоцкого, 4 корпус 1","ул. Онежская, 7",131,131,114,199,300,131,,light rain,16.77C,77%
2024-08-12 13:38,3.1 км,"ул. Машиностроителей, 24","ул. Фронтовых бригад, 7",95,95,141,199,300,95,,overcast clouds,16.77C,77%
2024-08-12 13:49,9.3 км,"ул. Стрелочников, 8","ул. Симферопольская, 18",131,131,114,199,300,131,,overcast clouds,16.77C,77%
2024-08-12 14:00,6.3 км,"ул. Самолетная, 25","пр-кт Ленина, 69 корпус 5",149,149,114,199,300,149,,,,
2024-08-12 14:13,6.3 км,"ул. Гоголя, Строение 18","ул. Современников, 19",95,95,114,199,300,95,,,,
2024-08-12 14:26,14.8 км,"ул. Грибоедова, 24а","ул. Уральских коммунаров, 35",113,113,114,199,300,113,,,,
2024-08-12 14:39,13.3 км,"ул. Бакинских комиссаров, 14","ул. Шишимская, 17",159,159,193,199,300,159,,overcast clouds,16.77C,82%
2024-08-12 14:50,3.5 км,"ул. Азина, 22/2","ул. Мельникова, 20",95,95,114,199,300,95,,overcast clouds,16.77C,77%
2024-08-12 15:01,9.5 км,"ул. Заводская, 34","Замятина пер., 37",105,105,114,199,300,105,,overcast clouds,16.77C,77%
2024-08-12 15:12,4.1 км,"ул. Самолетная, 18","ул. Мартовская, 9",167,167,125,199,300,167,,overcast clouds,16.77C,77%
2024-08-12 15:22,3.9 км,"ул. Мичурина, 49","Сиреневый б-р, 23",131,131,114,199,300,131,,overcast clouds,16.77C,77%
2024-08-12 15:33,898.3 м,"ул. Таганская, 52 корпус 2","ул. Энтузиастов, 38",95,95,230,199,300,95,,overcast clouds,16.77C,77%
2024-08-12 15:44,6.2 км,"ул. Евгения Савкова, 17а","ул. Посадская, 56 корпус 2",141,141,151,199,300,141,,,,
2024-08-12 15:55,7.3 км,"ул. Малышева, 137а","ул. 40-летия Октября, 11",213,213,290,235,300,213,,,,
2024-08-12 16:08,5.2 км,"ул. Мичурина, 237а корпус 1","ул. Листопадная, 10",185,185,125,199,300,185,,,,
2024-08-12 16:19,3.4 км,"ул. Ясная, 1 корпус 6","ул. Декабристов, 4",131,131,114,199,300,131,,light intensity shower rain,13.77C,100%
2024-08-12 16:30,1.8 км,"ул. Крестинского, 37 корпус 1","ул. Агрономическая, 18А",113,113,114,199,300,113,,,,
2024-08-12 16:41,1483.6 км,"ул. 8 Марта, 179а","ул. Краснофлотцев, 2б",133,114,179,133,,,,
2024-08-12 16:54,8.5 км,"ул. Сажинская, 1","ул. Сурикова, 47",141,141,114,199,300,141,,light intensity shower rain,14.77C,100%
2024-08-12 17:04,15.7 км,"ул. Малышева, 4","ст. Исток, 11",257,257,167,199,300,257,,light intensity shower rain,14.77C,100%
2024-08-12 17:15,3.7 км,"ул. 8 Марта, 181 корпус 4","ул. Белореченская, 23 корпус 3",105,105,114,199,338,105,,,,
2024-08-12 17:26,3.9 км,"ул. Мельковская, 14","ул. Фурманова, 122",167,167,167,199,300,167,,,,
2024-08-12 17:37,16.0 км,"ул. Прибалтийская, 11","ул. Культуры, 4",131,131,114,199,300,131,,overcast clouds,14.77C,100%
2024-08-12 17:48,5.9 км,"ул. Посадская, 43","ул. Щербакова, 7",167,167,125,199,300,167,,overcast clouds,14.77C,100%
2024-08-12 17:59,16.3 км,"ул. 40-летия Октября, 55","ул. Молотобойцев, 4",310,310,167,199,300,310,,light intensity shower rain,14.77C,100%
2024-08-12 18:10,4.3 км,"ул. Алтайская, 70","ул. Чайковского, 86 корпус 2",105,105,114,199,300,105,,light intensity shower rain,14.77C,100%
2024-08-12 18:21,17.7 км,"ул. Старых Большевиков, 77","ул. Бисертская, 6",95,95,114,199,300,95,,,,
2024-08-12 18:31,10.8 км,"ул. Бебеля, 176","ул. Просторная, 146",113,113,114,199,300,113,,light intensity shower rain,14.77C,100%
2024-08-12 18:42,9.6 км,"ул. Начдива Онуфриева, 16","мкр. Светлый, 1",113,113,125,199,300,113,,,,
2024-08-12 18:53,15.4 км,"ул. Селькоровская, 102 корпус 4","ул. Расточная, 20",149,149,114,199,300,149,,,,
2024-08-12 19:04,15.6 км,"ул. Фрезеровщиков, 39а","Малахитовый пер., 8",105,105,114,199,300,105,,,,
2024-08-12 19:17,5.8 км,"ул. Студенческая, 15","ул. Красных командиров, 27",95,95,114,199,300,95,,overcast clouds,14.77C,100%
2024-08-12 19:28,11.0 км,"ул. Восточная, 23б","ул. Трактовая, 9 корпус 2",131,131,151,199,300,131,,,,
2024-08-12 19:39,6.4 км,"ул. Хохрякова, 35","ул. Фестивальная, 27",159,159,141,199,300,159,,overcast clouds,14.77C,100%
2024-08-12 19:50,5.4 км,"ул. Азина, 39","ул. Кировградская, 53",131,131,114,199,300,131,,,,
2024-08-12 20:00,3.6 км,"пр-кт Ленина, 62 корпус 2","ул. Новгородцевой, 39",149,149,125,199,300,149,,,,
2024-08-12 20:13,1.7 км,"ул. Белореченская, 17 корпус 6","ул. Народной воли, 23",113,113,125,199,300,113,,,,
2024-08-12 20:27,8.9 км,"пр-кт Ленина, 60","ул. Краснолесья, 125",141,141,125,199,300,141,,,,
2024-08-12 20:40,11.1 км,"ул. Кобозева, 75","ул. Чайковского, 86 корпус 4",123,123,114,199,300,123,,,,
2024-08-12 20:50,2.1 км,"ул. Майкопская, 22А","ул. Техническая, 18",149,149,114,199,300,149,,light rain,14.77C,100%
2024-08-12 21:01,14.3 км,"ул. 8 Марта, 130","ул. Бахчиванджи, 15",159,159,167,199,300,159,,,,
2024-08-12 21:14,1.6 км,"ул. Комсомольская, 39","ул. Блюхера, 75 корпус 3",177,177,151,199,300,177,,,,
2024-08-12 21:27,8.8 км,"ул. Молотобойцев, 14","ул. Евгения Савкова, 7",131,131,114,199,300,131,,,,
2024-08-12 21:40,10.2 км,"пр-кт Ленина, 99а","ул. Бисертская, 131",167,167,114,199,300,167,,light intensity shower rain,14.77C,100%
2024-08-12 21:51,4.6 км,"ул. Сулимова, 27","ул. Ползунова, 34б",113,113,125,199,376,113,,,,
2024-08-12 22:02,7.7 км,"ул. Хрустальногорская, 84","ул. Титова, 54",95,95,114,199,300,95,,light intensity shower rain,14.77C,100%
2024-08-12 22:13,5.8 км,"ул. Самолетная, 56-58","ул. Амундсена, 137",149,149,114,199,300,149,,,,
2024-08-12 22:26,13.8 км,"ул. Рощинская, 69","ул. Ильича, 42а",123,123,114,199,300,123,,,,
2024-08-12 22:39,15.7 км,"ул. Ляпустина, 25","Замятина пер., 40 корпус 1",95,95,114,199,300,95,,,,
2024-08-12 22:50,11.4 км,"ул. Славянская, 56","ул. Советская, 51",105,105,114,199,300,105,,light rain,14.77C,100%
2024-08-12 23:01,5.8 км,"ул. Солнечная, 41","Замятина пер., 38 корпус 1",131,131,114,199,300,131,,,,
2024-08-12 23:14,1.0 км,"ул. Ухтомская, 14а","ул. Металлургов, 22",356,356,114,199,300,356,,,,
2024-08-12 23:25,9.9 км,"ул. Бетонщиков, 8","ул. Бисертская, 133",185,185,125,199,300,185,,light rain,14.77C,100%
2024-08-12 23:36,14.7 км,"ул. Новаторов, 14","ул. Щербакова, 20",113,113,125,199,300,113,,light rain,14.77C,100%
2024-08-12 23:46,10.9 км,"ул. Стрелочников, 26","Выходной пер., 5 корпус 7",141,141,114,199,300,141,,light rain,14.77C,100%
2024-08-12 23:57,1.6 км,"пр-кт Космонавтов, 71","ул. 40-летия Октября, 80",123,123,125,199,300,123,,,,
2024-08-13 00:08,3.9 км,"ул. 8 Марта, 144","ул. Татищева, 18",213,213,114,199,300,213,,,,
2024-08-13 00:21,1.7 км,"ул. Лукиных, 18","ул. Бакинских комиссаров, 12",149,149,151,199,300,149,,,,
2024-08-13 00:32,4.4 км,"ул. Шишимская, 13","ул. Волгоградская, 88",123,123,114,199,300,123,,overcast clouds,14.76C,100%
2024-08-13 00:43,3.1 км,"Шаронова пер., 31","ул. Пальмиро Тольятти, 26",159,159,125,199,300,159,,,,
2024-08-13 00:54,3.6 км,"ул. Шаумяна, 103 корпус 1","ул. Белинского, 140 корпус 2",131,131,114,199,300,131,,,,
2024-08-13 01:07,7.6 км,"ул. Водная, 13а","ул. Симферопольская, 31а",95,95,114,199,300,95,,overcast clouds,14.77C,100%
2024-08-13 01:18,4.4 км,"ул. Крылова, 35","ул. Пехотинцев, 9",177,177,114,199,300,177,,,,
2024-08-13 01:29,8.6 км,"ул. Благодатская, 68","ул. Белоярская, 10",141,141,151,199,300,141,,broken clouds,14.77C,100%
2024-08-13 01:40,12.4 км,"ул. Калинина, 11","ул. Братская, 8",159,159,114,199,300,159,,,,
2024-08-13 01:50,6.8 км,"ул. Куйбышева, 57","ул. Краснофлотцев, 1д",141,141,114,199,300,141,,broken clouds,14.77C,100%
2024-08-13 02:01,8.7 км,"Решетникова проезд, 1","ул. Раевского, 18а",159,159,114,199,300,159,,broken clouds,13.7C,100%
2024-08-13 02:12,21.4 км,"ст. Хуторята, 1","Клубный пер., 3",95,95,114,199,300,95,,broken clouds,13.77C,100%
2024-08-13 02:23,8.5 км,"ул. Билимбаевская, 27","ул. Ползунова, 16а",105,105,125,199,300,105,,scattered clouds,13.77C,100%
2024-08-13 02:34,6.7 км,"ул. Черкасская, 39","ул. Щербакова, 5 корпус 2",221,221,204,199,300,221,,,,
2024-08-13 02:47,4.8 км,"ул. Братская, 10","ул. Розы Люксембург, 79",105,105,114,199,300,105,,,,
2024-08-13 03:00,7.2 км,"ул. Патриса Лумумбы, 29а","ул. Луначарского, 133",149,149,114,199,300,149,,scattered clouds,12.77C,100%
2024-08-13 03:11,8.3 км,"ул. Фабричная, 19","ул. Челюскинцев, 19",95,95,177,199,300,95,,,,
2024-08-13 03:24,5.2 км,"ул. Пальмиро Тольятти, 11","Ученический пер., 3",177,177,114,199,300,177,,scattered clouds,13.77C,100%
2024-08-13 03:35,6.8 км,"ул. Белореченская, 23 корпус 3","ул. Автомагистральная, 35",141,141,114,199,300,141,,,,
2024-08-13 03:48,4.8 км,"ул. Мичурина, 212","Волчанский пер., 11",266,266,151,199,300,266,,,,
2024-08-13 03:59,6.2 км,"ул. Ильича, 50а","ул. Первомайская, 82",95,95,141,199,300,95,,fog,12.77C,100%
2024-08-13 04:10,1.5 км,"ул. Ангарская, 54","ул. Коуровская, 26",123,123,204,199,300,123,,fog,12.77C,100%
2024-08-13 04:21,3.0 км,"ул. Сулимова, 47","ул. Стрелочников, 13",167,167,114,199,300,167,,,,
2024-08-13 04:32,9.2 км,"ул. Краснолесья, 10/5","мкр. Светлый, 2",167,167,114,199,300,167,,fog,12.77C,100%
2024-08-13 04:43,6.6 км,"Выходной пер., 5 корпус 7","ул. Малышева, 141",95,95,114,199,300,95,,fog,12.77C,100%
2024-08-13 04:54,9.8 км,"ул. Электриков, 19","ул. Академика Шварца, 18 корпус 1",95,95,264,199,300,95,,,,
2024-08-13 05:07,7.5 км,"Таллинский пер., 8","ул. Комсомольская, 57а",221,221,114,199,300,221,,fog,12.77C,100%
2024-08-13 05:18,9.8 км,"ул. Братская, 4","ул. Вилонова, 86 корпус 4",195,195,151,199,300,195,,,,
2024-08-13 05:29,10.4 км,"ул. Комсомольская, 29а","ул. Ангарская, 30",203,203,177,199,300,203,,few clouds,11.77C,100%
2024-08-13 05:39,12.6 км,"ул. Листопадная, 13","ул. Красных командиров, 1",159,159,125,199,300,159,,,,
2024-08-13 05:53,6.0 км,"ул. Академика Бардина, 12","ул. Мичурина, 43а",113,113,114,199,300,113,,fog,11.77C,100%
2024-08-13 06:03,11.8 км,"ул. Шефская, 15а","ул. Павлодарская, 48а",249,249,125,199,300,249,,,,
2024-08-13 06:14,14.4 км,"ул. Калинина, 60","ул. Зенитчиков, 108",167,167,177,199,300,167,,fog,11.77C,100%
2024-08-13 06:25,7.4 км,"Северный пер., 3","пр-кт Академика Сахарова, 89",149,149,125,199,300,149,,,,
2024-08-13 06:36,4.6 км,"ул. Мамина-Сибиряка, 57а","ул. Корепина, 33",159,159,114,199,300,159,,,,
2024-08-13 06:49,3.0 км,"ул. Донбасская, 16","ул. Вали Котика, 7",195,195,114,199,300,195,,clear sky,11.77C,100%
2024-08-13 07:00,1.4 км,"ул. Очеретина, 5","ул. Серафимы Дерябиной, 55 корпус 1",123,123,125,199,300,123,,,,
2024-08-13 07:13,6.4 км,"ул. Корепина, 20","ул. Сакко и Ванцетти, 58",123,123,114,199,300,123,,clear sky,11.77C,100%
2024-08-13 07:24,5.1 км,"ул. Амундсена, 68б","ул. Мартовская, 5",428,428,141,199,338,428,,clear sky,11.77C,100%
2024-08-13 07:35,8.2 км,"ул. Сыромолотова, 28","ш. Елизаветинское, 4",239,239,151,199,300,239,,clear sky,11.77C,100%
2024-08-13 07:46,1.6 км,"ул. Анны Бычковой, 10","ул. Панельная, 17 корпус 2",131,131,125,199,300,131,,,,
2024-08-13 07:57,4.7 км,"ул. Агрономическая, 16","ул. Алтайская, 62",105,105,114,199,300,105,,,,
2024-08-13 08:10,8.6 км,"ул. Солнечная, 21","ул. Агрономическая, 12",149,149,114,199,300,149,,,,
2024-08-13 08:23,7.1 км,"ул. Академика Губкина, 74","ул. Академика Шварца, 18 корпус 1",203,203,114,199,300,203,,,,
2024-08-13 08:36,7.6 км,"ул. Ферганская, 4","ул. Викулова, 38б",310,310,167,199,300,310,,light rain,12.77C,100%
2024-08-13 08:47,18.6 км,"ул. Инженерная, 37","ул. Билимбаевская, 27 корпус 1",95,95,114,199,300,95,,,,
2024-08-13 08:58,13.0 км,"ул. Победы, 8","ул. Вильгельма де Геннина, 41",203,203,125,199,300,203,,,,
2024-08-13 09:11,7.4 км,"ул. Горького, 33а","ул. Донская, 50",95,95,114,199,300,95,,,,
2024-08-13 09:22,5.2 км,"ул. Солнечная, 41","ул. Викулова, 33 корпус 1",177,177,114,199,300,177,,,,
2024-08-13 09:33,6.8 км,"ул. Энтузиастов, 27","пр-кт Седова, 55",185,185,380,199,300,185,,light rain,14.77C,94%
2024-08-13 09:44,5.6 км,"ул. Изоплитная, 11","ул. Мира, 1г",195,195,290,199,300,195,,,,
2024-08-13 09:55,5.2 км,"ул. Восточная, 21","ул. Заводская, 43 корпус 2",95,95,114,199,300,95,,light rain,15.77C,88%
2024-08-13 10:06,17.8 км,"ул. Черняховского, 29","ул. Ломоносова, 18",113,113,114,199,300,113,,light rain,15.77C,88%
2024-08-13 10:17,6.2 км,"ул. Академика Бардина, 9","ул. Шарташская, 24",141,141,141,199,300,141,,light rain,16.77C,88%
2024-08-13 10:28,3.3 км,"ул. Техническая, 25","ул. Ангарская, 30",123,123,125,199,300,123,,,,
2024-08-13 10:41,8.2 км,"Коллективный пер., 5","ул. Токарей, 44 корпус 3",131,131,230,199,300,131,,moderate rain,16.77C,88%
2024-08-13 10:52,12.4 км,"Гончарный пер., 4","ул. Краснофлотцев, 47",195,195,114,199,300,195,,,,
2024-08-13 11:05,5.3 км,"ул. Челюскинцев, 110а","пр-кт Космонавтов, 47б",95,95,114,199,300,95,,,,
2024-08-13 11:16,4.3 км,"ул. Чапаева, 8","ул. Смазчиков, 5",95,95,114,199,300,95,,,,
2024-08-13 11:29,5.4 км,"ул. Техническая, 43","ул. Ильича, 28",159,159,167,199,300,159,,,,
2024-08-13 11:43,2.7 км,"ул. Шевченко, 20","ул. Студенческая, 62",113,113,114,199,300,113,,,,
2024-08-13 11:56,7.5 км,"ул. Малый Конный п-ов, 13","ул. Чкалова, 252",95,95,114,199,300,95,,light rain,17.77C,77%
2024-08-13 12:07,10.4 км,"ул. Чердынская, 52","ул. Баумана, 45",113,113,114,199,300,113,,light rain,17.77C,77%
2024-08-13 12:18,4.0 км,"ул. Стрелочников, 1","ул. 40-летия Октября, 32а",105,105,125,199,300,105,,light rain,17.77C,77%
2024-08-13 12:29,7.4 км,"ул. Ткачей, 16а","ул. Ялунинская, 2",95,95,114,199,300,95,,,,
2024-08-13 12:42,5.1 км,"ул. Мира, 5","ул. Ильича, 10",159,159,151,199,300,159,,,,
2024-08-13 12:55,11.0 км,"ул. Победы, 2","ул. Академика Шварца, 14",195,195,290,235,300,195,,,,
2024-08-13 13:08,8.0 км,"ул. Родонитовая, 4а","ул. Менделеева, 27",131,131,167,199,300,131,,light rain,18.77C,63%
2024-08-13 13:19,11.0 км,"ул. Славянская, 29","ул. Малышева, 21 корпус 3",95,95,114,199,300,95,,light rain,18.77C,63%
2024-08-13 13:30,3.7 км,"ул. Краснофлотцев, 14","ул. Блюхера, 63а",310,310,167,199,300,310,,,,
2024-08-13 13:43,8.6 км,"ул. Шефская, 101","ул. Коминтерна, 15",149,149,212,199,300,149,,moderate rain,18.77C,63%
2024-08-13 13:54,2.5 км,"пр-кт Ленина, 46","ул. Педагогическая, 13",131,131,125,199,300,131,,,,
2024-08-13 14:07,8.4 км,"ул. Инженерная, 46","ул. Щорса, 112",105,105,238,199,300,105,,,,
2024-08-13 14:18,11.6 км,"ул. Инженерная, 21 корпус 2","ул. Первомайская, 24в",131,131,114,199,300,131,,moderate rain,18.77C,63%
2024-08-13 14:29,6.5 км,"ул. Кировградская, 4","ул. Красноармейская, 43",141,141,114,199,300,141,,light rain,19.77C,60%
2024-08-13 14:40,7.8 км,"ул. Учителей, 16г","ул. Академика Шварца, 2 корпус 1",141,141,125,199,300,141,,,,
2024-08-13 14:51,1.9 км,"ул. Шейнкмана, 88","ул. Фрунзе, 67в",159,159,114,199,300,159,,light rain,19.77C,56%
2024-08-13 15:02,3.0 км,"ул. Пальмиро Тольятти, 26","Шаронова пер., 23а",131,131,114,199,300,131,,light rain,19.77C,56%
2024-08-13 15:13,10.5 км,"ул. Кировградская, 49а","ул. Чкалова, 119",95,95,114,199,300,95,,,,
2024-08-13 15:26,6.9 км,"пр-кт Ленина, 5 корпус 3","Каслинский пер., 12",131,131,114,199,300,131,,,,
2024-08-13 15:39,3.2 км,"ул. Кишиневская, 54","ул. Машиностроителей, 32",105,105,151,199,300,105,,light rain,19.77C,60%
2024-08-13 15:50,5.4 км,"ул. Академика Бардина, 25 корпус 2","ул. Мичурина, 152",159,159,114,199,300,159,,light rain,18.77C,63%
2024-08-13 16:01,7.4 км,"ул. Машинная, 29а","ул. Майкопская, 25",105,105,114,199,300,105,,light rain,18.77C,63%
2024-08-13 16:12,10.7 км,"ул. Амундсена, 69","ул. Донбасская, 6",131,131,114,199,300,131,,light rain,18.77C,63%
2024-08-13 16:23,7.9 км,"ул. Данилы Зверева, 36","ул. Коуровская, 16",95,95,114,199,300,95,,,,
2024-08-13 16:34,8.5 км,"ул. Народной воли, 23","ул. Кировградская, 81А",175,175,114,199,300,175,,light rain,19.77C,60%
2024-08-13 16:45,2.8 км,"ул. Техническая, 35а","ул. Ереванская, 47",131,131,114,199,300,131,,light rain,20.77C,60%
2024-08-13 16:56,10.4 км,"ул. Комсомольская, 29","ул. Славянская, 27",95,95,141,199,300,95,,light rain,20.77C,60%
2024-08-13 17:07,6.9 км,"ул. Адмирала Ушакова, 25","Широкий пер., 6",131,131,177,199,300,131,,light rain,20.77C,60%
2024-08-13 17:18,6.3 км,"Красный пер., 4а","ул. Академика Шварца, 18 корпус 1",113,113,114,199,300,113,,light rain,20.77C,49%
2024-08-13 17:29,5.3 км,"ул. Заводская, 40","ул. Евгения Савкова, 9",141,141,125,199,300,141,,light rain,20.77C,49%
2024-08-13 17:40,9.2 км,"ул. Тимирязева, 13","ул. Ангарская, 48",141,141,114,199,300,141,,light rain,20.77C,49%
2024-08-13 17:51,7.7 км,"ул. Павлодарская, 48а","ул. Азина, 21",95,95,125,199,300,95,,,,
2024-08-13 18:05,6.1 км,"ул. Московская, 190","ул. Малышева, 141",167,167,151,199,300,167,,light rain,19.77C,49%
2024-08-13 18:15,6.9 км,"ул. Тургенева, 30а","ул. Ломоносова, 61",185,185,114,199,300,185,,light rain,19.77C,49%
2024-08-13 18:26,3.8 км,"ул. Билимбаевская, 20","ул. Машиностроителей, 47",113,113,114,199,300,113,,,,
2024-08-13 18:37,4.8 км,"ул. Ильича, 6","ул. Блюхера, 49",177,177,114,199,300,177,,,,
2024-08-13 18:51,860.5 м,"ул. Белореченская, 29","ул. Белореченская, 13 корпус 2",123,123,114,199,300,123,,,,
2024-08-13 19:01,12.1 км,"ул. Избирателей, 5","Волчанский пер., 11",95,95,167,199,300,95,,,,
2024-08-13 19:15,9.9 км,"ул. Листопадная, 16","ул. Ирбитская, 8",185,185,125,199,300,185,,light rain,17.77C,68%
2024-08-13 19:26,2.1 км,"ул. Сурикова, 32","ул. Ясная, 32 корпус 3",149,149,114,199,300,149,,,,
2024-08-13 19:39,9.5 км,"ул. Белинского, 156","пр-кт Космонавтов, 62",213,213,114,199,300,213,,scattered clouds,16.77C,72%
2024-08-13 19:50,3.5 км,"ул. Народного фронта, 62","ул. Ползунова, 34а",95,95,114,199,300,95,,,,
2024-08-13 20:03,1.8 км,"ул. Братская, 8","ул. Самолетная, 76а",105,105,114,199,300,105,,scattered clouds,16.77C,72%
2024-08-13 20:14,4.6 км,"ул. Сулимова, 31","ул. Фрезеровщиков, 26",167,167,114,199,300,167,,,,
2024-08-13 20:27,5.9 км,"ул. Онежская, 7","ул. Советская, 25",177,177,114,199,300,177,,scattered clouds,15.77C,77%
2024-08-13 20:38,3.8 км,"ул. Вишневая, 34","ул. Отто Шмидта, 101",123,123,114,199,300,123,,,,
2024-08-13 20:51,9.5 км,"ул. Бебеля, 127","Базовый пер., 54",95,95,193,199,300,95,,,,
2024-08-13 21:02,8.8 км,"ул. Амундсена, 74","ул. Бебеля, 164",131,131,114,199,300,131,,,,
2024-08-13 21:13,9.8 км,"ул. Малышева, 111а","ул. Профсоюзная, 57",177,177,141,199,300,177,,few clouds,14.77C,82%
2024-08-13 21:24,2.2 км,"ул. Папанина, 30","ул. Посадская, 15",185,185,167,199,300,185,,few clouds,13.77C,82%
2024-08-13 21:36,9.2 км,"ул. Шефская, 91 корпус 3","ул. 40-летия Комсомола, 3б",123,123,114,199,300,123,,few clouds,13.77C,82%
2024-08-13 21:47,5.8 км,"ул. Победы, 28","ул. Блюхера, 15",141,141,264,199,300,141,,broken clouds,12.77C,94%
2024-08-13 21:58,7.1 км,"Трактористов пер., 15","ул. Бехтерева, 4",167,167,114,199,300,167,,,,
2024-08-13 22:11,391.5 м,"ул. Московская, 77","ул. Радищева, 24",284,284,230,199,300,284,,broken clouds,12.77C,94%
2024-08-13 22:22,9.1 км,"ул. Майкопская, 20А","ул. Краснолесья, 111",274,274,114,199,300,274,,clear sky,12.77C,94%
2024-08-13 22:33,9.5 км,"ул. Чкалова, 242","ул. Пионеров, 4",113,113,114,199,300,113,,,,
2024-08-13 22:44,1.3 км,"ул. Садовая, 7","ул. Гагарина, 3б",113,113,114,199,300,113,,,,
2024-08-13 22:55,7.0 км,"ул. Бисертская, 16 корпус 2","ул. Чайковского, 68",105,105,114,199,300,105,,,,
2024-08-13 23:08,4.0 км,"ул. Майкопская, 22А","ул. Избирателей, 44",177,177,114,199,300,177,,clear sky,12.7C,94%
2024-08-13 23:19,9.8 км,"пр-кт Ленина, 99а","ул. Павла Шаманова, 28",231,231,114,199,300,231,,,,
2024-08-13 23:32,9.7 км,"ул. Белинского, 188","Черниговский пер., 19",231,231,114,199,300,231,,clear sky,8.77C,100%
2024-08-13 23:43,1.4 км,"ул. Волгоградская, 43","ул. Ясная, 4",123,123,114,199,300,123,,clear sky,8.77C,100%
2024-08-13 23:54,16.5 км,"ул. Камчатская, 49","ул. Атмосферная, 5",141,141,114,199,300,141,,,,
2024-08-14 00:05,11.3 км,"ул. Серафимы Дерябиной, 19 корпус 2","ул. Альпинистов, 20",149,149,114,199,300,149,,,,
2024-08-14 00:16,9.9 км,"ул. Инженерная, 12","ул. Чапаева, 14 корпус 1",203,203,114,199,300,203,,,,
2024-08-14 00:28,4.3 км,"ул. Июльская, 19","ул. Лобкова, 38",177,177,114,199,300,177,,,,
2024-08-14 00:41,9.1 км,"ул. Патриса Лумумбы, 33а","ул. Владимира Высоцкого, 16",95,95,114,199,300,95,,,,
2024-08-14 00:52,1.8 км,"ул. Белореченская, 8","ул. Сакко и Ванцетти, 58",249,249,256,199,300,249,,clear sky,9.77C,100%
2024-08-14 01:03,8.1 км,"ул. Азина, 25","ул. Военная, 9",213,213,167,199,300,213,,clear sky,9.77C,100%
2024-08-14 01:14,2.0 км,"ул. Красных борцов, 11","ул. Краснофлотцев, 24а",123,123,114,199,338,123,,fog,8.77C,100%
2024-08-14 01:25,14.3 км,"ул. Народного фронта, 66","ул. Павлодарская, 15",123,123,114,199,300,123,,,,
2024-08-14 01:38,10.8 км,"Многостаночников пер., 16","ул. Первомайская, 101а",95,95,114,199,300,95,,fog,8.77C,100%
2024-08-14 01:49,5.0 км,"Запорожский пер., 4А","ул. Мраморская, 34 корпус 1",95,95,114,199,300,95,,,,
2024-08-14 02:00,2.1 км,"ул. Машинная, 1в","ул. Восточная, 80б",131,131,114,199,300,131,,fog,8.7C,100%
2024-08-14 02:11,12.0 км,"ул. Красных борцов, 5","ул. Гастелло, 28а",95,95,114,199,300,95,,fog,8.77C,100%
2024-08-14 02:22,4.3 км,"Рабочей молодежи наб., 46","ул. Сулимова, Строение 4",356,356,114,199,300,356,,mist,8.77C,100%
2024-08-14 02:33,6.4 км,"ул. Титова, 8 корпус 2","ул. Восточная, 64",95,95,114,199,300,95,,mist,8.77C,100%
2024-08-14 02:45,5.8 км,"ул. 40-летия Октября, 38а","ул. Блюхера, 95",310,310,256,199,300,310,,mist,8.77C,100%
2024-08-14 02:56,4.0 км,"Малый пер., 15","ул. Вилонова, 10",95,95,114,199,300,95,,,,
2024-08-14 03:09,8.5 км,"ул. Советская, 52","ул. Билимбаевская, 25 корпус 3",123,123,114,199,300,123,,fog,8.77C,100%
2024-08-14 03:20,4.7 км,"ул. Таганская, 87","ул. Вилонова, 20",221,221,114,199,300,221,,,,
2024-08-14 03:33,13.4 км,"Черниговский пер., 10","ул. Латышская, 95",149,149,114,199,300,149,,,,
2024-08-14 03:44,4.3 км,"ул. Самолетная, 6","ул. Куйбышева, 84 корпус 2",95,95,114,199,300,95,,scattered clouds,8.77C,100%
2024-08-14 03:55,2.3 км,"ул. Восстания, 17","ул. Ползунова, 17",95,95,114,199,300,95,,scattered clouds,8.77C,100%
2024-08-14 04:06,1.6 км,"ул. Печерская, 3","ул. Мамина-Сибиряка, 57а",167,167,114,199,300,167,,scattered clouds,8.77C,100%
2024-08-14 04:17,9.6 км,"ул. Техническая, 45","ул. Хрустальная, 37",95,95,114,199,300,95,,few clouds,8.77C,100%
2024-08-14 04:28,6.6 км,"ул. Первомайская, 101в","ул. Шефская, 87 корпус 1",95,95,204,199,300,95,,few clouds,8.77C,100%
2024-08-14 04:39,15.4 км,"ул. Рябинина, 25","пр-кт Космонавтов, 91",113,113,151,199,300,113,,light rain,8.77C,100%
2024-08-14 04:51,7.4 км,"ул. Библиотечная, 29а","пр-кт Орджоникидзе, 11",149,149,114,199,300,149,,,,
2024-08-14 05:04,7.0 км,"ул. Куйбышева, 8","ул. Патриотов, 6 корпус 1",95,95,114,199,300,95,,light rain,8.7C,100%
2024-08-14 05:15,4.7 км,"ул. Первомайская, 99","ул. Хохрякова, 100",203,203,177,199,300,203,,,,
2024-08-14 05:28,12.7 км,"пр-кт Космонавтов, 101","ул. Степана Разина, 75",312,312,141,199,300,312,,mist,9.77C,100%
2024-08-14 05:39,6.8 км,"ул. Профсоюзная, 61","ул. 8 Марта, 185 корпус 2",95,95,114,199,300,95,,light intensity shower rain,9.77C,100%
2024-08-14 05:50,12.8 км,"ул. Латвийская, 16","Трамвайный пер., 2/2",95,95,114,199,300,95,,light intensity shower rain,9.77C,100%
2024-08-14 06:02,7.8 км,"ул. Расточная, 33","ул. Менделеева, 18",149,149,167,199,300,149,,light intensity shower rain,9.77C,100%
2024-08-14 06:13,3.9 км,"ул. Учителей, 26","ул. Сони Морозовой, 175",159,159,125,199,300,159,,,,
2024-08-14 06:24,3.4 км,"ул. Волгоградская, 88","ул. Горького, 51",149,149,125,199,300,149,,,,
2024-08-14 06:37,10.9 км,"ул. Соболева, 21 корпус 5","пр-кт Космонавтов, 48",221,221,282,199,300,221,,light intensity shower rain,9.77C,100%
2024-08-14 06:48,14.6 км,"ул. Санаторная, 11","ул. Билимбаевская, 43",141,141,114,199,300,141,,light intensity shower rain,9.77C,100%
2024-08-14 06:59,9.2 км,"ул. Уральская, 56а","ул. Современников, 19",105,105,114,199,300,105,,,,
2024-08-14 07:10,5.4 км,"ул. Союзная, 6","ул. Мира, 12а",185,185,114,199,300,185,,,,
2024-08-14 07:23,9.9 км,"Волчанский пер., 8","пр-кт Космонавтов, 26а",131,131,114,199,300,131,,light intensity shower rain,10.77C,100%
2024-08-14 07:34,7.0 км,"ш. Елизаветинское, 22","ул. Куйбышева, 175",141,141,125,199,300,141,,light intensity shower rain,10.77C,100%
2024-08-14 07:46,10.5 км,"ул. Пионеров, 9 корпус 1","ул. Чкалова, 256",185,185,114,199,300,185,,light intensity shower rain,10.77C,100%
2024-08-14 07:57,20.9 км,"ул. Бахчиванджи, 15","пр-кт Седова, 26",95,95,114,199,300,95,,light intensity shower rain,10.77C,100%
2024-08-14 08:08,3.7 км,"ул. Испанских Рабочих, 45","ул. 8 Марта, 61",95,95,114,199,300,95,,light intensity shower rain,10.77C,100%
2024-08-14 08:19,9.9 км,"ул. Восточная, 86","ул. Черняховского, 43",113,113,114,199,300,113,,,,
2024-08-14 08:32,9.4 км,"ул. Санаторная, 15а","ул. Гагарина, 7",257,257,317,199,338,257,,light intensity shower rain,11.77C,100%
2024-08-14 08:43,9.8 км,"ул. Чапаева, 80 корпус 1","ул. Уральских рабочих, 21",213,213,230,199,300,213,,,,
2024-08-14 08:57,1.2 км,"ул. Блюхера, 97","ул. Кулибина, 3",131,131,204,199,300,131,,light intensity shower rain,12.77C,100%
2024-08-14 09:08,3.0 км,"ул. Софьи Перовской, 108","пр-кт Космонавтов, 9а",105,105,114,199,300,105,,light intensity shower rain,12.77C,100%
2024-08-14 09:19,5.6 км,"ул. Новгородцевой, 17б","Широкий пер., 1а",185,185,114,199,300,185,,,,
2024-08-14 09:30,2.0 км,"ул. Фролова, 19 корпус 1","ул. Черепанова, 12",249,249,151,199,300,249,,light rain,12.77C,100%
2024-08-14 09:41,7.0 км,"ул. Рощинская, 29","ул. Куйбышева, 21",356,356,238,575,338,356,,,,
2024-08-14 09:52,4.0 км,"ул. Луначарского, 55","ул. Посадская, 73",95,95,114,199,300,95,,light rain,12.77C,100%
2024-08-14 10:03,1.9 км,"ул. Красноармейская, 74","ул. Малышева, 111-б",95,95,114,199,300,95,,,,
2024-08-14 10:14,11.7 км,"ул. Стачек, 5","Выходной пер., 5 корпус 6",185,185,212,199,300,185,,,,
2024-08-14 10:26,10.6 км,"ул. Студенческая, 2","ул. Аптекарская, 48",149,149,167,199,300,149,,light rain,13.77C,100%
2024-08-14 10:37,4.7 км,"пр-кт Ленина, 52 корпус 4а","ул. Ясная, 34 корпус 2",95,95,114,199,300,95,,,,
2024-08-14 10:50,13.2 км,"ул. Селькоровская, 16","ул. Техническая, 79",123,123,125,199,300,123,,light rain,13.77C,100%
2024-08-14 11:01,7.7 км,"ул. Санаторная, 11","ул. Варшавская, 2б",105,105,141,199,300,105,,light rain,13.77C,100%
2024-08-14 11:12,4.4 км,"Сиреневый б-р, 17","ул. Чайковского, 16",113,113,114,199,300,113,,light intensity shower rain,13.77C,100%
2024-08-14 11:23,17.2 км,"ул. Бородина, 24","ул. 40-летия Октября, 47",105,105,114,199,300,105,,light intensity shower rain,13.77C,100%
2024-08-14 11:35,6.7 км,"ул. Академика Парина, 45","ул. Фрунзе, 78",167,167,264,199,338,167,,,,
2024-08-14 11:46,16.4 км,"ул. Народного фронта, 68","ул. Эскадронная, 5А",185,185,193,199,300,185,,,,
2024-08-14 11:57,9.8 км,"ул. Дарвина, 15","ул. Завокзальная, 2",141,141,125,199,300,141,,,,
2024-08-14 12:08,1.6 км,"ул. Бабушкина, 29","ул. Шефская, 89 корпус 3",141,141,141,199,300,141,,,,
2024-08-14 12:21,6.5 км,"ул. Отдыха, 32","ул. Кировградская, 7",131,131,114,199,300,131,,,,
2024-08-14 12:35,734.3 м,"ул. Уральская, 25","ул. 3-й Пятилетки, 30",123,123,141,199,300,123,,scattered clouds,15.77C,88%
2024-08-14 12:46,7.5 км,"ул. Малогородская, 8","ул. Очеретина, 5",177,177,238,199,300,177,,,,
2024-08-14 12:57,490.1 м,"ул. Куйбышева, 98","ул. Народной воли, 74 корпус 2",185,185,177,199,300,185,,light rain,15.77C,82%
2024-08-14 13:08,9.3 км,"ул. Бисертская, 139","ул. Луначарского, 133",141,141,114,199,300,141,,thunderstorm,16.77C,82%
2024-08-14 13:19,6.8 км,"ул. Машинистов, 2","ул. Хуторская, 6",105,105,114,199,300,105,,,,
2024-08-14 13:30,1.7 км,"ул. Токарей, 46","ул. Гурзуфская, 15а",149,149,141,199,300,149,,light rain,17.77C,77%
2024-08-14 13:42,12.5 км,"ул. Уткинская, 29","Сибирский тракт 9 км., 107",141,141,167,199,300,141,,thunderstorm,17.77C,77%
2024-08-14 13:53,9.1 км,"ул. Олега Кошевого, 19","ул. Бебеля, 112",123,123,141,199,300,123,,,,
2024-08-14 14:06,13.5 км,"Замятина пер., 22","ул. Звездная, 4",149,149,151,199,300,149,,thunderstorm,16.77C,88%
2024-08-14 14:17,2.5 км,"ул. Хмелева, 4","ул. Народного фронта, 83",177,177,114,199,300,177,,,,
2024-08-14 14:31,10.1 км,"Тугулымский пер., 29","ул. Пальмиро Тольятти, 3",177,177,141,199,300,177,,,,
2024-08-14 14:44,2.1 км,"ул. Малышева, 118","ул. Первомайская, 99б",113,113,114,199,300,113,,light rain,16.77C,82%
2024-08-14 14:55,6.5 км,"ул. Хмелева, 18","ул. Викулова, 32а",185,185,114,199,300,185,,,,
2024-08-14 15:08,14.7 км,"ул. Мостовая, 55","ул. Уральских рабочих, 14",95,95,114,199,300,95,,,,
2024-08-14 15:22,6.2 км,"ул. Родонитовая, 24","ул. Начдива Васильева, 34",105,105,114,199,300,105,,light intensity shower rain,15.77C,82%
2024-08-14 15:33,8.3 км,"ул. Белореченская, 9/3","ул. Техническая, 156",141,141,114,199,300,141,,,,
2024-08-14 15:46,8.5 км,"ул. Большакова, 9","Медицинский пер., 3",131,131,114,199,300,131,,,,
2024-08-14 16:00,9.1 км,"ул. Машинная, 38","ул. Большой Конный п-ов, 12",105,105,114,199,300,105,,light intensity shower rain,14.77C,88%
2024-08-14 16:11,16.1 км,"ул. Агрономическая, 74","ул. Народного фронта, 64",105,105,114,199,300,105,,light intensity shower rain,14.77C,88%
2024-08-14 16:22,9.9 км,"ул. Артинская, 31","ул. Современников, 6",95,95,114,199,300,95,,,,
2024-08-14 16:33,9.1 км,"ул. Санаторная, 3","ул. 40-летия Комсомола, 2д",131,131,114,199,300,131,,,,
2024-08-14 16:46,3.9 км,"ул. Куйбышева, 115","ул. Академика Шварца, 20 корпус 2",149,149,114,199,300,149,,light rain,15.76C,82%
2024-08-14 16:57,6.1 км,"пр-кт Ленина, 62 корпус 3","ул. 22 Партсъезда, 4",257,257,177,199,300,257,,,,
2024-08-14 17:08,10.1 км,"ул. Панельная, 9А","ул. Новаторов, 17",231,231,301,347,338,231,,light rain,15.77C,82%
2024-08-14 17:19,9.3 км,"ул. Звездная, 7","ул. Гражданской войны, 1",141,141,114,199,300,141,,light intensity shower rain,13.77C,94%
2024-08-14 17:31,7.6 км,"пр-кт Космонавтов, 68","ул. Студенческая, 82",95,95,193,199,300,95,,light intensity shower rain,13.77C,94%
2024-08-14 17:42,5.9 км,"ул. Братская, 10","Сибирский тракт, 29а",105,105,141,199,300,105,,light intensity shower rain,13.77C,94%
2024-08-14 17:53,8.0 км,"ул. Панельная, 15","Замятина пер., 22",113,113,125,199,300,113,,light rain,15.77C,82%
2024-08-14 18:04,8.9 км,"ул. Мичурина, 206","ул. Индустрии, 58",113,113,125,199,300,113,,,,
2024-08-14 18:15,20.8 км,"ул. Калинина, 79","ул. Испытателей, 16",141,141,193,199,300,141,,,,
2024-08-14 18:27,9.5 км,"Зерновой пер., 4","ул. Луначарского, 38",131,131,125,199,300,131,,,,
2024-08-14 18:38,8.1 км,"ул. Мичурина, 54","ул. Ферганская, 18",131,131,125,199,300,131,,light rain,15.77C,88%
2024-08-14 18:49,9.3 км,"ул. Корепина, 40","ул. Малый Конный п-ов, 1",177,177,204,199,300,177,,,,
2024-08-14 19:00,10.2 км,"ул. Белореченская, 18а","ул. Коммунистическая, 123",141,141,114,199,300,141,,,,
2024-08-14 19:11,309.4 м,"ул. Стачек, 5","ул. Старых Большевиков, 11",149,149,114,199,300,149,,,,
2024-08-14 19:25,17.3 км,"ул. Черняховского, 45","пр-кт Орджоникидзе, 17",105,105,151,199,300,105,,light rain,15.77C,88%
2024-08-14 19:36,6.3 км,"ул. Бисертская, 131а","ул. Щорса, 64",131,131,114,199,300,131,,,,
2024-08-14 19:47,10.6 км,"ул. Белореченская, 17 корпус 6","Замятина пер., 45а",105,105,141,199,300,105,,scattered clouds,14.77C,94%
2024-08-14 19:58,6.5 км,"Волчанский пер., 3","ул. Мичурина, 54",105,105,114,199,300,105,,scattered clouds,14.77C,94%
2024-08-14 20:10,518.2 м,"ул. Гагарина, 67","ул. Мира, 41",131,131,141,199,300,131,,,,
2024-08-14 20:23,12.1 км,"ул. Вишневая, 28","ул. Дошкольная, 5",141,141,114,199,300,141,,,,
2024-08-14 20:34,7.4 км,"ул. Просторная, 146","ул. Свердлова, 62",95,95,114,199,300,95,,scattered clouds,14.77C,94%
2024-08-14 20:45,1.1 км,"ул. Луначарского, 50","ул. Смазчиков, 6",167,167,114,199,300,167,,,,
2024-08-14 20:59,12.2 км,"ул. Патриса Лумумбы, 27б","ул. Машиностроителей, 55",131,131,114,199,300,131,,scattered clouds,14.77C,94%
2024-08-14 21:10,10.6 км,"ул. Ляпустина, 10а","ул. Водонасосная, 16",105,105,114,199,300,105,,scattered clouds,14.77C,94%
2024-08-14 21:21,12.2 км,"пр-кт Орджоникидзе, 3","ул. Братская, 5",105,105,114,199,300,105,,scattered clouds,14.77C,94%
2024-08-14 21:33,1.3 км,"ул. Лагерная, 14 корпус 2","Выходной пер., 5 корпус 8",141,141,114,199,300,141,,scattered clouds,13.77C,94%
2024-08-14 21:44,2.3 км,"ул. Бакинских комиссаров, 169а","ул. Ломоносова, 9",95,95,114,199,300,95,,,,
2024-08-14 21:57,8.7 км,"ул. Степана Разина, 56","ул. Корепина, 46",177,177,151,199,300,177,,,,
2024-08-14 22:09,4.7 км,"ул. Раевского, 8","ул. Кобозева, 118",177,177,125,199,300,177,,scattered clouds,12.77C,100%
2024-08-14 22:20,6.9 км,"ул. Щербакова, 141","ул. Начдива Онуфриева, 50",195,195,204,199,300,195,,,,
2024-08-14 22:33,3.1 км,"ул. Готвальда, 6 корпус 2","ул. Куйбышева, 8",177,177,114,199,300,177,,,,
2024-08-14 22:45,2.9 км,"Гаринский пер., 3","ул. Луначарского, 181",203,203,114,199,300,203,,scattered clouds,12.77C,100%
2024-08-14 22:56,11.8 км,"ул. Краснолесья, 123","ул. Стахановская, 8",95,95,114,199,300,95,,scattered clouds,11.77C,100%
2024-08-14 23:07,4.4 км,"ул. Союзная, 2","ул. Папанина, 18А",292,292,167,199,414,292,,scattered clouds,11.77C,100%
2024-08-14 23:19,9.1 км,"ул. Фурманова, 59","ул. Грибоедова, 4",221,221,114,199,300,221,,,,
2024-08-14 23:30,14.6 км,"ул. Ляпустина, 15","ул. Бакинских комиссаров, 21",105,105,125,199,300,105,,scattered clouds,11.77C,100%
2024-08-14 23:41,8.5 км,"ул. Санаторная, 16","ул. Первомайская, 63",95,95,114,199,300,95,,,,
2024-08-14 23:52,11.0 км,"ул. Московская, 28","ул. Самаркандская, 35",177,177,114,199,300,177,,,,
2024-08-15 00:06,6.0 км,"ул. Сулимова, 3/2","ул. Московская, 80а",159,159,114,199,300,159,,,,
2024-08-15 00:17,7.3 км,"ул. Лучистая, 4","Трактористов пер., 19",95,95,114,199,300,95,,scattered clouds,12.77C,100%
2024-08-15 00:29,595.9 м,"ул. Красноуральская, 21 корпус 2","ул. Заводская, 47 корпус 3",203,203,114,199,300,203,,scattered clouds,12.77C,100%
2024-08-15 00:40,9.5 км,"ул. Восточная, 27","ул. Инженерная, 12",159,159,114,199,300,159,,scattered clouds,12.77C,100%
2024-08-15 00:51,7.0 км,"ул. Чайковского, 80","ул. Бисертская, 4б",95,95,114,199,300,95,,,,
2024-08-15 01:03,7.3 км,"ул. Академика Бардина, 44","ул. Железнодорожников, 4",123,123,114,199,300,123,,,,
2024-08-15 01:14,7.9 км,"ул. Комсомольская, 76","ул. 40-летия Октября, 15",149,149,114,199,300,149,,scattered clouds,12.77C,100%
2024-08-15 01:25,2.2 км,"Саперов пер., 5","ул. Шаумяна, 86 корпус 2",149,149,114,199,300,149,,,,
2024-08-15 01:39,19.1 км,"ул. Шефская, 28а","ул. Бахчиванджи, 1а",167,167,125,199,300,167,,,,
2024-08-15 01:50,8.8 км,"ул. Хрустальная, 41","ул. Культуры, 13",113,113,256,199,300,113,,,,
2024-08-15 02:03,3.3 км,"ул. Малышева, 24","ул. Ереванская, 4А",392,392,114,199,300,392,,,,
2024-08-15 02:15,4.8 км,"ул. Бебеля, 119","ул. Шевченко, 8",95,95,177,199,300,95,,scattered clouds,12.77C,100%
2024-08-15 02:26,6.0 км,"ул. Бисертская, 4в","ул. Профсоюзная, 81",95,95,141,199,300,95,,scattered clouds,12.77C,100%
2024-08-15 02:37,15.7 км,"ул. Очеретина, 4","ул. Латвийская, 18",95,95,114,199,300,95,,,,
2024-08-15 02:49,9.0 км,"ул. Энергостроителей, 8А","ул. Селькоровская, 10а",131,131,141,199,300,131,,,,
2024-08-15 03:00,11.5 км,"ул. Краснофлотцев, 9","Каслинский пер., 14",105,105,204,199,300,105,,,,
2024-08-15 03:11,2.7 км,"ул. Красных борцов, 1","ул. Бакинских комиссаров, 118",95,95,114,199,300,95,,,,
2024-08-15 03:25,10.2 км,"пр-кт Академика Сахарова, 95","ул. Куйбышева, 181",95,95,177,199,300,95,,,,
2024-08-15 03:36,12.5 км,"Короткий пер., 16а","Черниговский пер., 10",123,123,114,199,300,123,,broken clouds,12.76C,100%
2024-08-15 03:47,7.9 км,"ул. Краснофлотцев, 37","ул. Татищева, 56",95,95,114,199,300,95,,broken clouds,12.77C,100%
2024-08-15 03:59,7.5 км,"ул. Ангарская, 26","ул. Антона Валека, 19",95,95,114,199,300,95,,broken clouds,12.77C,100%
2024-08-15 04:28,8.0 км,"ул. Белореченская, 17 корпус 3","ул. Якутская, 10",113,113,167,199,300,113,,,,
2024-08-15 04:39,14.4 км,"ул. Краснолесья, 121","Замятина пер., 39",185,185,125,199,300,185,,broken clouds,12.77C,100%
2024-08-15 04:49,16.3 км,"ул. Славянская, 35а","Дружбы пер., 6",95,95,141,199,300,95,,,,
2024-08-15 05:02,3.9 км,"ул. Готвальда, 3","ул. Уральская, 52 корпус 3",257,257,238,199,300,257,,few clouds,12.7C,100%
2024-08-15 05:13,887.5 м,"ул. Малышева, 15","ул. Чернышевского, 9",105,105,114,199,300,105,,few clouds,12.77C,100%
2024-08-15 05:24,4.8 км,"ул. Щорса, 128","ул. Шевченко, 19",141,141,114,199,300,141,,broken clouds,12.77C,100%
2024-08-15 05:35,2.3 км,"ул. Куйбышева, 48 корпус В","ул. Циолковского, 74",105,105,114,199,300,105,,,,
2024-08-15 05:45,3.8 км,"ул. Старых Большевиков, 32","ул. Чекистов, 1а",95,95,141,199,300,95,,,,
2024-08-15 05:58,5.5 км,"ул. Некрасова, 12","ул. Победы, 70",95,95,114,199,300,95,,broken clouds,12.77C,100%
2024-08-15 06:09,8.1 км,"ул. Колхозников, 50","ул. Павла Шаманова, 52",95,95,141,199,300,95,,broken clouds,12.77C,100%
2024-08-15 06:20,12.2 км,"ул. Бородина, 11а","ул. Токарей, 50 корпус 2",95,95,114,199,300,95,,,,
2024-08-15 06:31,11.5 км,"ул. Серафимы Дерябиной, 27","ул. Самаркандская, 41",384,384,114,199,300,384,,broken clouds,12.77C,100%
2024-08-15 06:41,14.2 км,"ул. Ботаническая, 26","ул. Авиаторов, 7",312,312,212,199,300,312,,,,
2024-08-15 06:54,7.0 км,"ул. Кировградская, 73а","ул. Мичурина, 21",131,131,114,199,300,131,,,,
2024-08-15 07:07,12.4 км,"ул. Баумана, 4б","ул. Михеева М.Н., 2",185,185,167,199,300,185,,,,
2024-08-15 07:20,10.3 км,"Волчанский пер., 6","ул. Викулова, 41",113,113,193,199,300,113,,,,
2024-08-15 07:33,5.0 км,"ул. Чекистов, 12","ул. Калинина, 56",330,330,125,199,300,330,,,,
2024-08-15 07:44,16.1 км,"ул. Самаркандская, 33","Замятина пер., 42",167,167,114,199,300,167,,,,
2024-08-15 07:55,14.7 км,"ул. Сахалинская, 7","ул. Авиаторов, 12",203,203,114,199,300,203,,scattered clouds,13.77C,82%
2024-08-15 08:05,6.9 км,"ул. Одинарка, 2е","ул. Молодежи, 80",131,131,114,199,300,131,,scattered clouds,13.77C,82%
2024-08-15 08:16,10.8 км,"ул. Мира, 44а","ул. Чемпионов, 3",105,105,114,199,300,105,,,,
2024-08-15 08:29,6.2 км,"ул. Академика Шварца, 20 корпус 1","ул. Викулова, 57",167,167,193,199,300,167,,scattered clouds,14.77C,77%
2024-08-15 08:40,14.7 км,"ул. Войкова, 70","ул. Патриса Лумумбы, 14",231,231,177,283,300,231,,scattered clouds,14.77C,77%
2024-08-15 08:51,5.0 км,"ул. Учителей, 16г","ул. Избирателей, 67а",221,221,290,247,300,221,,scattered clouds,14.77C,82%
2024-08-15 09:01,1.1 км,"ул. Белореченская, 34 корпус 1","ул. Волгоградская, 226",167,167,114,199,300,167,,scattered clouds,14.77C,82%
2024-08-15 09:12,6.1 км,"ул. Братьев Быковых, 7","ул. Начдива Онуфриева, 24 корпус 1",95,95,114,199,300,95,,,,
2024-08-15 09:23,3.6 км,"пр-кт Космонавтов, 46а","ул. Ереванская, 4",195,195,256,199,300,195,,scattered clouds,14.77C,82%
2024-08-15 09:34,4.4 км,"ул. Мичурина, 23а","ул. Фрунзе, 91",123,123,114,199,300,123,,,,
2024-08-15 09:47,14.6 км,"ул. Мартовская, 1","ул. Машиностроителей, 6",292,292,177,199,300,292,,scattered clouds,14.77C,77%
2024-08-15 09:57,3.8 км,"ул. Машиностроителей, 12","ул. Опалихинская, 20а",123,123,114,199,300,123,,,,
2024-08-15 10:08,8.2 км,"ул. Студенческая, 78","ул. Мурзинская, 30",95,95,114,199,300,95,,scattered clouds,14.77C,77%
2024-08-15 10:19,7.3 км,"ул. Бажова, 185","мкр. Светлый, 3",95,95,125,199,300,95,,scattered clouds,14.77C,72%
2024-08-15 10:30,7.6 км,"Автогенный пер., 10","ул. Амундсена, 66",149,149,193,199,300,149,,,,
2024-08-15 10:43,10.4 км,"ул. Посадская, 28 корпус 4","ул. Народного фронта, 70",123,123,256,199,300,123,,scattered clouds,15.77C,67%
2024-08-15 10:53,10.7 км,"ул. Амбулаторная, 10","ул. Фурманова, 55а",392,392,230,199,300,392,,,,
2024-08-15 11:04,2.0 км,"пр-кт Космонавтов, 101","ул. Коммунистическая, 20",113,113,114,199,300,113,,scattered clouds,15.77C,67%
2024-08-15 11:15,2.0 км,"ул. Хомякова, 5","ул. Стрелочников, 22",95,95,114,199,300,95,,,,
2024-08-15 11:26,6.7 км,"ул. Сыромолотова, 18","Короткий пер., 6",141,141,114,199,300,141,,broken clouds,16.8C,67%
2024-08-15 11:37,7.7 км,"ул. 8 Марта, 80","ул. Ватутина, 1",105,105,114,199,300,105,,,,
2024-08-15 11:49,7.8 км,"ул. Шефская, 14","ул. Билимбаевская, 31 корпус 2",149,149,282,199,300,149,,,,
2024-08-15 12:00,5.8 км,"ул. Начдива Васильева, 10","ул. Советская, 13 корпус 3",113,113,114,199,300,113,,,,
2024-08-15 12:13,4.2 км,"ул. Челюскинцев, 25","ул. Вишневая, 34",159,159,114,199,300,159,,,,
2024-08-15 12:24,10.2 км,"ул. Молотобойцев, 13","ул. Студенческая, 54",167,167,212,199,300,167,,broken clouds,15.77C,72%
2024-08-15 12:35,4.1 км,"ул. Авиационная, 65 корпус 3","ул. Рощинская, 46/2",105,105,151,199,300,105,,broken clouds,15.77C,72%
2024-08-15 12:45,2.3 км,"пр-кт Седова, 25","ул. Ереванская, 65",203,203,167,199,300,203,,broken clouds,15.77C,72%
2024-08-15 12:56,9.9 км,"ул. Советская, 20","ул. Латвийская, 56/3",113,113,151,199,300,113,,,,
2024-08-15 13:09,11.8 км,"ул. Бахчиванджи, 13","ул. Самолетная, 43",95,95,114,199,300,95,,broken clouds,17.77C,63%
2024-08-15 13:20,11.9 км,"ул. 8 Марта, 4","ул. Косарева, 11",167,167,114,199,300,167,,,,
2024-08-15 13:31,5.2 км,"ул. Челюскинцев, 27","ул. Белинского, 152 корпус 1",105,105,177,199,300,105,,,,
2024-08-15 13:42,3.4 км,"Выездной пер., 4","пр-кт Седова, 37",159,159,114,199,300,159,,,,
2024-08-15 13:54,6.9 км,"ул. 8 Марта, 185 корпус 4","ул. 40-летия Комсомола, 5",95,95,125,199,300,95,,scattered clouds,16.77C,67%
2024-08-15 14:05,1.2 км,"Теплоходный проезд, 11","ул. Донбасская, 39",113,113,114,199,300,113,,,,
2024-08-15 14:18,9.7 км,"ул. Машинная, 31д","ул. Лобкова, 10",113,113,114,199,300,113,,scattered clouds,16.77C,67%
2024-08-15 14:29,3.5 км,"ул. Сулимова, 28б","ул. Вали Котика, 13",195,195,167,199,300,195,,broken clouds,17.77C,63%
2024-08-15 14:40,3.5 км,"ул. Чердынская, 26","ул. Большакова, 95",177,177,151,199,300,177,,broken clouds,17.77C,63%
2024-08-15 14:51,4.2 км,"ул. Токарей, 48","ул. Бажова, 57",185,185,114,199,300,185,,scattered clouds,17.77C,68%
2024-08-15 15:01,5.1 км,"ул. 8 Марта, 127","ул. Мамина-Сибиряка, 2а",105,105,114,199,300,105,,scattered clouds,17.77C,68%
2024-08-15 15:12,2.0 км,"ул. Индустрии, 102","ул. Кировградская, 4",113,113,167,199,300,113,,scattered clouds,17.77C,68%
2024-08-15 15:23,6.4 км,"ул. Санаторная, 16а","ул. Декабристов, 7",113,113,151,199,300,113,,scattered clouds,18.77C,63%
2024-08-15 15:34,1.9 км,"ул. Советская, 40","пр-кт Ленина, 52 корпус 3а",249,249,141,199,300,249,,scattered clouds,18.77C,63%
2024-08-15 15:44,13.9 км,"ул. Донская, 41","ул. Павла Шаманова, 42",95,95,114,199,300,95,,scattered clouds,18.77C,63%
2024-08-15 15:55,7.0 км,"ул. Бажова, 89","ул. Коуровская, 14",105,105,141,199,300,105,,,,
2024-08-15 16:08,7.0 км,"ул. Сыромолотова, 28","ул. Электриков, 25",149,149,114,199,300,149,,,,
2024-08-15 16:19,2.7 км,"ул. Лобкова, 129","ул. Победы, 40 корпус 1",141,141,177,199,300,141,,scattered clouds,18.77C,59%
2024-08-15 16:30,5.4 км,"ул. Гагарина, 5","пр-кт Орджоникидзе, 10",131,131,167,199,300,131,,scattered clouds,18.77C,59%
2024-08-15 16:40,9.3 км,"ул. Авиационная, 65 корпус 1","ул. Сортировочная, 13",131,131,141,199,300,131,,scattered clouds,18.77C,59%
2024-08-15 16:51,7.9 км,"ул. Репина, 99","ул. Щербакова, 43",167,167,114,199,300,167,,,,
2024-08-15 17:04,15.4 км,"ш. Елизаветинское, 6","пр-кт Космонавтов, 80 корпус 5",149,149,125,199,300,149,,scattered clouds,18.77C,63%
2024-08-15 17:15,6.8 км,"ул. Владимира Высоцкого, 5а","ул. Лобкова, 129",195,195,114,199,300,195,,,,
2024-08-15 17:28,3.1 км,"ул. Звездная, 4","ул. Самолетная, 4",231,231,167,199,300,231,,,,
2024-08-15 17:39,8.1 км,"ул. Ильича, 42","ул. Белинского, 86",105,105,114,199,300,105,,,,
2024-08-15 17:52,20.3 км,"ул. Бахчиванджи, 3","ул. Ильича, 54",95,95,114,199,300,95,,,,
2024-08-15 18:05,16.5 км,"ул. Ломоносова, 21","ул. Латвийская, 26",312,312,212,199,300,312,,,,
2024-08-15 18:17,2.2 км,"ул. Московская, 76","ул. Заводская, 47 корпус 1",185,185,177,199,338,185,,,,
2024-08-15 18:30,8.2 км,"пр-кт Космонавтов, 62","ул. Крауля, 56",141,141,114,199,300,141,,scattered clouds,16.77C,77%
2024-08-15 18:41,3.9 км,"ул. Восточная, 23б","ул. Блюхера, 75 корпус 3",177,177,141,199,300,177,,,,
2024-08-15 18:52,14.2 км,"ул. Декабристов, 16/18Д","Горнистов проезд, 15",123,123,114,199,300,123,,scattered clouds,16.77C,72%
2024-08-15 19:03,4.8 км,"Медицинский пер., 7","ул. Кобозева, 118",123,123,114,199,300,123,,scattered clouds,16.77C,72%
2024-08-15 19:14,8.0 км,"ул. Пехотинцев, 11","ул. Белинского, 188а",105,105,114,199,300,105,,,,
2024-08-15 19:24,2.7 км,"ул. Белоярская, 16","Выходной пер., 5 корпус 12",95,95,114,199,300,95,,scattered clouds,15.77C,82%
2024-08-15 19:35,5.6 км,"ул. Михеева М.Н., 10","ул. Машинная, 58",95,95,114,199,300,95,,,,
2024-08-15 19:48,12.9 км,"ул. Современников, 19","ул. Красных борцов, 21",95,95,114,199,300,95,,scattered clouds,15.77C,82%
2024-08-15 19:59,5.1 км,"ул. Блюхера, 59","ул. Степана Разина, 41",105,105,114,199,300,105,,,,
2024-08-15 20:10,16.0 км,"ул. Культуры, 4","ул. Латвийская, 10",105,105,114,199,300,105,,scattered clouds,15.77C,82%
2024-08-15 20:20,11.8 км,"ул. Кунарская, 22","ул. Владимира Высоцкого, 18",131,131,114,199,300,131,,scattered clouds,15.77C,82%
2024-08-15 20:31,7.4 км,"ул. 22 Партсъезда, 16","ул. Куйбышева, 48 корпус 3",95,95,114,199,300,95,,,,
2024-08-15 20:42,,"ул. Победы, 43","ул. Бакинских комиссаров, 118",105,105,114,199,300,105,,,,
2024-08-15 20:53,8.9 км,"ул. Мичурина, 21","ул. Селькоровская, 10",195,195,204,199,300,195,,scattered clouds,13.77C,94%
2024-08-15 21:03,3.0 км,"ул. Академика Бардина, 36","ул. Чапаева, 23",123,123,151,199,300,123,,scattered clouds,13.77C,94%
2024-08-15 21:14,1.8 км,"ул. Стахановская, 10","ул. Старых Большевиков, 86",105,105,114,199,300,105,,scattered clouds,13.77C,94%
2024-08-15 21:25,2.1 км,"ул. Краснофлотцев, 67","ул. Электриков, 24",231,231,204,199,300,231,,,,
2024-08-15 21:36,5.0 км,"пр-кт Ленина, 81","ул. Шаумяна, 103 корпус 1",159,159,114,199,300,159,,,,
2024-08-15 21:47,16.9 км,"ст. Исток, 5","ул. Советская, 46",95,95,114,199,300,95,,,,
2024-08-15 21:57,7.0 км,"ул. Малышева, 160","ул. Академика Бардина, 46",105,105,114,199,300,105,,,,
2024-08-15 22:10,4.0 км,"ул. Металлургов, 22","ул. Московская, 192",410,410,114,199,300,410,,,,
2024-08-15 22:21,12.0 км,"Теплогорский пер., 12","ул. Родонитовая, 5",356,356,151,199,300,356,,clear sky,13.77C,94%
2024-08-15 22:32,5.5 км,"ул. Очеретина, 13","ул. 8 Марта, 122",105,105,114,199,300,105,,,,
2024-08-15 22:45,10.3 км,"ул. Чемпионов, 3","ул. Малышева, 104",95,95,114,199,300,95,,clear sky,12.77C,100%
2024-08-15 22:56,9.7 км,"Рабочей молодежи наб., 51","ул. Патриса Лумумбы, 89",231,231,141,199,300,231,,,,
2024-08-15 23:06,5.8 км,"ул. Чкалова, 248","ул. Куйбышева, 6",95,95,114,199,300,95,,,,
2024-08-15 23:19,18.9 км,"пр-кт Ленина, 64","ул. Алая, 1",195,195,125,199,300,195,,clear sky,12.77C,100%
2024-08-15 23:30,12.9 км,"ул. Бисертская, 6а","ул. Готвальда, 24/4",95,95,141,199,300,95,,clear sky,12.77C,100%
2024-08-15 23:41,1.5 км,"ул. Данилы Зверева, 7","ул. Комсомольская, 48",123,123,230,199,300,123,,,,
2024-08-15 23:54,13.7 км,"ул. 40-летия Октября, 26","ул. Академика Парина, 4",95,95,125,199,300,95,,clear sky,12.77C,100%
2024-08-16 00:05,4.3 км,"Медицинский пер., 9","ул. Кунарская, 36",95,95,114,199,300,95,,clear sky,12.77C,100%
2024-08-16 00:15,4.4 км,"ул. Баумана, 10","ул. Мира, 3ж",203,203,141,199,300,203,,,,
2024-08-16 00:28,2.3 км,"ул. Попова, 27","ул. Мамина-Сибиряка, 130",221,221,114,199,300,221,,,,
2024-08-16 00:41,7.8 км,"Сергея Есенина б-р, 7","ул. Альпинистов, 24а",113,113,125,199,300,113,,,,
2024-08-16 00:52,7.0 км,"ул. Саввы Белых, 16","ул. Инженерная, 32",113,113,114,199,300,113,,,,
2024-08-16 01:03,2.9 км,"ул. Хохрякова, 35","ул. Восточная, 184",167,167,125,199,300,167,,clear sky,11.77C,100%
2024-08-16 01:14,14.9 км,"ул. Новая, 5","ул. Ползунова, 26",95,95,114,199,300,95,,clear sky,10.77C,100%
2024-08-16 01:24,11.5 км,"ул. Краснофлотцев, 30","ул. Мраморская, 34 корпус 2",131,131,114,199,300,131,,clear sky,10.77C,100%
2024-08-16 01:35,16.7 км,"ул. Чердынская, 14","ул. Победы, 11",105,105,114,199,300,105,,,,
2024-08-16 01:46,9.0 км,"ул. Кузнечная, 82","ул. Павла Шаманова, 34",95,95,114,199,300,95,,,,
2024-08-16 01:59,8.8 км,"ул. Декабристов, 51","ул. Бисертская, 23",213,213,114,199,300,213,,,,
2024-08-16 02:10,5.1 км,"ул. Красных борцов, 15","ул. Опалихинская, 16",95,95,193,199,300,95,,,,
2024-08-16 02:21,3.2 км,"ул. Донская, 31","ул. Вилонова, 7а",95,95,114,199,300,95,,clear sky,10.77C,100%
2024-08-16 02:31,7.4 км,"ул. 40-летия Комсомола, 2е","ул. Чкалова, 5",95,95,114,199,300,95,,,,
2024-08-16 02:44,12.5 км,"Суворовский пер., 20","ул. Кварцевая, 14",274,274,343,199,300,274,,,,
2024-08-16 02:57,4.1 км,"ул. Серафимы Дерябиной, 15 корпус 2","ул. Куйбышева, 109",149,149,114,199,300,149,,clear sky,9.77C,100%
2024-08-16 03:08,5.7 км,"ул. Кировградская, 68","ул. Уральская, 66 корпус 1",95,95,114,199,300,95,,clear sky,9.77C,100%
2024-08-16 03:19,5.3 км,"ул. Ленинградская, 40а","ул. Шевченко, 11",113,113,114,199,300,113,,,,
2024-08-16 03:32,4.5 км,"ул. Латышская, 91","ул. Сурикова, 50",95,95,114,199,300,95,,clear sky,10.77C,100%
2024-08-16 03:43,5.9 км,"ул. 8 Марта, 128","ул. Павла Шаманова, 8",159,159,114,199,300,159,,clear sky,10.77C,100%
2024-08-16 03:53,9.7 км,"ул. Агрономическая, 34","ул. Железнодорожников, 4",95,95,141,199,300,95,,clear sky,9.77C,100%
2024-08-16 04:04,5.4 км,"ул. Пехотинцев, 12","ул. Ухтомская, 12",167,167,114,199,300,167,,clear sky,9.77C,100%
2024-08-16 04:15,2.4 км,"ул. Посадская, 73","Гаринский пер., 16",239,239,151,199,300,239,,,,
2024-08-16 04:26,8.5 км,"ул. Раевского, 6","ул. Ухтомская, 24",95,95,238,199,300,95,,,,
2024-08-16 04:39,6.9 км,"ул. Гурзуфская, 19","ул. 40-летия Комсомола, 22",366,366,125,199,300,366,,,,
2024-08-16 04:52,6.3 км,"ул. Викулова, 63 корпус 1","Сибирский тракт 9 км., 107",95,95,114,199,300,95,,clear sky,9.77C,100%
2024-08-16 05:02,15.1 км,"ул. Летчиков, 3а","ул. Инженерная, 7",149,149,141,199,300,149,,,,
2024-08-16 05:13,8.4 км,"ул. Сахалинская, 1","ул. Техническая, 55",105,105,114,199,300,105,,clear sky,9.77C,100%
2024-08-16 05:24,4.5 км,"Сибирский тракт, 2","ул. Ключевская, 12",105,105,141,199,300,105,,few clouds,8.77C,100%
2024-08-16 05:35,10.7 км,"ул. Комвузовская, 21Ж","ул. Латышская, 91",95,95,114,199,300,95,,few clouds,8.77C,100%
2024-08-16 05:46,5.0 км,"ул. Энтузиастов, 35","ул. Советская, 10",131,131,114,199,300,131,,few clouds,8.77C,100%
2024-08-16 05:56,3.6 км,"ул. Мичурина, 98","ул. Машинная, 42 корпус 2",95,95,114,199,300,95,,scattered clouds,9.77C,100%
2024-08-16 06:07,14.6 км,"ул. Павла Шаманова, 21","ул. Таганская, 53",203,203,114,199,300,203,,,,
2024-08-16 06:20,5.9 км,"ул. Бажова, 189","ул. Металлургов, 46а",141,141,151,199,300,141,,scattered clouds,9.77C,100%
2024-08-16 06:31,8.6 км,"ул. Чайковского, 86в","ул. Яскина, 8",195,195,151,199,300,195,,scattered clouds,9.77C,100%
2024-08-16 06:42,2.8 км,"ул. Амундсена, 57а","ул. Агрономическая, 20",221,221,114,199,300,221,,,,
2024-08-16 06:53,16.5 км,"ул. Шаумяна, 100","ул. Спутников, 16/2",213,213,114,199,300,213,,clear sky,9.77C,100%
2024-08-16 07:03,6.7 км,"ул. Ольховская, 27 корпус 2","ул. Лодыгина, 11",348,348,141,199,300,348,,clear sky,9.77C,100%
2024-08-16 07:14,1.7 км,"ул. Сакко и Ванцетти, 57а","ул. Красноармейская, 21а",95,95,125,199,300,95,,clear sky,10.77C,100%
2024-08-16 07:25,6.1 км,"ул. Бисертская, 16 корпус 4","ул. Юлиуса Фучика, 13",274,274,327,199,300,274,,,,
2024-08-16 07:36,7.5 км,"ул. Крауля, 61 корпус 2","ул. Ильича, Строение 26",366,366,125,199,300,366,,,,
2024-08-16 07:49,8.2 км,"Зерновой пер., 4","ул. Братская, 18",159,159,114,199,300,159,,clear sky,10.77C,100%
2024-08-16 07:59,5.0 км,"ул. Летчиков, 36","ул. Заводская, Сооружение 83а",113,113,114,199,300,113,,,,
2024-08-16 08:12,6.3 км,"ул. Токарей, 26","ул. 22 Партсъезда, 5",239,239,151,199,300,239,,,,
2024-08-16 08:23,16.0 км,"ул. Белоярская, 9","ул. Пехотинцев, 10",266,266,114,199,300,266,,few clouds,11.77C,100%
2024-08-16 08:34,2.7 км,"ул. Заводская, 45а","Рабочей молодежи наб., 49",445,445,193,219,376,445,,,,
2024-08-16 08:47,4.6 км,"ул. Культуры, 9","ул. Уральская, 63",249,249,204,199,300,249,,few clouds,11.77C,100%
2024-08-16 08:58,15.7 км,"ул. Ползунова, 1в","Мугайский пер., 27",131,131,256,199,300,131,,scattered clouds,12.77C,94%
2024-08-16 09:09,6.2 км,"ул. Блюхера, 16","ул. Белинского, 183",123,123,114,199,300,123,,,,
2024-08-16 09:19,14.1 км,"ул. Донская, 41","ул. Агрономическая, 40А",231,231,230,199,300,231,,scattered clouds,12.77C,94%
2024-08-16 09:30,3.1 км,"ул. Ереванская, 4А","ул. Электриков, 23",239,239,151,199,300,239,,scattered clouds,12.77C,94%
2024-08-16 09:41,3.7 км,"Рабочей молодежи наб., 47","ул. Надеждинская, 12",95,95,114,199,300,95,,scattered clouds,12.76C,94%
2024-08-16 09:52,7.1 км,"ул. Титова, 44","ул. Педагогическая, 2",159,159,212,199,338,159,,,,
2024-08-16 10:05,10.3 км,"ул. Бакинских комиссаров, 169в","ул. Восточная, 176",221,221,114,199,300,221,,,,
2024-08-16 10:16,5.3 км,"ул. Техническая, 80","ул. Викулова, 42",141,141,264,199,300,141,,,,
2024-08-16 10:26,11.9 км,"ул. Минометчиков, 36","ул. Агрономическая, 60",159,159,317,199,300,159,,,,
2024-08-16 10:37,2.1 км,"ул. Победы, 57","ул. Баумана, 4б",249,249,282,199,300,249,,broken clouds,13.77C,88%
2024-08-16 10:48,3.9 км,"ул. 8 Марта, 95","ул. Заводская, 19а корпус 4",105,105,114,199,300,105,,broken clouds,14.77C,82%
2024-08-16 10:59,4.8 км,"ул. Восточная, 16","ул. 40-летия Октября, 34",95,95,114,199,300,95,,broken clouds,14.77C,82%
2024-08-16 11:09,5.8 км,"ул. Сахалинская, 1","ул. Уральских рабочих, 52а",141,141,177,199,300,141,,broken clouds,14.77C,82%
2024-08-16 11:20,7.7 км,"Сибирский тракт, 15а","ул. Энтузиастов, 32б",131,131,125,199,300,131,,,,
2024-08-16 11:31,9.0 км,"ул. Белинского, 200а","ул. Надеждинская, 22-б",141,141,167,199,300,141,,broken clouds,14.77C,82%
2024-08-16 11:42,7.0 км,"ул. Тверитина, 40","ул. Очеретина, 14",113,113,151,199,300,113,,broken clouds,14.77C,82%
2024-08-16 11:53,8.5 км,"ул. Стачек, 7","ул. Сыромолотова, 26 корпус 3",149,149,380,199,300,149,,broken clouds,14.77C,82%
2024-08-16 12:03,4.9 км,"ул. 40-летия Комсомола, 14б","ул. Вилонова, 10",195,195,114,199,300,195,,,,
2024-08-16 12:14,3.8 км,"ул. Белинского, 220 корпус 7","ул. Ляпустина, 6",105,105,141,199,300,105,,,,
2024-08-16 12:25,2.8 км,"ул. Мичурина, 152","ул. Шейнкмана, 102",113,113,114,199,300,113,,,,
2024-08-16 12:38,5.0 км,"ул. Карла Маркса, 22","ул. Серафимы Дерябиной, 30",95,95,114,199,300,95,,light intensity shower rain,14.77C,82%
2024-08-16 12:49,2.6 км,"ул. Нагорная, 46 корпус А","ул. Софьи Перовской, 104",257,257,193,199,300,257,,,,
2024-08-16 13:02,7.4 км,"Теплогорский пер., 10","ул. Энгельса, 38",185,185,141,199,300,185,,,,
2024-08-16 13:15,3.5 км,"ул. Кишиневская, 54","Черниговский пер., 19",266,266,327,199,300,266,,broken clouds,15.77C,67%
2024-08-16 13:26,3.2 км,"ул. Луначарского, 189","ул. Печерская, 3",123,123,141,199,300,123,,,,
2024-08-16 13:36,2.1 км,"ул. Старых Большевиков, 50","ул. Электриков, 3",105,105,114,199,300,105,,light rain,15.77C,67%
2024-08-16 13:47,7.5 км,"ул. Вильгельма де Геннина, 31","ул. Карла Либкнехта, 16",203,203,167,311,300,203,,,,
2024-08-16 13:58,10.5 км,"ул. Краснолесья, 16 корпус 1","ул. Сыромолотова, 13а",167,167,212,247,300,167,,light rain,15.77C,67%
2024-08-16 14:09,3.8 км,"ул. Крауля, 168б","ул. Академика Бардина, 19",149,149,141,199,300,149,,,,
2024-08-16 14:22,12.2 км,"ул. Белинского, 175","ул. Парниковая, 1",195,195,167,199,300,195,,light rain,15.77C,67%
2024-08-16 14:33,12.3 км,"ул. Громова, 142","Замятина пер., 35",221,221,238,219,414,221,,light rain,15.77C,67%
2024-08-16 14:43,7.2 км,"ул. Сыромолотова, 7","ул. Кварцевая, 6",274,274,380,391,490,274,,light rain,15.77C,67%
2024-08-16 14:54,13.3 км,"ул. Краснолесья, 10/4","ул. Ильича, 42а",221,221,230,199,300,221,,,,
2024-08-16 15:07,6.2 км,"ул. Ботаническая, 26а","ул. Академика Шварца, 10 корпус 2",203,203,114,199,300,203,,,,
2024-08-16 15:18,17.7 км,"ул. Уральских рабочих, 50а","ул. Куйбышева, 78",141,141,125,199,300,141,,,,
2024-08-16 15:31,12.2 км,"ул. Бисертская, 16 корпус 2","ул. Советская, 20",221,221,114,199,300,221,,,,
2024-08-16 15:44,1.3 км,"ул. Заводская, 7","ул. Бебеля, 110",231,231,177,199,300,231,,scattered clouds,15.77C,77%
2024-08-16 15:55,8.7 км,"ул. Санаторная, 18","ул. Сыромолотова, 26 корпус 1",113,113,114,199,300,113,,light intensity shower rain,13.77C,88%
2024-08-16 16:06,7.9 км,"ул. Красных командиров, 11","ул. Московская, 42",195,195,193,199,300,195,,light intensity shower rain,13.77C,88%
2024-08-16 16:16,9.7 км,"ул. Ломоносова, 73","ул. Серафимы Дерябиной, 17",141,141,167,199,300,141,,,,
2024-08-16 16:29,6.6 км,"ул. Бородина, 4а","ул. Онежская, 6а",95,95,151,199,300,95,,scattered clouds,14.77C,82%
2024-08-16 16:40,4.4 км,"ул. Белинского, 8/10","ул. Сахалинская, 3",195,195,141,199,300,195,,,,
2024-08-16 16:51,3.7 км,"ул. Данилы Зверева, 16","ул. Старых Большевиков, 26",177,177,212,219,300,177,,scattered clouds,14.77C,77%
2024-08-16 17:02,11.3 км,"ул. Трактовая, 2","ул. Титова, 60",123,123,177,199,300,123,,,,
2024-08-16 17:15,4.3 км,"ул. Фролова, 3","ул. Соликамская, 7",302,302,114,199,300,302,,,,
2024-08-16 17:28,11.1 км,"ул. Сыромолотова, 15","ул. Краснолесья, 147",239,239,256,199,414,239,,scattered clouds,14.77C,77%
2024-08-16 17:38,4.3 км,"ул. Колмогорова, 73 корпус 3","ул. Большакова, 99",239,239,141,199,490,239,,scattered clouds,14.77C,77%
2024-08-16 17:49,10.2 км,"ул. Щорса, 92а корпус 7","ул. 40-летия Октября, 61",274,274,238,199,528,274,,scattered clouds,13.77C,88%
2024-08-16 18:00,7.3 км,"ул. Трактовая, 9","ул. Грибоедова, 1",131,131,125,199,300,131,,,,
2024-08-16 18:11,19.0 км,"ул. Бахчиванджи, 70","ул. Краснофлотцев, 9",131,131,141,199,300,131,,,,
2024-08-16 18:22,4.9 км,"ул. Кунарская, 20","ул. Кировградская, 29",177,177,282,219,300,177,,scattered clouds,14.77C,82%
2024-08-16 18:32,5.0 км,"ул. Юмашева, 12","ул. Софьи Ковалевской, Строение 8",167,167,125,199,490,167,,scattered clouds,14.77C,82%
2024-08-16 18:43,6.5 км,"ул. Куйбышева, 106","ул. Летчиков, 23а",249,249,151,199,376,249,,,,
2024-08-16 18:56,21.0 км,"ул. Новокольцовская, 14","ул. Фестивальная, 7",105,105,114,199,300,105,,,,
2024-08-16 19:07,13.2 км,"ул. Адмирала Ушакова, 22","ул. Малышева, 146",221,221,151,199,300,221,,scattered clouds,14.77C,82%
2024-08-16 19:18,23.3 км,"ул. Бахчиванджи, 23","ул. Расточная, 47",105,105,114,199,300,105,,scattered clouds,14.77C,82%
2024-08-16 19:29,12.8 км,"ул. Евгения Савкова, 33","ул. Социалистическая, 1",105,105,167,199,338,105,,scattered clouds,14.77C,82%
2024-08-16 19:39,1.5 км,"Сибирский тракт, 22","ул. Декабристов, 9",203,203,193,299,300,203,,scattered clouds,14.77C,82%
2024-08-16 19:50,1.0 км,"ул. Энтузиастов, 30а","Калиновский пер., 3",123,123,114,199,300,123,,scattered clouds,13.77C,88%
2024-08-16 20:01,12.4 км,"ул. Куйбышева, 112В","ул. Бахчиванджи, 1б",231,231,125,199,300,231,,,,
2024-08-16 20:12,5.2 км,"ул. Блюхера, 63а","ул. Стахановская, 29",149,149,114,199,300,149,,scattered clouds,13.77C,88%
2024-08-16 20:23,4.0 км,"пр-кт Космонавтов, 72","Полимерный пер., 11",213,213,114,199,300,213,,scattered clouds,13.77C,88%
2024-08-16 20:34,7.4 км,"ул. Академика Парина, 39","ул. Юлиуса Фучика, 9",105,105,114,199,338,105,,scattered clouds,13.77C,88%
2024-08-16 20:44,5.4 км,"ул. Сакко и Ванцетти, 105 корпус 1","ул. Автомагистральная, 25",203,203,114,199,300,203,,,,
2024-08-16 20:55,10.0 км,"Волчанский пер., 14","ул. Корепина, 30",113,113,151,199,300,113,,scattered clouds,12.77C,88%
2024-08-16 21:06,4.1 км,"ул. Панельная, 11А","ул. Данилы Зверева, 17а",177,177,114,199,300,177,,,,
2024-08-16 21:17,9.1 км,"ул. Краснолесья, 121","ул. Пехотинцев, 4 корпус 1",123,123,125,199,300,123,,scattered clouds,11.77C,100%
2024-08-16 21:28,967.4 м,"ул. Краснофлотцев, 9","пр-кт Космонавтов, 60",274,274,114,199,300,274,,,,
2024-08-16 21:38,3.4 км,"ул. 8 Марта, 55","ул. Заводская, 42",257,257,125,199,376,257,,scattered clouds,11.77C,100%
2024-08-16 21:49,4.7 км,"ул. 8 Марта, 18","ул. Бехтерева, 6",213,213,114,199,300,213,,,,
2024-08-16 22:00,2.9 км,"ул. Софьи Перовской, 104","ул. Соликамская, 3",105,105,125,199,300,105,,,,
2024-08-16 22:13,4.2 км,"ул. Белинского, 226 корпус 5","ул. Академика Бардина, 17",221,221,151,199,300,221,,scattered clouds,11.77C,100%
2024-08-16 22:24,8.6 км,"ул. Сыромолотова, 11а","ул. Фестивальная, 7",105,105,167,199,300,105,,,,
2024-08-16 22:37,6.9 км,"ул. Кировградская, 49а","пр-кт Ленина, 53",312,312,125,199,300,312,,,,
2024-08-16 22:48,10.0 км,"ул. Байкальская, 36","пр-кт Космонавтов, 71",149,149,114,199,300,149,,scattered clouds,11.77C,100%
2024-08-16 22:59,3.5 км,"ул. Карла Маркса, 40","Сиреневый б-р, 4 корпус 4",185,185,141,199,300,185,,scattered clouds,11.77C,100%
2024-08-16 23:09,10.3 км,"ул. Агриппины Полежаевой, 43а","ул. Селькоровская, 74",274,274,141,199,300,274,,,,
2024-08-16 23:22,7.5 км,"ул. Братская, 25","ул. Академика Губкина, 85",123,123,114,199,300,123,,,,
2024-08-16 23:33,8.8 км,"ул. Уральская, 68 корпус 2","ул. Агрономическая, 31Б",131,131,114,199,376,131,,scattered clouds,10.77C,100%
2024-08-16 23:44,10.6 км,"ул. Студенческая, 42а","Многостаночников пер., 15а",123,123,193,199,300,123,,scattered clouds,10.77C,100%
2024-08-16 23:55,6.0 км,"ул. Сурикова, 53","ул. 40-летия Комсомола, 22",177,177,114,199,300,177,,scattered clouds,10.77C,100%
2024-08-17 00:06,2.2 км,"Замятина пер., 29","пр-кт Космонавтов, 96",302,302,125,199,300,302,,scattered clouds,10.77C,100%
2024-08-17 00:17,7.6 км,"ул. Бебеля, 110","Сиреневый б-р, 10",292,292,114,199,338,292,,,,
2024-08-17 00:30,6.8 км,"ул. Рябинина, 25","ул. Титова, 52",113,113,114,199,300,113,,,,
2024-08-17 00:43,11.1 км,"ул. Агрономическая, 74","Автогенный пер., 10",95,95,238,199,300,95,,scattered clouds,10.77C,100%
2024-08-17 00:53,7.4 км,"ул. Родонитовая, 15","ул. Водная, 21",177,177,151,199,300,177,,scattered clouds,10.77C,100%
2024-08-17 01:04,10.2 км,"ул. Славянская, 48","ул. Вайнера, 60",131,131,114,199,300,131,,,,
2024-08-17 01:17,7.4 км,"ул. Белинского, 163г","ул. Трубачева, 43",141,141,114,199,338,141,,scattered clouds,10.77C,100%
2024-08-17 01:28,6.5 км,"Сибирский тракт, 7","ул. Шефская, 12а",284,284,141,199,300,284,,,,
2024-08-17 01:41,3.8 км,"ул. Авиационная, 61 корпус 2","Сухумский пер., 2",95,95,114,199,414,95,,scattered clouds,10.76C,100%
2024-08-17 01:52,10.7 км,"ул. Чкалова, 250","ул. Маневровая, 26",105,105,167,199,338,105,,,,
2024-08-17 02:05,5.5 км,"Выездной пер., 2","ул. Лобкова, 32",159,159,125,199,376,159,,scattered clouds,10.77C,100%
2024-08-17 02:16,6.9 км,"пр-кт Ленина, 40/18","Волчанский пер., 6",239,239,193,199,338,239,,clear sky,10.77C,100%
2024-08-17 02:27,8.8 км,"ул. Грибоедова, 17","ул. Панельная, 11А",123,123,177,199,300,123,,clear sky,10.77C,100%
2024-08-17 02:38,5.9 км,"ул. Ильича, 17","пр-кт Ленина, 64",113,113,114,199,300,113,,clear sky,10.77C,100%
2024-08-17 02:48,8.0 км,"ул. 40-летия Октября, 38а","ул. Декабристов, 6",131,131,141,199,300,131,,,,
2024-08-17 03:01,7.4 км,"ул. Крауля, 80 корпус 3","ул. Кировградская, 27",221,221,125,199,490,221,,clear sky,10.77C,100%
2024-08-17 03:12,7.9 км,"ул. Техническая, 67","пр-кт Космонавтов, 108а",159,159,212,199,300,159,,,,
2024-08-17 03:25,7.1 км,"ул. Московская, 40","ул. Стачек, 11",221,221,141,199,300,221,,,,
2024-08-17 03:36,5.0 км,"ул. Ломоносова, 44","ул. Ереванская, 49",105,105,114,199,300,105,,clear sky,9.77C,100%
2024-08-17 03:47,6.1 км,"ул. Краснолесья, 16 корпус 3","ул. Заводская, 9",113,113,114,199,300,113,,,,
2024-08-17 04:00,6.6 км,"ул. Комвузовская, 21Ж","ул. Фестивальная, 20",141,141,114,199,338,141,,scattered clouds,9.77C,100%
2024-08-17 04:11,2.2 км,"ул. Братская, 17","Короткий пер., 11а",159,159,167,199,300,159,,,,
2024-08-17 04:24,9.6 км,"ул. Уральская, 5","ул. Сухоложская, 4",149,149,141,199,300,149,,,,
2024-08-17 04:35,9.6 км,"ул. Чкалова, 119","ул. Культуры, 21",185,185,114,199,300,185,,,,
2024-08-17 04:48,7.6 км,"ул. Толмачева, 25","ул. Вильгельма де Геннина, 31",274,274,114,199,376,274,,,,
2024-08-17 05:01,8.0 км,"ул. Стачек, 21","ул. Ткачей, 12",221,221,141,199,300,221,,,,
2024-08-17 05:11,2.5 км,"ул. Владимира Высоцкого, 18","ул. Первомайская, 82",167,167,414,199,338,167,,,,
2024-08-17 05:24,16.8 км,"ул. Белоярская, 26","ул. Академика Парина, 46/5",95,95,114,199,300,95,,,,
2024-08-17 05:35,18.2 км,"ул. Дагестанская, 20","ул. Коммунистическая, 123",149,149,125,199,300,149,,broken clouds,10.77C,100%
2024-08-17 05:46,9.4 км,"ул. Начдива Онуфриева, 14","ул. Культуры, 4",141,141,125,199,300,141,,,,
2024-08-17 05:57,7.8 км,"ул. Крестинского, 21","ул. Сулимова, 65",95,95,125,199,300,95,,broken clouds,10.77C,100%
2024-08-17 06:08,20.1 км,"ул. Ракетная, 2","ул. Красных партизан, 1",95,95,114,199,300,95,,,,
2024-08-17 06:19,10.9 км,"ул. Московская, 48а","Многостаночников пер., 16",274,274,151,199,300,274,,broken clouds,10.77C,100%
2024-08-17 06:30,2.3 км,"ул. Шейнкмана, 112","ул. Авиационная, 16",402,402,114,199,300,402,,broken clouds,10.77C,100%
2024-08-17 06:40,1.2 км,"ул. Уральская, 50","ул. Мамина-Сибиряка, 51",131,131,125,199,300,131,,,,
2024-08-17 06:53,7.7 км,"ул. 8 Марта, 202/3","ул. Ереванская, 59",113,113,114,199,300,113,,broken clouds,10.77C,100%
2024-08-17 07:04,13.5 км,"ул. Баумана, 31а","ул. Агрономическая, 36",274,274,193,199,300,274,,,,
2024-08-17 07:15,11.5 км,"ул. Кутузова, 98","ул. Уральская, 68 корпус 2",420,420,301,199,338,420,,broken clouds,11.77C,100%
2024-08-17 07:26,13.9 км,"ул. Опытная, 17","ул. Амундсена, 70",105,105,114,199,300,105,,,,
2024-08-17 07:39,1.1 км,"ул. Энтузиастов, 33","ул. Победы, 12",123,123,177,199,300,123,,,,
2024-08-17 07:50,7.6 км,"ул. Крауля, 13","ул. Владимира Высоцкого, 22",95,95,114,199,300,95,,,,
2024-08-17 08:01,6.7 км,"ул. Куйбышева, 102","ул. Корепина, 5",195,195,141,199,300,195,,,,
2024-08-17 08:14,5.1 км,"ул. Щербакова, 5 корпус 2","Хибиногорский пер., 29",221,221,125,199,300,221,,,,
2024-08-17 08:25,14.4 км,"ул. Уральских рабочих, 42","ул. Латышская, 93",266,266,125,199,300,266,,,,
2024-08-17 08:38,11.5 км,"ул. Луначарского, 53а","ул. Карельская, 72",95,95,114,199,338,95,,,,
2024-08-17 08:49,4.1 км,"ул. Белореченская, 24 корпус 3","ул. Большакова, 20",177,177,114,199,300,177,,,,
2024-08-17 09:02,3.0 км,"ул. Маяковского, 1","ул. Малышева, 111а",105,105,114,199,300,105,,,,
2024-08-17 09:15,2.0 км,"ул. Амундсена, 55 корпус 2","ул. Серова, 2",203,203,114,199,300,203,,,,
2024-08-17 09:28,5.1 км,"ул. Академика Бардина, 34","Московский тракт 9 км., 18",410,410,125,199,300,410,,broken clouds,12.76C,94%
2024-08-17 09:39,16.6 км,"пр-кт Космонавтов, 95-б","ул. Зенитчиков, 16",167,167,361,199,300,167,,,,
2024-08-17 09:52,9.2 км,"ул. Лобкова, 18","ул. Фрунзе, 64",123,123,141,199,300,123,,,,
2024-08-17 10:05,1.9 км,"ул. Сурикова, 6","ул. Хохрякова, Строение 33",113,113,114,199,300,113,,,,
2024-08-17 10:15,18.5 км,"ул. Техническая, 142","ул. Грибоедова, 26",159,159,317,199,300,159,,,,
2024-08-17 10:29,9.9 км,"ул. Донская, 59","ул. Степана Разина, 72 корпус 3",203,203,230,199,300,203,,broken clouds,13.77C,88%
2024-08-17 10:39,3.9 км,"ул. Готвальда, 18","ул. Культуры, 16",159,159,114,199,300,159,,light rain,13.77C,88%
2024-08-17 10:50,858.6 м,"ул. Сакко и Ванцетти, 60","ул. Маршала Жукова, 10",113,113,114,199,300,113,,light rain,14.77C,82%
2024-08-17 11:01,6.8 км,"ул. Ломоносова, 28а","ул. Бажова, 75",113,113,167,199,300,113,,,,
2024-08-17 11:14,11.6 км,"Вечерний пер., 2","Сиреневый б-р, 3",95,95,114,199,300,95,,,,
2024-08-17 11:27,4.0 км,"ул. Папанина, 23","ул. Отто Шмидта, 48 корпус а",95,95,114,199,300,95,,,,
2024-08-17 11:40,8.5 км,"ул. Цвиллинга, Строение 58","ул. Техническая, 26",231,231,204,199,528,231,,,,
2024-08-17 11:53,14.4 км,"ул. Белоярская, 9","ул. Репина, 64",167,167,114,199,300,167,,light rain,15.76C,82%
2024-08-17 12:04,6.7 км,"ул. Братская, 4","Рабочей молодежи наб., 1",239,239,177,199,300,239,,,,
2024-08-17 12:17,7.3 км,"ул. Малышева, 27","ул. Латышская, 93",95,95,114,199,300,95,,light rain,15.77C,82%
2024-08-17 12:28,4.7 км,"Транспортников пер., 1","ул. Шаумяна, 94",105,105,114,199,300,105,,,,
2024-08-17 12:39,10.5 км,"Многостаночников пер., 13","пр-кт Ленина, 68А",95,95,256,199,300,95,,light rain,15.77C,72%
2024-08-17 12:50,2.6 км,"ул. Фурманова, 120","ул. Академика Шварца, 4",113,113,141,199,338,113,,light rain,16.77C,67%
2024-08-17 13:01,9.1 км,"ул. Ильича, 20а","ул. Московская, 225 корпус 2",167,167,193,199,300,167,,light rain,16.77C,67%
2024-08-17 13:11,5.2 км,"ул. Павла Шаманова, 26","ул. Щорса, 130",221,221,204,199,300,221,,,,
2024-08-17 13:22,5.4 км,"Чаадаева пер., 2","ул. Проезжая, 167",221,221,167,199,300,221,,light rain,15.77C,77%
2024-08-17 13:33,9.5 км,"ул. Агрономическая, 40А","ул. Черепанова, 30",195,195,301,199,300,195,,,,
2024-08-17 13:46,2.7 км,"ул. Печерская, 2","ул. Сулимова, 59б",177,177,151,199,300,177,,light rain,16.77C,72%
2024-08-17 13:57,7.3 км,"ул. Таежная, 11","ул. Малышева, 84",167,167,212,219,300,167,,light rain,16.77C,72%
2024-08-17 14:08,3.0 км,"ул. Кировградская, 81А","пр-кт Космонавтов, 56",113,113,167,199,300,113,,,,
2024-08-17 14:19,4.2 км,"ул. Камчатская, 49","ул. Библиотечная, 45",203,203,204,199,300,203,,light rain,17.77C,68%
2024-08-17 14:30,7.5 км,"ул. Сулимова, 36","ул. Ленинградская, 31",195,195,141,199,528,195,,light rain,17.77C,68%
2024-08-17 14:41,4.6 км,"ул. Пальмиро Тольятти, 28А","ул. Ольховская, 25 корпус 2",185,185,177,199,604,185,,light rain,17.77C,68%
2024-08-17 14:52,6.2 км,"ул. Степана Разина, 107а корпус 1","ул. Июльская, 48",167,167,193,199,300,167,,light rain,17.77C,63%
2024-08-17 15:02,5.6 км,"ул. Красноармейская, 68","ул. Титова, 18",123,123,114,199,338,123,,light rain,17.77C,63%
2024-08-17 15:13,4.0 км,"ул. Белореченская, 17 корпус 4","ул. Краснолесья, 127",167,167,125,199,300,167,,,,
2024-08-17 15:24,4.7 км,"ул. Блюхера, 13","ул. Посадская, 52",195,195,141,199,300,195,,light rain,17.77C,63%
2024-08-17 15:35,7.5 км,"ул. Татищева, 47а","ул. Избирателей, 5",185,185,125,199,300,185,,,,
2024-08-17 15:46,5.6 км,"Денисова-Уральского б-р, 11","ул. Первомайская, 24в",239,239,193,247,338,239,,light rain,18.77C,59%
2024-08-17 15:57,11.1 км,"ул. Дагестанская, 24","ул. Блюхера, 43",123,123,114,199,300,123,,,,
2024-08-17 16:10,3.0 км,"ул. Белинского, 140 корпус 2","ул. Мичурина, 59",131,131,151,199,300,131,,,,
2024-08-17 16:21,11.9 км,"ул. Начдива Онуфриева, 6 корпус 2","ул. Коммунистическая, 6",213,213,114,199,300,213,,,,
2024-08-17 16:32,6.7 км,"ул. Авиаторов, 1А","ул. Грибоедова, 27",95,95,114,199,300,95,,light rain,17.77C,68%
2024-08-17 16:43,7.2 км,"ул. Александровская, 2","ул. Гурзуфская, 49",113,113,125,199,300,113,,light rain,17.77C,68%
2024-08-17 16:53,6.6 км,"пр-кт Ленина, 99а","ул. Донбасская, 41",113,113,125,199,300,113,,,,
2024-08-17 17:06,8.1 км,"ул. Латвийская, 16","ул. Гастелло, 1",113,113,114,199,300,113,,,,
2024-08-17 17:17,11.2 км,"ул. Кутузова, 98","ул. Токарей, 50 корпус 1",123,123,193,199,300,123,,light rain,17.77C,59%
2024-08-17 17:28,2.2 км,"ул. Пальмиро Тольятти, 14","ул. Щорса, 112",159,159,125,199,300,159,,light rain,17.77C,63%
2024-08-17 17:39,13.9 км,"Дизельный пер., 31","ул. Баумана, 8",95,95,141,199,300,95,,light rain,17.77C,63%
2024-08-17 17:50,3.5 км,"ул. Бебеля, 112","Университетский пер., 3",123,123,114,199,300,123,,light rain,17.77C,63%
2024-08-17 18:01,9.5 км,"ул. Павла Шаманова, 56","пр-кт Ленина, 60",257,257,125,199,300,257,,,,
2024-08-17 18:12,15.0 км,"ул. Новосибирская, 103","ул. Индустрии, 104",185,185,125,247,300,185,,,,
2024-08-17 18:25,14.2 км,"ул. Лыжников, 48","ул. Кировградская, 71а",131,131,114,199,300,131,,,,
2024-08-17 18:38,5.4 км,"ул. Металлургов, 52","ул. Маневровая, 25а",177,177,114,199,300,177,,scattered clouds,17.77C,68%
2024-08-17 18:49,8.0 км,"ул. Щорса, 103","ул. Варшавская, 2б",123,123,114,199,300,123,,scattered clouds,17.77C,68%
2024-08-17 19:00,10.1 км,"ул. Аркадия Гайдара, 4а","ул. Восточная, 164",213,213,114,199,300,213,,,,
2024-08-17 19:11,2.4 км,"ул. Академика Бардина, 7 корпус 1","ул. Посадская, 65",141,141,114,199,300,141,,scattered clouds,17.77C,68%
2024-08-17 19:22,20.9 км,"ул. Новаторов, 8 корпус 1","ул. Амбулаторная, 8",159,159,167,199,300,159,,,,
2024-08-17 19:35,9.2 км,"ул. Свердлова, 25","ул. Хрустальногорская, 88",131,131,151,199,300,131,,scattered clouds,17.77C,72%
2024-08-17 19:46,1.8 км,"ул. Сулимова, 59б","ул. Камчатская, 49",231,231,125,199,300,231,,scattered clouds,16.77C,77%
2024-08-17 19:57,7.5 км,"ул. Малышева, 2ж","ул. Ильича, 59",203,203,114,199,376,203,,scattered clouds,16.77C,77%
2024-08-17 20:07,7.1 км,"ул. Генеральская, 11","ул. Техническая, 53",310,310,114,199,376,310,,scattered clouds,16.77C,77%
2024-08-17 20:18,4.1 км,"ул. Фурманова, 59","ул. Современников, 1",312,312,230,283,452,312,,,,
2024-08-17 20:31,16.8 км,"ул. Таганская, Сооружение 17а","ул. Черняховского, 43",330,330,230,327,300,330,,,,
2024-08-17 20:45,6.7 км,"ул. Викулова, 35 корпус 3","ул. Академическая, 19",177,177,114,199,300,177,,,,
2024-08-17 20:55,1.5 км,"ул. Мира, 47/3","ул. Мичурина, 99",274,274,230,199,566,274,,light intensity shower rain,14.77C,94%
2024-08-17 21:06,7.5 км,"ул. Пирогова, 28а","ул. Уральских рабочих, 53 Строение а",185,185,114,199,300,185,,,,
2024-08-17 21:17,5.5 км,"ул. Бородина, 18","ул. Селькоровская, 68",392,392,301,199,300,392,,light intensity shower rain,14.76C,94%
2024-08-17 21:28,11.8 км,"ул. Московская, 193а","пр-кт Космонавтов, 108г",149,149,114,199,414,149,,light intensity shower rain,14.77C,94%
2024-08-17 21:39,1.5 км,"пр-кт Ленина, 66А","ул. Луначарского, 78",445,445,177,299,674,445,,light intensity shower rain,14.77C,94%
2024-08-17 21:50,5.3 км,"ул. Бебеля, 127","ул. Старых Большевиков, 86",131,131,114,199,300,131,,,,
2024-08-17 22:03,10.4 км,"ул. Расточная, 15 корпус 7","ул. Циолковского, 84",105,105,167,199,300,105,,light intensity shower rain,13.77C,100%
2024-08-17 22:14,8.2 км,"ул. Донбасская, 25","ул. Фурманова, 122",213,213,151,199,338,213,,,,
2024-08-17 22:25,5.8 км,"ул. Комсомольская, 70а","Калиновский пер., 7",185,185,114,199,376,185,,light intensity shower rain,13.77C,100%
2024-08-17 22:36,4.9 км,"ул. Некрасова, 2","ул. Малышева, 160",203,203,114,199,414,203,,,,
2024-08-17 22:47,9.0 км,"ул. Ленинградская, 30а","ул. Кировградская, 33",123,123,141,199,338,123,,light intensity shower rain,13.77C,100%
2024-08-17 22:58,6.5 км,"ул. Академика Бардина, 31","ул. Луначарского, 21",131,131,177,199,528,131,,scattered clouds,13.77C,100%
2024-08-17 23:09,8.6 км,"ул. Билимбаевская, 30а","ул. Ясная, 20Д",95,95,167,199,300,95,,scattered clouds,13.77C,100%
2024-08-17 23:20,3.4 км,"ул. Уральская, 66 корпус 2","ул. Декабристов, 25",310,310,114,199,636,310,,,,
2024-08-17 23:30,11.0 км,"ул. Ломоносова, 19","ул. Академика Бардина, 44",312,312,264,199,300,312,,,,
2024-08-17 23:44,8.8 км,"ул. Первомайская, 114","ул. Таежная, 2",131,131,151,199,338,131,,scattered clouds,12.77C,100%
2024-08-17 23:55,10.4 км,"ул. Чекистов, 12","ул. Уткинская, 27",203,203,212,199,604,203,,,,
2024-08-18 00:05,4.1 км,"ул. Белореченская, 14","пр-кт Ленина, 69 корпус 13",239,239,114,199,452,239,,few clouds,13.77C,100%
2024-08-18 00:16,14.2 км,"пр-кт Космонавтов, 33","ул. Чкалова, 256",266,266,114,199,636,266,,,,
2024-08-18 00:30,1.6 км,"ул. Уральская, 56а","ул. Данилы Зверева, 6",302,302,141,199,338,302,,clear sky,13.77C,100%
2024-08-18 00:40,7.8 км,"ул. Ухтомская, 16б","ул. Блюхера, 67 корпус 1",141,141,151,199,452,141,,,,
2024-08-18 00:51,3.7 км,"ул. Готвальда, 14","ул. Коуровская, 6",249,249,212,199,300,249,,few clouds,12.77C,100%
2024-08-18 01:02,336.7 м,"пр-кт Космонавтов, 52","ул. Бабушкина, 30а",113,113,141,199,300,113,,few clouds,12.77C,100%
2024-08-18 01:13,12.7 км,"ул. Щербакова, 41","ул. Таганская, 9а",231,231,230,199,300,231,,few clouds,12.77C,100%
2024-08-18 01:24,7.7 км,"пр-кт Космонавтов, 90","ул. Маршала Жукова, 9",249,249,114,199,300,249,,,,
2024-08-18 01:37,17.1 км,"ул. Техническая, 70","ул. Инженерная, 45",113,113,204,199,300,113,,,,
2024-08-18 01:48,5.6 км,"ул. Челюскинцев, 110","ул. 40-летия Комсомола, 10",284,284,193,199,376,284,,,,
2024-08-18 01:59,2.5 км,"Осоавиахима пер., 102","ул. Красных командиров, 21",113,113,114,199,300,113,,,,
2024-08-18 02:12,3.7 км,"ул. Карла Маркса, 60","ул. Юмашева, 11",266,266,212,199,414,266,,,,
2024-08-18 02:23,9.8 км,"Суворовский пер., 16а","ул. Чайковского, 84 корпус 1",141,141,114,199,300,141,,,,
2024-08-18 02:36,4.2 км,"ул. Луначарского, 218","ул. Железнодорожников, 4",274,274,230,199,414,274,,,,
2024-08-18 02:50,4.0 км,"ул. Родонитовая, 35","ул. Куйбышева, 177",131,131,177,199,300,131,,,,
2024-08-18 03:01,17.3 км,"ул. Профсоюзная, 79","ул. Индустрии, 94а",105,105,125,199,300,105,,clear sky,13.77C,100%
2024-08-18 03:11,6.8 км,"ул. Техническая, 79","Калиновский пер., 11",149,149,151,199,300,149,,,,
2024-08-18 03:22,6.1 км,"ул. Новгородцевой, 3б","пр-кт Космонавтов, 38",131,131,317,247,490,131,,clear sky,13.77C,100%
2024-08-18 03:33,6.6 км,"ул. Куйбышева, 96","ул. Современников, 25",239,239,167,199,300,239,,clear sky,13.77C,100%
2024-08-18 03:44,5.2 км,"ул. Фрезеровщиков, 43","ул. Советская, 62",105,105,141,199,300,105,,clear sky,13.77C,100%
2024-08-18 03:55,7.7 км,"Дизельный пер., 35","ул. Феофанова, Строение 8",105,105,151,199,300,105,,,,
2024-08-18 04:06,5.7 км,"пр-кт Ленина, 99а","ул. Красных командиров, 12",284,284,204,247,300,284,,clear sky,13.77C,100%
2024-08-18 04:17,11.1 км,"ул. Боровая, 19а","ул. Рябинина, 25",185,185,212,199,338,185,,,,
2024-08-18 04:28,6.8 км,"ул. Селькоровская, 108","ул. Краснолесья, 97",231,231,114,199,338,231,,,,
2024-08-18 04:41,17.2 км,"ул. Латвийская, 58/2","ул. Удельная, 7",95,95,114,199,300,95,,,,
2024-08-18 04:52,9.0 км,"Решетникова проезд, 14","ул. Славянская, 53",221,221,114,199,300,221,,clear sky,12.77C,100%
2024-08-18 05:03,5.2 км,"пр-кт Космонавтов, 78а","ул. Автомагистральная, 23",105,105,193,199,300,105,,,,
2024-08-18 05:14,2.0 км,"ул. Посадская, 33","ул. Заводская, 20",239,239,167,247,300,239,,,,
2024-08-18 05:27,15.7 км,"ул. Селькоровская, 100 корпус 1","ул. Корепина, 36а",141,141,114,199,300,141,,scattered clouds,12.77C,100%
2024-08-18 05:38,7.8 км,"ул. Летчиков, 35","ул. Амундсена, 70",231,231,151,199,300,231,,,,
2024-08-18 05:51,5.2 км,"Осоавиахима пер., 100","ул. Бебеля, 119",113,113,151,199,300,113,,,,
2024-08-18 06:02,8.0 км,"ул. Военная, 4","ул. Первомайская, 105",105,105,114,199,300,105,,scattered clouds,12.77C,100%
2024-08-18 06:13,762.3 м,"ул. Мира, 31","ул. Комсомольская, 49",366,366,114,199,300,366,,,,
2024-08-18 06:24,9.1 км,"ул. Бажова, 185","ул. Народного фронта, 62",445,445,114,199,414,445,,,,
2024-08-18 06:37,16.9 км,"ул. Черняховского, 45","ул. Ползунова, 34и",231,231,114,199,300,231,,,,
2024-08-18 06:51,4.7 км,"ул. Раевского, 14","ул. Ереванская, 4б",221,221,114,199,300,221,,few clouds,12.77C,100%
2024-08-18 07:02,2.6 км,"ул. Энтузиастов, 37","ул. Бакинских комиссаров, 169в",131,131,114,199,300,131,,few clouds,12.77C,100%
2024-08-18 07:13,7.5 км,"ул. Индустрии, 96б","ул. Мичурина, 108",274,274,114,199,300,274,,few clouds,12.77C,100%
2024-08-18 07:23,17.3 км,"ул. Красных командиров, 130","ул. Косарева, 11",159,159,361,199,300,159,,,,
2024-08-18 07:34,7.5 км,"ул. Санаторная, 18а","Сергея Есенина б-р, 5",320,320,125,199,300,320,,,,
2024-08-18 07:45,9.8 км,"пр-кт Седова, 25","Сиреневый б-р, 7",203,203,167,199,300,203,,few clouds,12.77C,100%
2024-08-18 07:56,2.1 км,"ул. Фурманова, 124","ул. Розы Люксембург, 69/2",141,141,114,199,300,141,,few clouds,13.76C,94%
2024-08-18 08:07,3.3 км,"ул. 40-летия Комсомола, 5","Буторина пер., 3",203,203,114,199,300,203,,few clouds,13.77C,94%
2024-08-18 08:18,7.6 км,"ул. Заводская, 12","ул. Водоемная, 80/3",195,195,114,199,300,195,,few clouds,13.77C,94%
2024-08-18 08:29,2.8 км,"ул. Академическая, 23","ул. Восточная, 162",213,213,141,199,376,213,,,,
2024-08-18 08:40,1.5 км,"ул. Бажова, 127","ул. Шевченко, 21",123,123,114,199,338,123,,,,
2024-08-18 08:53,4.2 км,"Каслинский пер., 14","ул. Тверитина, 19",257,257,125,199,300,257,,few clouds,14.77C,88%
2024-08-18 09:04,7.4 км,"ул. Ясная, 22г","ул. Сыромолотова, 23",141,141,167,199,300,141,,,,
2024-08-18 09:18,10.8 км,"ул. Бакинских комиссаров, 97","ул. Чайковского, 75",266,266,353,199,300,266,,few clouds,14.77C,88%
2024-08-18 09:29,19.6 км,"ул. Ангарская, 30","ул. Черняховского, 46",257,257,212,199,300,257,,,,
2024-08-18 09:40,3.4 км,"ул. Комсомольская, 17","ул. Пушкина, 4",348,348,212,247,414,348,,few clouds,15.77C,82%
2024-08-18 09:51,14.7 км,"ул. Металлургов, 30 корпус 3","ул. Хвойная, 85",95,95,114,199,338,95,,scattered clouds,15.77C,82%
2024-08-18 10:02,1.8 км,"ул. Вишневая, 61","Сиреневый б-р, 4 корпус 1",123,123,114,199,300,123,,,,
2024-08-18 10:13,4.9 км,"ул. Карла Маркса, 30","ул. Викулова, 63 корпус 4",95,95,114,199,300,95,,,,
2024-08-18 10:24,6.1 км,"ул. Бебеля, 154","ул. Сулимова, 3/2",141,141,141,199,300,141,,scattered clouds,15.77C,82%
2024-08-18 10:35,6.2 км,"ул. Белореченская, 9/2","Ремесленный пер., 5",131,131,114,199,300,131,,,,
2024-08-18 10:46,4.3 км,"ул. Июльская, 39 корпус 1","ул. Крупносортщиков, 12а",131,131,125,199,300,131,,,,
2024-08-18 10:59,7.5 км,"пр-кт Космонавтов, 95","ул. Бебеля, 148",239,239,114,199,300,239,,,,
2024-08-18 11:10,15.8 км,"ул. Надеждинская, 25","ул. Трубачева, 45",177,177,114,199,300,177,,,,
2024-08-18 11:23,1.4 км,"Асбестовский пер., 5","ул. Блюхера, 61а",95,95,114,199,300,95,,,,
2024-08-18 11:34,4.0 км,"ул. Кунарская, 35","ул. Уральских коммунаров, 53",239,239,204,199,300,239,,broken clouds,16.77C,77%
2024-08-18 11:45,2.2 км,"ул. Индустрии, 52","ул. Корепина, 13",95,95,193,199,300,95,,,,
2024-08-18 11:58,13.8 км,"ул. Мраморская, 40","ул. Ангарская, 26",123,123,114,199,338,123,,scattered clouds,17.77C,72%
2024-08-18 12:09,7.7 км,"ул. Луначарского, 137","ул. Парниковая, 2",95,95,114,199,300,95,,,,
2024-08-18 12:20,4.9 км,"ул. Блюхера, 42","ул. Ереванская, 35",402,402,167,199,300,402,,scattered clouds,17.77C,72%
2024-08-18 12:31,4.4 км,"ул. Индустрии, 41","Трамвайный пер., 2/2",249,249,282,199,300,249,,,,
2024-08-18 12:42,8.1 км,"ул. Соболева, 19","ул. Кварцевая, 15",195,195,230,199,300,195,,broken clouds,18.77C,68%
2024-08-18 12:53,8.1 км,"ул. Восточная, 23","ул. Техническая, 49",141,141,125,199,338,141,,,,
2024-08-18 13:04,4.0 км,"Олимпийская наб., 7","ул. Ухтомская, 8",95,95,114,199,300,95,,broken clouds,18.77C,68%
2024-08-18 13:15,4.6 км,"ул. Боровая, 19","ул. Готвальда, 14а",320,320,141,199,300,320,,,,
2024-08-18 13:28,8.3 км,"ул. Надеждинская, 11","ул. Комвузовская, 21",149,149,264,199,300,149,,scattered clouds,19.77C,56%
2024-08-18 13:39,2.5 км,"ул. Мельникова, 27","ул. Пушкина, 4",231,231,141,199,300,231,,light rain,19.77C,56%
2024-08-18 13:50,7.6 км,"ул. Новгородцевой, 21","ул. Старых Большевиков, 29",384,384,317,411,490,384,,,,
2024-08-18 14:01,947.9 м,"ул. Лобкова, 50","ул. Корепина, 40",113,113,212,199,300,113,,,,
2024-08-18 14:12,5.7 км,"ул. Старых Большевиков, 3","ул. Малышева, 76",167,167,151,199,338,167,,light rain,19.77C,56%
2024-08-18 14:23,2.9 км,"ул. Мамина-Сибиряка, 54","ул. Большакова, 3",167,167,114,199,338,167,,,,
2024-08-18 14:34,15.3 км,"ул. Шефская, 102","ул. Санаторная, 11",105,105,141,219,300,105,,light rain,19.77C,52%
2024-08-18 14:45,5.2 км,"пр-кт Космонавтов, 29","ул. Таватуйская, 4г",149,149,125,299,300,149,,,,
2024-08-18 14:59,11.4 км,"Утренний пер., 5","ш. Елизаветинское, 24",195,195,204,199,376,195,,light rain,19.77C,52%
2024-08-18 15:10,6.8 км,"ул. Ереванская, 67","ул. Машинная, 1-б корпус 2",123,123,114,199,300,123,,light rain,19.77C,52%
2024-08-18 15:21,12.3 км,"ул. Избирателей, 20","ул. Самолетная, 3 корпус 3",131,131,114,199,300,131,,light rain,18.77C,63%
2024-08-18 15:32,8.3 км,"Сухумский пер., 3","ул. Заводская, 32 корпус 4",113,113,125,199,300,113,,,,
2024-08-18 15:43,12.6 км,"ул. Шефская, 96","ул. Самолетная, 6",159,159,141,199,300,159,,,,
2024-08-18 15:56,1.8 км,"ул. Благодатская, 57","ул. Агрономическая, 36",185,185,177,199,300,185,,,,
2024-08-18 16:09,5.9 км,"ул. Калинина, 3","ул. Пушкина, 4",149,149,125,199,300,149,,,,
2024-08-18 16:20,1.3 км,"ул. Крауля, 6","ул. Металлургов, 18",113,113,114,199,300,113,,light rain,18.77C,72%
2024-08-18 16:31,6.7 км,"Сергея Есенина б-р, 5","ул. Артинская, 12",131,131,125,199,300,131,,light rain,18.77C,72%
2024-08-18 16:42,6.2 км,"ул. Самолетная, 29","Выходной пер., 5 корпус 14",195,195,114,199,300,195,,scattered clouds,18.77C,72%
2024-08-18 16:53,10.1 км,"ул. Отто Шмидта, 60","ул. Войкова, 82",149,149,230,199,300,149,,,,
2024-08-18 17:04,4.9 км,"ул. Декабристов, 4","ул. Готвальда, 24/4",195,195,238,199,452,195,,,,
2024-08-18 17:18,88.4 м,"ул. Челюскинцев, 110","ул. Челюскинцев, 110а",95,95,125,199,300,95,,,,
2024-08-18 17:31,15.7 км,"ул. Краснофлотцев, 37","Многостаночников пер., 22",284,284,193,199,300,284,,,,
2024-08-18 17:42,6.7 км,"ул. Военная, 1а","Многостаночников пер., 14",149,149,141,199,300,149,,,,
2024-08-18 17:53,3.3 км,"ул. Щорса, 109","ул. Бажова, 164",159,159,151,199,300,159,,,,
2024-08-18 18:04,7.6 км,"Трамвайный пер., 2/2","ул. Чкалова, 141",113,113,114,199,300,113,,,,
2024-08-18 18:15,7.5 км,"ул. Бажова, 103","ул. Титова, 50",105,105,114,199,300,105,,,,
2024-08-18 18:26,3.1 км,"ул. Титова, 40","Трактористов пер., 19",131,131,125,199,300,131,,scattered clouds,17.77C,82%
2024-08-18 18:37,18.6 км,"ул. Прибалтийская, 17","ул. Водонасосная, 25",95,95,114,199,300,95,,,,
2024-08-18 18:50,14.4 км,"ул. Фрезеровщиков, 32","ул. Павла Шаманова, 15",123,123,204,199,300,123,,,,
2024-08-18 19:01,9.6 км,"ул. Звездная, 1","ул. Ереванская, 65",131,131,125,199,300,131,,,,
2024-08-18 19:12,10.7 км,"ул. Военная, 20в","ул. Карельская, 47",149,149,114,199,300,149,,light rain,16.77C,82%
2024-08-18 19:23,9.4 км,"ул. Белинского, 84","ул. Бородина, 15",167,167,114,199,300,167,,,,
2024-08-18 19:34,3.3 км,"ул. Агрономическая, 62","ул. Прониной, 121",131,131,125,199,300,131,,light intensity shower rain,15.77C,94%
2024-08-18 19:45,13.8 км,"ул. Инженерная, 12","ул. Викулова, 35 корпус 1",95,95,114,199,300,95,,,,
2024-08-18 19:57,8.5 км,"ул. Ломоносова, 14","ул. Пальмиро Тольятти, 11",105,105,114,199,300,105,,,,
2024-08-18 20:10,10.0 км,"ул. Малышева, 115","ул. Орденоносцев, 8",203,203,114,219,300,203,,,,
2024-08-18 20:23,8.9 км,"ул. Ползунова, 12","ул. 8 Марта, 55",185,185,167,199,300,185,,light rain,15.77C,94%
2024-08-18 20:34,10.0 км,"ул. Социалистическая, 3","ул. Чайковского, 87",167,167,114,199,300,167,,light rain,15.77C,94%
2024-08-18 20:45,6.2 км,"ул. Шефская, 93 корпус 2","ул. Мира, 1а",221,221,114,199,300,221,,,,
2024-08-18 20:58,4.1 км,"ул. Листопадная, 10","ул. Машинная, 31д",123,123,114,199,300,123,,,,
2024-08-18 21:12,7.0 км,"ул. Соболева, 21 корпус 5","ул. Пилотная, 3",239,239,177,199,300,239,,light rain,14.77C,94%
2024-08-18 21:23,6.1 км,"ул. Бебеля, 176а","ул. Белореченская, 13 корпус 5",131,131,114,199,300,131,,light rain,13.77C,100%
2024-08-18 21:34,9.9 км,"ул. Исетская, 14","ул. Малышева, 104",292,292,114,199,300,292,,,,
2024-08-18 21:45,5.6 км,"ул. Корепина, 29а","ул. Софьи Ковалевской, 1",356,356,301,199,300,356,,,,
2024-08-18 21:56,4.1 км,"ул. Чапаева, 80 корпус 2","Рабочей молодежи наб., 1",123,123,114,199,300,123,,,,
2024-08-18 22:09,3.0 км,"пр-кт Ленина, 69 корпус 8","ул. Большакова, 95",392,392,141,199,490,392,,light rain,13.77C,100%
2024-08-18 22:20,7.9 км,"ул. Челюскинцев, 62","Каслинский пер., 10",445,445,125,199,338,445,,,,
2024-08-18 22:31,13.0 км,"ул. Рощинская, 46/2","ул. Таватуйская, 1",221,221,141,199,300,221,,light rain,14.77C,100%
2024-08-18 22:42,14.8 км,"Горнистов проезд, 15","ул. Блюхера, 61",95,95,114,199,300,95,,,,
2024-08-18 22:53,10.3 км,"Волчанский пер., 2А","ул. Серафимы Дерябиной, 55 корпус 2",95,95,114,199,300,95,,,,
2024-08-18 23:07,14.8 км,"ул. Краснолесья, 101","пр-кт Космонавтов, 73 корпус 2",131,131,114,199,300,131,,,,
2024-08-18 23:20,17.2 км,"ул. Ватутина, 15","ул. Альпинистов, 8",95,95,114,199,300,95,,,,
2024-08-18 23:31,5.7 км,"ул. Сулимова, 61","ул. Крауля, 55",113,113,125,199,300,113,,,,
2024-08-18 23:42,6.4 км,"ул. Пирогова, 28а","ул. Расточная, 15 корпус 2",266,266,114,199,300,266,,scattered clouds,14.77C,94%
2024-08-18 23:53,9.9 км,"Курьинский пер., 2","ул. Славянская, 46",123,123,114,199,300,123,,scattered clouds,13.77C,100%
2024-08-19 00:04,9.8 км,"Верх-Исетский б-р, 18","пр-кт Космонавтов, 101",292,292,114,199,300,292,,scattered clouds,13.77C,100%
2024-08-19 00:15,4.6 км,"ул. Московская, 77","ул. Родонитовая, 34",402,402,125,199,300,402,,,,
2024-08-19 00:29,7.1 км,"ул. Академика Бардина, 40 корпус 2","ул. Бисертская, 4а",159,159,114,199,300,159,,few clouds,13.77C,100%
2024-08-19 00:40,3.5 км,"ул. Агрономическая, 4А","ул. Колхозников, 87",105,105,114,199,300,105,,few clouds,13.77C,100%
2024-08-19 00:51,5.6 км,"ул. Кировградская, 65а","ул. Сулимова, 55",105,105,114,199,300,105,,,,
2024-08-19 01:02,9.7 км,"ул. Белинского, 183А","ул. Евгения Савкова, 46/2",141,141,114,199,300,141,,,,
2024-08-19 01:15,10.9 км,"ул. Академика Губкина, 75","ул. Малышева, 73",95,95,114,199,300,95,,,,
2024-08-19 01:26,5.2 км,"ул. Свердлова, 30","ул. Волгоградская, 202",123,123,125,199,300,123,,,,
2024-08-19 01:40,7.7 км,"ул. Авиационная, 57","ул. Бородина, 9",105,105,114,199,300,105,,clear sky,12.77C,100%
2024-08-19 01:51,4.6 км,"ул. Луначарского, 40","ул. Фрунзе, 67б",105,105,167,199,300,105,,,,
2024-08-19 02:02,6.7 км,"ул. Искровцев, 17","Симбирский пер., 9",239,239,141,199,300,239,,clear sky,12.77C,100%
2024-08-19 02:13,5.4 км,"ул. Белореченская, 34 корпус 3","ул. Симферопольская, 35",231,231,114,199,300,231,,clear sky,12.77C,100%
2024-08-19 02:24,5.4 км,"ул. Академика Бардина, 47","Буторина пер., 3",113,113,114,199,338,113,,,,
2024-08-19 02:37,2.2 км,"ул. Чайковского, 80","ул. Серова, 4",95,95,114,199,300,95,,,,
2024-08-19 02:51,9.2 км,"ул. Сахалинская, 1","ул. Академика Бардина, 9",105,105,114,199,300,105,,few clouds,12.77C,100%
2024-08-19 03:02,4.4 км,"ул. Чайковского, 12","ул. Академическая, 17",203,203,114,199,300,203,,few clouds,12.77C,100%
2024-08-19 03:13,2.2 км,"ул. Щербакова, 5 корпус 2","ул. Рощинская, 65",95,95,151,199,300,95,,,,
2024-08-19 03:27,2.9 км,"ул. 40-летия Комсомола, 12","ул. Куйбышева, 96",95,95,151,199,300,95,,,,
2024-08-19 03:38,1.3 км,"ул. Вишневая, 26б","пр-кт Ленина, 66А",231,231,114,199,300,231,,,,
2024-08-19 03:49,6.3 км,"ул. Белинского, 206","ул. Стрелочников, 9",123,123,193,199,300,123,,,,
2024-08-19 04:00,766.5 м,"ул. Маневровая, 17а","пр-кт Седова, 45",177,177,114,199,300,177,,clear sky,11.77C,100%
2024-08-19 04:11,7.8 км,"ул. Агрономическая, 2","ул. Мамина-Сибиряка, 23",374,374,204,199,300,374,,,,
2024-08-19 04:22,8.9 км,"ул. Щербакова, 141б","ул. Ботаническая, 24",374,374,212,199,300,374,,scattered clouds,11.77C,100%
2024-08-19 04:34,9.3 км,"пр-кт Седова, 45","ул. Вильгельма де Геннина, 49",366,366,282,199,300,366,,scattered clouds,11.77C,100%
2024-08-19 04:45,10.3 км,"ул. Билимбаевская, 31 корпус 1","ул. Чапаева, 53",428,428,264,199,338,428,,,,
2024-08-19 04:58,8.8 км,"пр-кт Седова, 56","ул. Куйбышева, 98",105,105,193,199,300,105,,,,
2024-08-19 05:09,5.0 км,"ул. Уральская, 56","ул. Фурманова, 59",239,239,114,199,300,239,,few clouds,11.77C,100%
2024-08-19 05:20,3.7 км,"ул. Вилонова, 7а","ул. Ильича, 50",392,392,167,199,300,392,,few clouds,11.77C,100%
2024-08-19 05:32,2.6 км,"ул. Авиационная, 50","ул. Военная, 18",195,195,141,199,300,195,,,,
2024-08-19 05:45,8.1 км,"ул. Братская, 18","ул. Челюскинцев, 62",177,177,238,199,300,177,,,,
2024-08-19 05:56,12.6 км,"ул. Мурзинская, 32","ул. Техническая, 52",95,95,114,199,300,95,,,,
2024-08-19 06:09,5.9 км,"ул. Колхозников, 50","ул. Славянская, 48",95,95,177,199,300,95,,few clouds,11.77C,100%
2024-08-19 06:21,12.9 км,"ул. Бахчиванджи, 19/7","ул. Машинная, 46",95,95,114,199,300,95,,,,
2024-08-19 06:32,6.0 км,"ул. Академика Бардина, 42","ул. Педагогическая, 5",284,284,212,199,300,284,,,,
2024-08-19 06:43,2.1 км,"ул. Евгения Савкова, 8","ул. Павла Шаманова, 10",113,113,282,199,300,113,,fog,11.77C,100%
2024-08-19 06:54,14.1 км,"ул. Хомякова, 23","ул. Прибалтийская, 13",312,312,114,199,300,312,,,,
2024-08-19 07:07,2.4 км,"ул. Пальмиро Тольятти, 12А","ул. Академика Бардина, 12",177,177,114,199,300,177,,fog,11.77C,100%
2024-08-19 07:19,1.8 км,"ул. Пальмиро Тольятти, 26","ул. Начдива Васильева, 27",185,185,114,199,300,185,,,,
2024-08-19 07:32,6.4 км,"ул. Тверитина, 38 корпус 1","ул. Зенитчиков, 114",185,185,125,199,300,185,,few clouds,12.77C,100%
2024-08-19 07:43,7.2 км,"ул. Культуры, 22","ул. Малышева, 154",185,185,125,199,300,185,,,,
2024-08-19 07:54,6.7 км,"Коломенский пер., 4","ул. Гагарина, Сооружение 35а",113,113,114,199,300,113,,,,
2024-08-19 08:08,13.2 км,"пр-кт Академика Сахарова, 64","пр-кт Космонавтов, 52",249,249,177,199,300,249,,scattered clouds,14.77C,94%
2024-08-19 08:19,15.8 км,"ул. Бисертская, 141","ул. Даниловская, 2в",292,292,193,199,300,292,,,,
2024-08-19 08:32,18.2 км,"ул. Счастливая, 8","пр-кт Космонавтов, 61-б",257,257,282,199,300,257,,,,
2024-08-19 08:43,19.9 км,"ул. Алая, 3","ул. 8 Марта, 61",95,95,125,199,300,95,,scattered clouds,14.77C,94%
2024-08-19 08:54,3.0 км,"Виражный пер., 2","ул. Владимира Высоцкого, 36",113,113,125,199,300,113,,,,
2024-08-19 09:06,7.4 км,"ул. Автомагистральная, 23","ул. Библиотечная, 43",131,131,151,199,300,131,,,,
2024-08-19 09:19,9.3 км,"ул. Шейнкмана, 102","ул. Шефская, 102",95,95,114,199,300,95,,scattered clouds,16.77C,77%
2024-08-19 09:30,7.3 км,"ул. Бабушкина, 23","ул. Заводская, 19а корпус 4",195,195,256,199,300,195,,,,
2024-08-19 09:44,5.8 км,"ул. Ткачей, 6","ул. Санаторная, 5а",149,149,167,199,300,149,,,,
2024-08-19 09:57,11.6 км,"ул. Индустрии, 94б","Алма-Атинский пер., 1",159,159,114,199,338,159,,scattered clouds,16.77C,77%
2024-08-19 10:08,4.6 км,"ул. Владивостокская, 7","пр-кт Космонавтов, 68",167,167,141,199,300,167,,,,
2024-08-19 10:22,1.0 км,"ул. Ильича, 50","ул. Индустрии, 26",159,159,204,199,300,159,,,,
2024-08-19 10:33,5.8 км,"ул. Крестинского, 11","ул. Заводская, 17",141,141,114,199,300,141,,scattered clouds,16.77C,77%
2024-08-19 10:44,562.2 м,"ул. Ползунова, 34б","ул. Таганская, 52 корпус 3",177,177,361,263,300,177,,scattered clouds,17.77C,72%
2024-08-19 10:55,8.9 км,"ул. Восточная, 80а","пр-кт Академика Сахарова, 64",95,95,114,199,300,95,,,,
2024-08-19 11:06,9.1 км,"ул. Новаторов, 14","ул. Мельникова, 40",123,123,327,199,300,123,,,,
2024-08-19 11:17,6.1 км,"ул. Бакинских комиссаров, 120","ул. Уральская, 50",221,221,282,199,300,221,,,,
2024-08-19 11:29,7.6 км,"Каслинский пер., 6","ул. Краснолесья, 125",167,167,151,199,300,167,,scattered clouds,18.76C,68%
2024-08-19 11:40,6.9 км,"ул. Советская, 10","Сухой пер., 4а",95,95,114,199,300,95,,light rain,18.77C,68%
2024-08-19 11:51,733.9 м,"ул. Комсомольская, 6-б","ул. Блюхера, 42",149,149,141,199,300,149,,light rain,17.77C,68%
2024-08-19 12:02,4.5 км,"ул. Краснофлотцев, 29","ул. Блюхера, 12",123,123,167,199,300,123,,,,
2024-08-19 12:13,9.0 км,"ул. Гурзуфская, 19","пр-кт Космонавтов, 47",113,113,125,199,300,113,,,,
2024-08-19 12:27,7.0 км,"ул. Селькоровская, 102 корпус 4","ул. Вильгельма де Геннина, 45",302,302,114,199,300,302,,light rain,17.77C,72%
2024-08-19 12:38,5.3 км,"ул. Крупносортщиков, 8","ул. Старых Большевиков, 91",203,203,114,199,300,203,,,,
2024-08-19 12:51,9.5 км,"ул. Белореченская, 23 корпус 1","ул. Краснофлотцев, 28",113,113,114,199,300,113,,,,
2024-08-19 13:03,6.3 км,"ул. Бисертская, 32","Переходный пер., 2",274,274,114,199,300,274,,,,
2024-08-19 13:14,21.4 км,"ул. Кировградская, 41","Вечерний пер., 2",231,231,114,199,300,231,,light rain,20.77C,56%
2024-08-19 13:25,4.3 км,"ул. Июльская, 42","ул. Куйбышева, 112Б",105,105,141,199,300,105,,,,
2024-08-19 13:38,4.9 км,"ул. Сулимова, 27","ул. Социалистическая, 3",131,131,114,199,300,131,,,,
2024-08-19 13:52,10.0 км,"ул. Хрустальная, 47","пр-кт Седова, 48",105,105,114,199,300,105,,,,
2024-08-19 14:03,8.6 км,"ул. Белинского, 181","ул. Академика Парина, 45",113,113,114,199,300,113,,light rain,19.77C,56%
2024-08-19 14:14,2.0 км,"ул. Уральских рабочих, 58","ул. Бакинских комиссаров, 171",123,123,282,199,300,123,,light rain,19.77C,56%
2024-08-19 14:26,9.6 км,"ул. Студенческая, 2","ул. Сухоложская, 7",95,95,114,199,300,95,,,,
2024-08-19 14:37,6.7 км,"ул. Краснолесья, 10/5","ул. Декабристов, 16/18Б",159,159,177,199,338,159,,,,
2024-08-19 14:50,8.2 км,"ул. Педагогическая, 5","ул. Минометчиков, 36",95,95,114,199,300,95,,,,
2024-08-19 15:02,2.2 км,"Сибирский тракт, 33а","ул. Владимира Высоцкого, 4 корпус 1",131,131,114,199,300,131,,light rain,20.77C,60%
2024-08-19 15:13,8.8 км,"ул. Верещагина, 14","ул. Уральских рабочих, 15",95,95,114,199,300,95,,light rain,20.77C,60%
2024-08-19 15:24,7.4 км,"ул. Баумана, 29б","ул. Соликамская, 7",113,113,114,199,300,113,,,,
2024-08-19 15:35,5.4 км,"ул. Викулова, 44 корпус 2","ул. Мичурина, 76",159,159,114,199,300,159,,,,
2024-08-19 15:49,8.6 км,"ул. Мраморская, 6","ул. Машинистов, 3",105,105,114,199,300,105,,scattered clouds,19.77C,60%
2024-08-19 16:00,7.8 км,"ул. Академика Парина, 45","ул. Сакко и Ванцетти, 37",95,95,151,199,300,95,,,,
2024-08-19 16:11,3.3 км,"ул. Щербакова, Строение 149","ул. Инженерная, 15",195,195,167,199,300,195,,,,
2024-08-19 16:22,7.2 км,"ул. Рассветная, 8 корпус 1","ул. Шефская, 26",123,123,193,199,300,123,,scattered clouds,20.77C,52%
2024-08-19 16:33,3.6 км,"ул. Пальмиро Тольятти, 12А","ул. Шевченко, 15",185,185,141,199,300,185,,scattered clouds,20.77C,52%
2024-08-19 16:45,13.9 км,"ул. Энтузиастов, 17","ул. Академика Парина, 40/2",149,149,114,199,300,149,,scattered clouds,20.77C,52%
2024-08-19 16:56,2.3 км,"Тбилисский б-р, 17","ул. Чапаева, 55",95,95,114,199,300,95,,scattered clouds,19.77C,60%
2024-08-19 17:07,6.0 км,"ул. Авиационная, 84","ул. Гражданской войны, 1а",177,177,230,219,300,177,,,,
2024-08-19 17:21,4.6 км,"ул. Техническая, 49","ул. Крауля, 53",95,95,114,199,300,95,,scattered clouds,19.77C,60%
2024-08-19 17:32,6.1 км,"ул. Большакова, 22 корпус 2","Сухумский пер., 6",231,231,114,199,300,231,,scattered clouds,19.77C,60%
2024-08-19 17:43,10.6 км,"ул. Чайковского, 86 корпус 4","ул. Стахановская, 29",177,177,125,199,300,177,,scattered clouds,19.77C,60%
2024-08-19 17:55,6.5 км,"ул. Шефская, 30","ул. Папанина, 17",105,105,141,199,300,105,,scattered clouds,19.77C,60%
2024-08-19 18:06,2.5 км,"ул. Степана Разина, 107","ул. Амундсена, 69",177,177,151,199,300,177,,,,
2024-08-19 18:19,9.1 км,"ул. Шарташская, 9 корпус 3","ул. Аптекарская, 42",257,257,114,199,300,257,,scattered clouds,18.77C,68%
2024-08-19 18:31,5.6 км,"ул. Ломоносова, 59","ул. Уральская, 54",141,141,114,199,300,141,,scattered clouds,18.77C,68%
2024-08-19 18:42,3.1 км,"ул. Куйбышева, 84 корпус 1","ул. Луганская, 6",105,105,114,199,300,105,,scattered clouds,17.77C,72%
2024-08-19 18:53,2.5 км,"ул. Белореченская, 27 корпус 2","ул. Заводская, 17",141,141,177,199,300,141,,,,
2024-08-19 19:04,8.8 км,"ул. Крестинского, 59 корпус 2","ул. Подгорная, 6",249,249,114,199,300,249,,scattered clouds,17.77C,72%
2024-08-19 19:15,6.5 км,"ул. Аптекарская, 50а","ул. Бажова, 225",95,95,114,199,300,95,,,,
2024-08-19 19:27,1.1 км,"ул. Уктусская, 47","ул. Большакова, 149",141,141,114,199,300,141,,,,
2024-08-19 19:51,15.6 км,"ул. Южногорская, 9","ул. Войкова, 88",105,105,114,199,300,105,,,,
2024-08-19 20:04,657.0 м,"ул. Калинина, 35","ул. Фестивальная, 4",95,95,114,199,300,95,,scattered clouds,16.77C,77%
2024-08-19 20:15,4.5 км,"ул. Стахановская, 29","ул. Кимовская, 6",95,95,151,199,300,95,,scattered clouds,16.77C,77%
2024-08-19 20:26,15.1 км,"ул. Стахановская, 53","ул. Латвийская, 49",131,131,125,199,300,131,,,,
2024-08-19 20:36,1.3 км,"ул. Гагарина, 49","ул. Восточная, 164",105,105,114,199,300,105,,,,
2024-08-19 20:47,4.8 км,"ул. Эскадронная, 29","ул. Чайковского, 66",95,95,114,199,300,95,,clear sky,15.77C,82%
2024-08-19 20:58,12.8 км,"пр-кт Академика Сахарова, 75","ул. Кировградская, 65а",95,95,114,199,300,95,,clear sky,14.77C,88%
2024-08-19 21:09,4.9 км,"Черниговский пер., 11","ул. Ирбитская, 71",105,105,114,199,300,105,,,,
2024-08-19 21:22,6.0 км,"ул. Совхозная, 8","ул. Советская, 21",105,105,151,199,300,105,,,,
2024-08-19 21:35,9.3 км,"ул. Верещагина, 14","ул. Уральских рабочих, 41",105,105,114,199,300,105,,few clouds,14.77C,94%
2024-08-19 21:45,14.8 км,"ул. Корепина, 9","ул. Инженерная, 73",195,195,114,199,300,195,,,,
2024-08-19 21:56,7.1 км,"ул. Соликамская, 5","ул. Шейнкмана, 114",113,113,114,199,300,113,,light intensity shower rain,15.77C,94%
2024-08-19 22:07,1.7 км,"ул. Баумана, 22","ул. Стахановская, 45",213,213,125,199,300,213,,,,
2024-08-19 22:18,2.0 км,"ул. Шевченко, 23","ул. Менделеева, 14",195,195,212,199,300,195,,scattered clouds,14.77C,100%
2024-08-19 22:28,8.2 км,"ул. Пальмиро Тольятти, 12А","ул. Ангарская, 50а",221,221,151,199,338,221,,scattered clouds,14.77C,100%
2024-08-19 22:39,6.3 км,"ул. Инженерная, 61","ул. Академика Шварца, 18 корпус 1",95,95,114,199,300,95,,,,
2024-08-19 22:52,3.6 км,"ул. Посадская, 59","ул. Белинского, 220 корпус 3",149,149,114,199,300,149,,,,
2024-08-19 23:05,2.5 км,"ул. Ярославская, 31","ул. Донская, 41",284,284,167,199,300,284,,,,
2024-08-19 23:16,3.2 км,"ул. Ясная, 4","ул. Юмашева, 13",266,266,114,199,376,266,,,,
2024-08-19 23:27,6.7 км,"ул. Бажова, 191","ул. Техническая, 22 корпус 1",392,392,125,199,300,392,,,,
2024-08-19 23:40,4.9 км,"пр-кт Седова, 57","ул. Ильича, 17",95,95,114,199,300,95,,,,
2024-08-19 23:53,10.3 км,"Шадринский пер., 14 корпус 1","ул. Чкалова, 258",231,231,167,199,300,231,,scattered clouds,12.77C,100%
2024-08-20 00:03,4.3 км,"ул. 22 Партсъезда, 14","ул. Смазчиков, 4",177,177,125,199,300,177,,,,
2024-08-20 00:16,3.6 км,"пр-кт Космонавтов, 14 корпус 1","ул. Софьи Перовской, 113а",374,374,114,199,300,374,,clear sky,12.77C,100%
2024-08-20 00:27,10.5 км,"ул. Павла Шаманова, 44","ул. Мира, 5",105,105,114,199,300,105,,,,
2024-08-20 00:38,6.8 км,"ул. Баумана, 24","ул. Куйбышева, 68",149,149,114,199,300,149,,,,
2024-08-20 00:49,6.1 км,"Банковский пер., 8","Черниговский пер., 10",249,249,114,199,300,249,,clear sky,12.77C,100%
2024-08-20 00:59,13.1 км,"ул. Академика Губкина, 81а","ул. Азина, 30",95,95,114,199,300,95,,,,
2024-08-20 01:12,4.3 км,"ул. Вайнера, 9а","ул. Анны Бычковой, 10",257,257,114,199,300,257,,,,
2024-08-20 01:23,4.7 км,"ул. Чапаева, 70а","ул. Энергостроителей, 7",159,159,114,199,300,159,,,,
2024-08-20 01:34,2.3 км,"ул. Селькоровская, 76 корпус 1","ул. Симферопольская, 23",105,105,114,199,300,105,,,,
2024-08-20 01:45,7.1 км,"ул. Фрунзе, 91","ул. Большой Конный п-ов, 4",141,141,114,199,300,141,,clear sky,12.77C,100%
2024-08-20 01:55,6.7 км,"ул. Ткачей, 13","ул. Патриса Лумумбы, 88",149,149,114,235,300,149,,clear sky,12.77C,100%
2024-08-20 02:06,8.5 км,"ул. Расточная, 35","ул. Данилы Зверева, 17а",95,95,141,199,300,95,,clear sky,12.77C,100%
2024-08-20 02:17,5.7 км,"ул. Амундсена, 135","ул. Шаумяна, 102",95,95,114,199,300,95,,,,
2024-08-20 02:30,12.9 км,"ул. Анатолия Мехренцева, 42","ул. Ломоносова, 10",105,105,114,199,300,105,,,,
2024-08-20 02:41,5.4 км,"ул. Грибоедова, 20а","ул. Самолетная, 76а",131,131,177,199,300,131,,clear sky,12.77C,100%
2024-08-20 02:51,4.9 км,"ул. Восстания, 56/2","ул. Учителей, 26",302,302,114,199,300,302,,clear sky,11.77C,100%
2024-08-20 03:02,5.6 км,"ул. Артема, 45А","Буторина пер., 3",95,95,141,199,300,95,,clear sky,11.77C,100%
2024-08-20 03:13,15.5 км,"ул. Яскина, 10","ул. Бебеля, 174",95,95,151,199,300,95,,clear sky,11.77C,100%
2024-08-20 03:24,1.4 км,"пр-кт Ленина, Строение 68","ул. Сони Морозовой, 188",239,239,141,199,300,239,,mist,11.77C,100%
2024-08-20 03:34,8.8 км,"ул. Педагогическая, 7а","ул. Краснолесья, 10/5",428,428,114,199,338,428,,,,
2024-08-20 03:45,12.9 км,"Сухой пер., 1","ул. Бакинских комиссаров, 10",95,95,114,199,300,95,,,,
2024-08-20 03:58,10.9 км,"ул. Белинского, 165","ул. Таганская, 37",105,105,193,199,300,105,,,,
2024-08-20 04:09,11.7 км,"Полевской тракт, 24/2","ул. Серафимы Дерябиной, 31 корпус 1",95,95,114,199,300,95,,,,
2024-08-20 04:22,21.0 км,"ул. 40-летия Октября, 61","ул. Бахчиванджи, 1а",123,123,114,199,300,123,,,,
2024-08-20 04:35,4.2 км,"Замятина пер., 20","ул. Сулимова, 63",95,95,114,199,300,95,,,,
2024-08-20 04:48,6.8 км,"ул. Хохрякова, Сооружение 39","ул. Стахановская, 14",123,123,114,199,300,123,,mist,10.77C,100%
2024-08-20 04:59,7.5 км,"Высокий пер., 4","ул. Симферопольская, 35",95,95,114,199,300,95,,,,
2024-08-20 05:09,6.1 км,"ул. Чердынская, 12","ул. Техническая, 58а",167,167,114,199,300,167,,mist,10.77C,100%
2024-08-20 05:20,17.1 км,"ул. Победы, 53","Высокий пер., 4",213,213,177,199,300,213,,,,
2024-08-20 05:31,3.9 км,"ул. Антона Валека, 24","ул. Ботаническая, 26а",185,185,193,199,300,185,,,,
2024-08-20 05:42,18.5 км,"ул. Бахчиванджи, 19/4","ул. Колмогорова, 56",95,95,114,199,300,95,,mist,10.77C,100%
2024-08-20 05:52,13.1 км,"Сызранский пер., 17","ул. Кузнецова, 8",113,113,141,199,300,113,,mist,9.77C,100%
2024-08-20 06:03,3.3 км,"ул. Московская, 28а","ул. Щорса, 39",141,141,114,199,300,141,,mist,9.77C,100%
2024-08-20 06:14,9.5 км,"ул. Стрелочников, 8","пр-кт Академика Сахарова, 37",195,195,125,199,300,195,,mist,10.77C,100%
2024-08-20 06:25,7.9 км,"ул. Лучистая, 6","ул. 8 Марта, 125",141,141,114,199,300,141,,,,
2024-08-20 06:38,7.9 км,"ул. Мурзинская, 28","ул. Ломоносова, 59",105,105,114,199,300,105,,,,
2024-08-20 06:48,920.1 м,"ул. Уральских рабочих, 67","ул. Восстания, 58А",113,113,151,199,300,113,,mist,10.76C,100%
2024-08-20 06:59,2.7 км,"ул. Куйбышева, 121","ул. Студенческая, 32а",95,95,114,199,300,95,,,,
2024-08-20 07:10,5.1 км,"ул. Братьев Быковых, 5","ул. Коуровская, 26",141,141,114,199,300,141,,mist,11.77C,100%
2024-08-20 07:21,12.4 км,"ул. Лобкова, 50","ул. Щербакова, 5 корпус 4",159,159,193,199,300,159,,,,
2024-08-20 07:34,1.7 км,"ул. Краснолесья, 149","ул. Феофанова, 17",213,213,193,235,300,213,,,,
2024-08-20 07:47,5.3 км,"ул. Черняховского, 51","Каслинский пер., 12",141,141,114,199,300,141,,mist,12.77C,100%
2024-08-20 07:57,4.8 км,"ул. Славянская, 62","ул. Артема, 3",159,159,114,199,300,159,,few clouds,13.77C,100%
2024-08-20 08:08,12.6 км,"Олимпийская наб., 9","ул. Черняховского, 26",95,95,114,199,300,95,,,,
2024-08-20 08:19,3.3 км,"пр-кт Ленина, 44","ул. Данилы Зверева, 7",131,131,114,199,300,131,,few clouds,13.77C,100%
2024-08-20 08:30,10.9 км,"ул. Современников, 9","ул. Автомагистральная, 31",338,338,238,199,300,338,,,,
2024-08-20 08:43,3.6 км,"ул. Амундсена, 54 корпус 2","ул. Латышская, 87",428,428,290,263,376,428,,,,
2024-08-20 08:56,5.6 км,"ул. Академика Бардина, 42","ул. Опалихинская, 16",185,185,204,199,300,185,,,,
2024-08-20 09:06,6.0 км,"ул. Звездная, 3","ул. Куйбышева, 105",239,239,141,199,300,239,,few clouds,14.77C,100%
2024-08-20 09:17,11.1 км,"ул. Прибалтийская, 31/2","ул. Шарташская, 8",356,356,177,199,300,356,,few clouds,15.77C,94%
2024-08-20 09:28,14.0 км,"ул. Симферопольская, 36","пр-кт Орджоникидзе, 18",123,123,290,199,300,123,,,,
2024-08-20 09:39,3.2 км,"ул. Шефская, 30","ул. Культуры, 13",292,292,450,235,300,292,,,,
2024-08-20 09:49,6.4 км,"ул. Черепанова, 30","ул. Новгородцевой, 7",249,249,114,199,300,249,,,,
2024-08-20 10:02,9.9 км,"ул. Билимбаевская, 25 корпус 3","ул. Куйбышева, 80 корпус 2",203,203,141,199,300,203,,few clouds,15.77C,94%
2024-08-20 10:13,4.5 км,"ул. Уральская, 25","ул. Блюхера, 73",95,95,114,199,300,95,,,,
2024-08-20 10:24,11.0 км,"ул. Билимбаевская, 34 корпус 2","ул. Машинная, 1в",177,177,212,199,300,177,,,,
2024-08-20 10:37,11.5 км,"ул. Щорса, 134","ул. Латвийская, 12",95,95,114,199,300,95,,,,
2024-08-20 10:50,8.6 км,"ул. Щербакова, 150","ул. Кольцевая, 30",185,185,212,199,300,185,,,,
2024-08-20 11:03,6.3 км,"ул. Металлургов, 22","ул. Машиностроителей, 67а",95,95,114,199,300,95,,few clouds,16.77C,82%
2024-08-20 11:14,13.0 км,"ул. Зои Космодемьянской, 43","ул. Челюскинцев, 110",123,123,230,199,300,123,,clear sky,17.77C,77%
2024-08-20 11:24,15.5 км,"ул. Ползунова, 34г","Малахитовый пер., 5",167,167,327,199,300,167,,clear sky,17.77C,77%
2024-08-20 11:35,5.0 км,"ул. Ясная, 22","ул. Летчиков, 8",195,195,141,199,300,195,,,,
2024-08-20 11:48,5.3 км,"ул. Профсоюзная, 59","ул. Круговая, 18",149,149,114,199,300,149,,,,
2024-08-20 11:59,6.0 км,"ул. Звездная, 8","ул. Викулова, 43 корпус 1",105,105,193,199,300,105,,clear sky,18.77C,72%
2024-08-20 12:10,9.9 км,"ул. Колмогорова, 73 корпус 4","ул. Аптекарская, 44",141,141,114,199,300,141,,clear sky,18.77C,72%
2024-08-20 12:20,7.0 км,"ул. 40-летия Октября, 65","ул. Тимирязева, 13",141,141,114,199,300,141,,scattered clouds,18.77C,72%
2024-08-20 12:31,1.9 км,"ул. Артинская, 31","ул. Машиностроителей, 37",159,159,125,199,300,159,,,,
2024-08-20 12:44,8.9 км,"мкр. Светлый, 2","ул. Мира, 1-б",141,141,114,199,300,141,,scattered clouds,18.77C,72%
2024-08-20 12:55,10.0 км,"пр-кт Космонавтов, 78б","ул. Белореченская, 13 корпус 4",123,123,167,219,300,123,,scattered clouds,19.77C,68%
2024-08-20 13:06,7.5 км,"ул. Машиностроителей, 24","ул. Восточная, 166а",195,195,151,199,300,195,,,,
2024-08-20 13:19,11.5 км,"ул. Раевского, 14","ул. Эскадронная, 5А",257,257,151,199,300,257,,,,
2024-08-20 13:32,15.8 км,"ул. Самаркандская, 20","ул. Энтузиастов, 32б",95,95,114,199,300,95,,few clouds,19.77C,64%
2024-08-20 13:42,3.1 км,"ул. Бабушкина, 31","ул. Данилы Зверева, 28",203,203,193,199,300,203,,,,
2024-08-20 13:55,4.7 км,"ул. Круговая, 19","ул. Газетная, 38",113,113,114,199,300,113,,few clouds,19.77C,60%
2024-08-20 14:06,8.3 км,"ул. Павла Шаманова, 6","ул. Некрасова, 12",131,131,114,199,300,131,,,,
2024-08-20 14:17,5.2 км,"ул. Цвиллинга, 20","Коллективный пер., 5",113,113,114,199,300,113,,,,
2024-08-20 14:28,10.1 км,"ул. Малышева, 129","ул. Грибоедова, 14",149,149,114,199,300,149,,,,
2024-08-20 14:39,7.1 км,"ул. Водная, 15","ул. Бахчиванджи, 19/6",231,231,114,199,300,231,,,,
2024-08-20 14:51,6.5 км,"ул. Онежская, 2а","Парковый пер., 8",145,145,114,199,300,145,,,,
2024-08-20 15:04,3.0 км,"пр-кт Космонавтов, 97","ул. Ткачей, 16",95,95,114,199,300,95,,,,
2024-08-20 15:15,7.4 км,"ул. Бебеля, 172А","ул. Малышева, 129",95,195,174,239,300,175,,few clouds,21.77C,49%
2024-08-20 15:26,5.8 км,"ул. Ломоносова, 28","ул. Соликамская, 7",95,195,174,239,300,175,,few clouds,21.77C,53%
2024-08-20 15:37,8.8 км,"ул. Парниковая, 10","ул. Вишневая, 49",95,195,174,239,300,175,,few clouds,21.77C,53%
2024-08-20 15:48,10.0 км,"ул. Викулова, 63 корпус 3","ул. Красных командиров, 72",95,195,174,239,300,175,,,,
2024-08-20 16:00,10.0 км,"ул. Селькоровская, 108","ул. Библиотечная, 46",95,195,174,239,300,175,,,,
2024-08-20 16:11,2.1 км,"пр-кт Космонавтов, 80 корпус 6","ул. Мичурина, 101",95,195,174,239,300,175,,few clouds,21.77C,53%
2024-08-20 16:22,6.4 км,"Выходной пер., 5 корпус 9","ул. Академика Шварца, 20 корпус 3",95,195,174,239,300,175,,,,
2024-08-20 16:35,8.4 км,"ул. Начдива Онуфриева, 8","ул. Расточная, 17 корпус 2",95,195,174,239,300,175,,few clouds,20.77C,56%
2024-08-20 16:48,5.4 км,"пр-кт Космонавтов, 9а","ул. Культуры, 4",95,195,174,239,300,175,,few clouds,20.77C,56%
2024-08-20 16:58,6.2 км,"ул. Шевченко, 20","ул. Сортировочная, 11",95,195,174,239,300,175,,few clouds,21.77C,53%
2024-08-20 17:09,10.3 км,"ул. Донбасская, 8","ул. Чкалова, 137",95,95,114,199,300,95,,,,
2024-08-20 17:20,2.6 км,"ул. Советская, 9","ул. Вишневая, 53",95,195,174,239,300,175,,few clouds,20.77C,60%
2024-08-20 17:31,16.8 км,"ул. Энтузиастов, 27","ул. Инженерная, 26",185,185,125,199,300,185,,,,
2024-08-20 17:44,2.5 км,"ул. Советская, 18","ул. Тюменская, 20",95,195,174,239,300,175,,,,
2024-08-20 17:57,9.4 км,"ул. Вилонова, 24","Рижский пер., 8а",95,195,174,239,300,175,,,,
2024-08-20 18:07,719.1 м,"ул. Белинского, 177","ул. Белинского, 220 корпус 9",95,195,174,239,300,175,,light rain,20.77C,64%
2024-08-20 18:18,3.9 км,"ул. Народной воли, 43а","ул. Родонитовая, 2 корпус 2",95,195,174,239,300,175,,,,
2024-08-20 18:29,6.3 км,"ул. Калинина, 7","ул. Сакко и Ванцетти, 57",95,95,114,199,300,95,,,,
2024-08-20 18:40,6.7 км,"ул. Родонитовая, 26","ул. Ялунинская, 4",95,195,174,239,300,175,,,,
2024-08-20 18:50,11.5 км,"ул. Амундсена, 135","ул. Комсомольская, 14",95,195,174,239,300,175,,,,
2024-08-20 19:01,6.3 км,"ул. Посадская, 37","Короткий пер., 5 корпус 1",95,195,174,239,300,175,,light rain,19.77C,68%
2024-08-20 19:12,11.0 км,"ул. Щорса, 37","ул. Ломоносова, 73",95,195,174,239,300,175,,,,
2024-08-20 19:25,1.0 км,"ул. Менделеева, 29","ул. Уральская, 68 корпус 1",131,131,125,199,300,131,,light rain,18.77C,72%
2024-08-20 19:36,12.8 км,"ул. Вали Котика, 11а","ул. Павла Шаманова, 28",113,113,114,199,300,113,,,,
2024-08-20 19:49,6.9 км,"ул. Чапаева, 70а","ул. Софьи Перовской, 104",95,195,174,239,300,175,,light rain,18.77C,72%
2024-08-20 19:59,9.6 км,"ул. Белинского, 78","ул. Латвийская, 58",95,195,174,239,300,175,,light rain,18.77C,72%
2024-08-20 20:10,7.4 км,"ул. Войкова, 90","ул. Гагарина, 59",95,195,174,239,300,175,,,,
2024-08-20 20:21,8.5 км,"ул. 40-летия Октября, 17","ул. 8 Марта, 86",95,195,174,239,300,175,,light rain,17.77C,77%
2024-08-20 20:32,3.9 км,"ул. Прониной, 26а","ул. Степана Разина, 128",95,195,174,239,300,175,,,,
2024-08-20 20:42,10.4 км,"ул. Расточная, 35","ул. Павла Шаманова, 16",167,167,114,199,300,167,,,,
2024-08-20 20:55,7.6 км,"ул. Заводская, 47 корпус 2","Сухумский пер., 6",95,195,174,239,300,175,,,,
2024-08-20 21:06,7.9 км,"ул. Даниловская, 2в","ул. Восточная, 172",95,195,174,239,300,175,,scattered clouds,16.77C,88%
2024-08-20 21:17,7.7 км,"ул. Красных борцов, 12","ул. Гурзуфская, 25а",95,95,114,199,300,95,,scattered clouds,16.77C,88%
2024-08-20 21:28,6.6 км,"ул. Педагогическая, 5","ул. Братская, 4А",95,195,174,239,300,175,,,,
2024-08-20 21:41,4.9 км,"ул. Братская, 27 корпус 3","ул. Серафимы Дерябиной, 30б",95,195,174,239,300,175,,,,
2024-08-20 21:51,7.0 км,"ул. Хрустальногорская, 93","ул. Авиационная, 61 корпус 2",95,195,174,239,300,175,,,,
2024-08-20 22:02,4.5 км,"ул. Московская, 76","Шадринский пер., 18",95,195,174,239,300,175,,scattered clouds,16.77C,88%
2024-08-20 22:13,7.3 км,"ул. 8 Марта, 4","ул. Ломоносова, 61",95,195,174,239,300,175,,,,
2024-08-20 22:26,5.2 км,"Красный пер., 6","ул. Сыромолотова, 9",95,195,174,239,300,175,,scattered clouds,15.77C,94%
2024-08-20 22:39,1.2 км,"Высокий пер., 4","ул. Косарева, 15",95,195,174,239,300,175,,scattered clouds,15.77C,94%
2024-08-20 22:49,5.7 км,"ул. Луначарского, 34","ул. Серафимы Дерябиной, 35",95,195,174,239,300,175,,,,
2024-08-20 23:02,2.9 км,"ул. Мельковская, 13","ул. Уральская, 50",95,195,174,239,300,175,,,,
2024-08-20 23:13,4.7 км,"ул. Серафимы Дерябиной, 13","ул. Павла Шаманова, 17",95,195,174,239,300,175,,scattered clouds,16.77C,88%
2024-08-20 23:24,6.9 км,"ул. Корепина, 45а","Гаринский пер., 3",203,203,114,199,300,203,,scattered clouds,15.77C,94%
2024-08-20 23:34,7.6 км,"ул. Большакова, 22 корпус 4","ул. Баумана, 13",95,195,174,239,300,175,,scattered clouds,15.77C,94%
2024-08-20 23:45,6.7 км,"ул. Пилотная, 3","ул. Николая Островского, 5",231,231,114,199,300,231,,scattered clouds,15.77C,94%
2024-08-20 23:58,8.6 км,"ул. Московская, 37","ул. Кобозева, 120",,,,,,,,,,
2024-08-21 00:11,12.7 км,"ул. Серафимы Дерябиной, 19 корпус 2","ул. Синарская, 58Б",95,195,174,239,300,175,,scattered clouds,15.77C,94%
2024-08-21 00:22,13.4 км,"ул. Агрономическая, 26","ул. Техническая, 152",95,95,114,199,300,95,,clear sky,15.77C,94%
2024-08-21 00:32,22.6 км,"ул. Маневровая, 12","ул. Бахчиванджи, 11",113,113,141,199,300,113,,clear sky,15.77C,94%
2024-08-21 00:43,2.5 км,"ул. Машинистов, 19а","ул. Уральская, 2",221,221,114,199,300,221,,,,
2024-08-21 00:56,3.0 км,"ул. Московская, 9","ул. Мичурина, 108",257,257,114,199,300,257,,,,
2024-08-21 01:09,1.7 км,"ул. Кировградская, 21","ул. Коммунистическая, 8",149,149,177,199,300,149,,,,
2024-08-21 01:22,9.5 км,"ул. Амундсена, 53","Суворовский пер., 12",105,105,114,199,300,105,,clear sky,15.77C,94%
2024-08-21 01:33,5.0 км,"ул. Счастливая, 8","ул. Анатолия Мехренцева, 36",95,95,114,199,300,95,,clear sky,15.77C,94%
2024-08-21 01:43,13.2 км,"Короткий пер., 24","ул. Бакинских комиссаров, 16",95,95,114,199,300,95,,clear sky,15.77C,94%
2024-08-21 01:54,5.0 км,"ул. Чкалова, 131","Каслинский пер., 10",123,123,167,199,300,123,,clear sky,14.77C,94%
2024-08-21 02:05,8.7 км,"Олимпийская наб., 9/2","ул. Удельная, 7",195,195,114,199,300,195,,,,
2024-08-21 02:16,1.9 км,"ул. Мамина-Сибиряка, 51","ул. Советская, 47г",123,123,114,199,300,123,,,,
2024-08-21 02:29,4.8 км,"ул. Армавирская, 19","ул. Бакинских комиссаров, 100",185,185,125,199,300,185,,,,
2024-08-21 02:39,13.1 км,"ул. Павла Шаманова, 60","пр-кт Космонавтов, 29б",95,95,114,199,300,95,,clear sky,14.77C,94%
2024-08-21 02:50,6.3 км,"ул. 40-летия Октября, 28","ул. Искровцев, 31",105,105,114,199,300,105,,,,
2024-08-21 03:03,15.9 км,"ул. Селькоровская, 72","ул. Красных командиров, 75",131,131,114,199,300,131,,,,
2024-08-21 03:14,8.3 км,"ул. Удельная, 8","Рабочей молодежи наб., 1",95,95,114,199,300,95,,clear sky,13.77C,100%
2024-08-21 03:25,11.2 км,"Теплогорский пер., 14","ул. Волгоградская, 226",231,231,114,199,300,231,,,,
2024-08-21 03:35,8.0 км,"ул. Мамина-Сибиряка, 59","ул. Академика Вонсовского, 75",95,95,114,199,300,95,,clear sky,13.77C,100%
2024-08-21 03:46,3.0 км,"Саперов пер., 5","ул. Николая Никонова, 18",123,123,114,199,300,123,,,,
2024-08-21 03:57,2.8 км,"ул. Соболева, 19","ул. Крауля, 82",95,95,238,199,300,95,,clear sky,13.77C,94%
2024-08-21 04:08,997.0 м,"ул. Ильича, 9","ул. Кузнецова, 12а",95,95,114,199,300,95,,clear sky,13.77C,94%
2024-08-21 04:19,4.6 км,"ул. Просторная, 73в","ул. Мира, 44-б",348,348,212,199,300,348,,clear sky,13.77C,94%
2024-08-21 04:29,10.9 км,"ул. Саввы Белых, 35","ул. Уральских рабочих, 53 Строение а",159,159,204,199,300,159,,,,
2024-08-21 04:40,13.7 км,"ул. Бахчиванджи, 13а","ул. Тверитина, 11",95,95,114,199,300,95,,clear sky,13.77C,94%
2024-08-21 04:51,7.6 км,"ул. 8 Марта, 4","Замятина пер., 38 корпус 1",123,123,114,199,300,123,,,,
2024-08-21 05:02,1.8 км,"ул. Февральской революции, Строение 15","ул. Розы Люксембург, 40",123,123,125,199,300,123,,clear sky,12.7C,100%
2024-08-21 05:12,2.6 км,"ул. Кировградская, 63а","пр-кт Космонавтов, 31",105,105,264,199,300,105,,,,
2024-08-21 05:23,3.4 км,"ул. Сулимова, 28а","ул. Толмачева, 13",348,348,114,199,300,348,,,,
2024-08-22 10:26,13.2 км,"ул. Агрономическая, 18","ул. Баумана, 46",221,221,290,199,300,221,,,,
2024-08-22 10:36,5.6 км,"ул. 40-летия Октября, 86","ул. Восточная, 14",141,141,141,199,300,141,,,,
2024-08-22 10:47,13.1 км,"ул. Зенитчиков, 16","ул. 40-летия Октября, 17",221,221,301,283,300,221,,light intensity shower rain,13.77C,100%
2024-08-22 10:58,2.2 км,"ул. Восточная, 166а","ул. Толмачева, 25",113,113,114,199,300,113,,,,
2024-08-22 11:09,5.4 км,"ул. Ангарская, 38","ул. Ереванская, 4А",185,185,141,199,300,185,,light intensity shower rain,13.77C,100%
2024-08-22 11:19,19.7 км,"ул. Стартовая, 20","ул. Энтузиастов, 30",95,95,114,199,300,95,,light intensity shower rain,13.77C,100%
2024-08-22 11:30,344.2 м,"ул. Коммунистическая, 117","ул. Бакинских комиссаров, 127",149,149,193,199,300,149,,light intensity shower rain,13.77C,100%
2024-08-22 11:41,8.1 км,"ул. Маневровая, 23","ул. Гагарина, 7",141,141,151,199,300,141,,light intensity shower rain,13.77C,100%
2024-08-22 11:52,13.1 км,"ул. 22 Партсъезда, 4","ул. Рощинская, 48",95,95,114,199,300,95,,,,
2024-08-22 12:05,5.6 км,"ул. Агрономическая, 40А","ул. Белореченская, 13 корпус 1",131,131,238,199,300,131,,light intensity shower rain,14.77C,100%
2024-08-22 12:15,7.4 км,"ул. Таватуйская, 5","ул. Данилы Зверева, 7б",113,113,114,199,300,113,,light intensity shower rain,14.77C,100%
2024-08-22 12:26,1.1 км,"пр-кт Орджоникидзе, 26","ул. Бакинских комиссаров, 127",95,95,317,199,300,95,,,,
2024-08-22 12:39,13.4 км,"ул. Бакинских комиссаров, 40","Каслинский пер., 6",131,131,230,199,300,131,,light intensity shower rain,14.77C,100%
2024-08-22 12:50,8.6 км,"ул. Чкалова, 119","ул. Маневровая, 19",113,113,151,199,300,113,,light intensity shower rain,14.77C,100%
2024-08-22 13:01,5.7 км,"ул. Мичурина, 237а корпус 5","ул. Готвальда, 21 корпус 3",113,113,114,199,300,113,,,,
2024-08-22 13:11,2.7 км,"ул. Армавирская, 26а","ул. 40-летия Октября, 26",105,105,114,199,300,105,,,,
2024-08-22 13:22,7.0 км,"ул. Николая Никонова, 6","ул. Кунарская, 18",95,95,151,199,300,95,,,,
2024-08-22 13:35,6.0 км,"пр-кт Седова, 48а","ул. Баумана, 16",213,213,151,199,300,213,,light intensity shower rain,14.77C,100%
2024-08-22 13:46,8.6 км,"ул. Сулимова, 30","ул. Билимбаевская, 30",274,274,151,199,300,274,,light intensity shower rain,14.77C,100%
2024-08-22 13:57,3.8 км,"ул. Крауля, 75 корпус 1","ул. Крупносортщиков, 10",185,185,114,199,300,185,,light intensity shower rain,14.77C,100%
2024-08-22 14:08,11.8 км,"ул. Дошкольная, 2","ул. Черкасская, 41",366,366,114,199,300,366,,light intensity shower rain,14.77C,100%
2024-08-22 14:18,14.2 км,"ул. Коммунистическая, 2","ул. Краснолесья, 14 корпус 3",159,159,238,199,300,159,,light rain,15.77C,94%
2024-08-22 14:29,10.9 км,"ул. Комсомольская, 6а","Обходной пер., 29",131,131,114,199,300,131,,,,
2024-08-22 14:42,5.9 км,"ул. Академика Бардина, 15","ул. Просторная, 83",159,159,167,199,300,159,,overcast clouds,15.76C,94%
2024-08-22 14:53,4.6 км,"ул. Гурзуфская, 9в","ул. Мира, 33",95,95,114,199,300,95,,,,
2024-08-22 15:03,5.2 км,"Сибирский тракт 9 км., 107","ул. Машинная, 31в",95,95,167,199,300,95,,broken clouds,15.77C,94%
2024-08-22 15:14,17.4 км,"пр-кт Космонавтов, 93","ш. Елизаветинское, 10",113,113,343,383,300,113,,broken clouds,15.77C,94%
2024-08-22 15:25,4.3 км,"ул. Новгородцевой, 5 корпус 3","ул. Шолохова, 2/3",131,131,193,199,300,131,,,,
2024-08-22 15:36,2.1 км,"ул. Победы, 30","пр-кт Космонавтов, 81",95,95,114,199,300,95,,,,
2024-08-22 15:47,3.3 км,"ул. Комсомольская, 57а","ул. Пушкина, 7",141,141,114,199,300,141,,light rain,15.77C,94%
2024-08-22 15:57,8.7 км,"ул. Сыромолотова, 12","пр-кт Космонавтов, 57",131,131,114,199,300,131,,light rain,16.77C,88%
2024-08-22 16:08,4.5 км,"ул. Академика Шварца, 18 корпус 3","ул. Гоголя, Строение 18",113,113,114,199,300,113,,light rain,16.77C,88%
2024-08-22 16:19,2.4 км,"ул. Шишимская, 17","ул. Патриса Лумумбы, 31а",141,141,114,199,300,141,,,,
2024-08-22 16:30,5.9 км,"ул. 8 Марта, 179б","ул. Бисертская, 36",105,105,114,199,300,105,,,,
2024-08-22 16:40,8.8 км,"ул. Уктусская, 35","ул. Таватуйская, 25 корпус 2",141,141,114,199,300,141,,light rain,16.77C,88%
2024-08-22 16:51,5.8 км,"ул. Щорса, 94","ул. Комсомольская, 8",123,123,114,199,300,123,,,,
2024-08-22 17:04,2.5 км,"ул. Мичурина, 216","ул. Сурикова, 50",195,195,204,283,300,195,,,,
2024-08-22 17:15,1.4 км,"ул. Гурзуфская, 23","ул. Ясная, 32 корпус 3",213,213,212,199,414,213,,,,
2024-08-22 17:28,19.2 км,"ул. Ползунова, 1в","ул. Круговая, 28",312,312,125,199,300,312,,,,
2024-08-22 17:41,13.1 км,"ул. Евгения Савкова, 15","ул. Профсоюзная, 18",123,123,151,199,300,123,,light rain,18.77C,77%
2024-08-22 17:52,6.1 км,"ул. Академика Бардина, 27","Транспортников пер., 3",302,302,114,199,414,302,,light intensity shower rain,15.77C,94%
2024-08-22 18:02,12.4 км,"ул. Данилы Зверева, 10","ул. Инженерная, 35",213,213,151,199,300,213,,thunderstorm,15.77C,94%
2024-08-22 18:13,5.3 км,"ул. Смазчиков, 2","ул. Фрунзе, 71",123,123,114,199,300,123,,thunderstorm,15.77C,94%
2024-08-22 18:24,2.7 км,"Денисова-Уральского б-р, 16","ул. Белореченская, 24 корпус 1",221,221,167,199,338,221,,thunderstorm,16.77C,88%
2024-08-22 18:35,7.5 км,"ул. Академика Бардина, 31","ул. Новгородцевой, 11б",203,203,177,247,300,203,,,,
2024-08-22 18:45,4.2 км,"ул. Энергостроителей, 4/2","пр-кт Седова, 53",131,131,114,199,300,131,,,,
2024-08-22 18:56,1.8 км,"Суворовский пер., 16","ул. Ильича, 12",131,131,125,199,300,131,,light rain,16.77C,88%
2024-08-22 19:07,4.5 км,"ул. Июльская, 39 корпус 2","ул. Войкова, 27",131,131,114,199,300,131,,,,
2024-08-22 19:20,3.3 км,"ул. Пушкина, 4","Курьинский пер., 8",177,177,141,199,300,177,,light rain,16.77C,88%
2024-08-22 19:31,7.1 км,"ул. Бабушкина, 6а","Сиреневый б-р, 15",95,95,114,199,300,95,,,,
2024-08-22 19:41,,"ул. Красных борцов, 19",,95,95,114,199,300,95,,,,
2024-08-22 19:52,8.5 км,"Сиреневый б-р, 16","ул. Кобозева, 114а",95,95,114,199,300,95,,,,
2024-08-22 20:05,8.4 км,"ул. Красноуральская, 22","ул. Щербакова, 47",113,113,114,199,300,113,,,,
2024-08-22 20:16,10.5 км,"ул. Чайковского, 88 корпус 1","ул. Кировградская, 13",131,131,125,199,300,131,,light rain,15.77C,88%
2024-08-22 20:27,6.0 км,"ул. Ферганская, 1","ул. Белореченская, 3а",105,105,114,199,300,105,,light rain,15.77C,82%
2024-08-22 20:37,785.7 м,"ул. Красных партизан, 8","ул. Индустрии, 27",113,113,114,199,300,113,,,,
2024-08-22 20:48,9.8 км,"ул. Луначарского, 171","ул. Самаркандская, 25",249,249,193,199,300,249,,scattered clouds,15.77C,82%
2024-08-22 20:59,2.2 км,"ул. Красных борцов, 5а","пр-кт Космонавтов, 80",113,113,114,199,300,113,,scattered clouds,15.77C,82%
2024-08-22 21:10,1.4 км,"ул. Уральских рабочих, 41","ул. Красных командиров, 16",95,95,114,199,300,95,,scattered clouds,15.77C,82%
2024-08-22 21:21,12.7 км,"ул. Амбулаторная, 4","ул. Сыромолотова, 26 корпус 3",95,95,114,199,300,95,,scattered clouds,14.77C,88%
2024-08-22 21:31,843.0 м,"ул. Малышева, 15","ул. Маршала Жукова, 11",185,185,114,199,300,185,,,,
2024-08-22 21:44,2.6 км,"ул. Декабристов, 45","ул. Попова, 25",167,167,167,199,300,167,,,,
2024-08-22 21:57,6.9 км,"ул. Ильича, 71а","пр-кт Ленина, 54 корпус 2",95,95,141,199,300,95,,clear sky,14.77C,88%
2024-08-22 22:08,1.7 км,"ул. Красных борцов, 5","ул. Уральских рабочих, 75",141,141,114,199,300,141,,clear sky,14.77C,88%
2024-08-22 22:19,4.8 км,"ул. Патриса Лумумбы, 29б","ул. Цвиллинга, 7а/2",105,105,114,199,300,105,,clear sky,13.77C,94%
2024-08-22 22:30,6.6 км,"ул. Металлургов, 20","Базовый пер., 52",195,195,125,199,300,195,,,,
2024-08-22 22:40,7.8 км,"ул. Академика Бардина, 23","ул. Коуровская, 11",113,113,114,199,300,113,,clear sky,13.77C,94%
2024-08-22 22:51,4.5 км,"ул. Татищева, 92","ул. Челюскинцев, 110",123,123,114,199,300,123,,clear sky,13.77C,94%
2024-08-22 23:02,3.4 км,"ул. Техническая, 14 корпус 2","ул. Азина, 55",95,95,167,219,300,95,,clear sky,13.7C,94%
2024-08-22 23:13,10.9 км,"ул. Черняховского, 52а","ул. Софьи Ковалевской, Строение 8",95,95,114,199,300,95,,clear sky,13.77C,94%
2024-08-22 23:24,17.1 км,"Шамарский пер., 1","Замятина пер., 38 корпус 2",141,141,114,199,300,141,,,,
2024-08-22 23:36,2.3 км,"пр-кт Космонавтов, 11в","ул. Краснофлотцев, 1г",213,213,114,199,300,213,,,,
2024-08-22 23:49,2.1 км,"ул. Пушкина, 8","ул. Хомякова, 16",177,177,114,199,300,177,,clear sky,13.77C,94%
2024-08-23 00:00,13.6 км,"ул. Даниловская, 46","ул. Дарвина, 2",141,141,114,199,300,141,,,,
2024-08-23 00:11,12.3 км,"ул. Родонитовая, 20а","ул. Ильича, 71а",149,149,114,199,300,149,,,,
2024-08-23 00:24,15.6 км,"ул. Прибалтийская, 35","пр-кт Академика Сахарова, 45",95,95,114,199,300,95,,few clouds,13.77C,94%
2024-08-23 00:35,1.0 км,"Курьинский пер., 6","ул. Владимира Высоцкого, 5",123,123,114,199,300,123,,,,
2024-08-23 00:48,1.6 км,"ул. Сулимова, 39","ул. Луначарского, 33",95,95,114,199,300,95,,few clouds,13.77C,94%
2024-08-23 00:58,4.9 км,"ул. Красных борцов, 11","ул. Сортировочная, 12",95,95,114,199,300,95,,,,
2024-08-23 01:09,12.5 км,"ул. Славянская, 33","ул. Папанина, 4",95,95,114,199,300,95,,,,
2024-08-23 01:22,9.6 км,"ул. 22 Партсъезда, 9","ул. Машинная, 44 корпус 1",185,185,114,199,300,185,,scattered clouds,13.77C,94%
2024-08-23 01:33,9.3 км,"ул. Конотопская, 6","ул. Листопадная, 1",131,131,114,199,300,131,,scattered clouds,13.77C,94%
2024-08-23 01:44,11.7 км,"ул. Посадская, 44 корпус 1","ул. Латвийская, 48/1",149,149,114,199,300,149,,scattered clouds,14.77C,88%
2024-08-23 01:54,2.8 км,"ул. Малышева, 84","ул. Мира, 1г",131,131,114,199,300,131,,,,
2024-08-23 02:07,15.1 км,"ул. Кольцевая, 29","пр-кт Космонавтов, 69",95,95,114,199,300,95,,,,
2024-08-23 02:20,4.0 км,"ул. Фрунзе, 102а","ул. Самолетная, 43",123,123,114,199,300,123,,,,
2024-08-23 02:33,8.7 км,"пр-кт Академика Сахарова, 68","ул. Софьи Перовской, 101",95,95,114,199,300,95,,,,
2024-08-23 02:44,3.2 км,"ул. Академика Шварца, 20 корпус 4","ул. Фурманова, 122",231,231,193,199,300,231,,scattered clouds,13.77C,94%
2024-08-23 02:55,4.9 км,"ул. Пальмиро Тольятти, 24","ул. Краснолесья, 127",113,113,114,199,300,113,,,,
2024-08-23 03:06,706.5 м,"ул. Академика Шварца, 2 корпус 1","ул. Родонитовая, 8",95,95,114,199,300,95,,,,
2024-08-23 03:19,5.5 км,"ул. Восточная, 22","ул. Таганская, 24 корпус 2",374,374,114,199,300,374,,,,
2024-08-23 03:32,6.6 км,"ул. Комсомольская, 6в","ул. Калинина, 73",177,177,114,199,300,177,,,,
2024-08-23 03:44,6.7 км,"ул. Сулимова, 61","ул. Металлургов, 40 корпус 2",231,231,114,199,300,231,,,,
2024-08-23 03:55,4.9 км,"ул. Ясная, 34 корпус 2","Сибирский тракт, 5 корпус 2",113,113,125,199,300,113,,,,
2024-08-23 04:06,2.5 км,"ул. Тверитина, 34","ул. Московская, 80а",159,159,204,235,300,159,,scattered clouds,13.77C,88%
2024-08-23 04:17,292.3 м,"ул. Академика Бардина, 39","ул. Академика Бардина, 33",149,149,114,199,300,149,,scattered clouds,13.77C,88%
2024-08-23 04:28,2.3 км,"ул. 8 Марта, 179","ул. Военная, 7а",105,105,204,199,300,105,,,,
2024-08-23 04:38,7.3 км,"ул. Симферопольская, 28","ул. Мамина-Сибиряка, 177",249,249,212,199,300,249,,,,
2024-08-23 04:51,7.4 км,"ул. Уральских рабочих, 63","ул. Заводская, 15а корпус 5",105,105,114,199,300,105,,,,
2024-08-23 05:04,6.7 км,"Красный пер., 5 корпус 2","ул. Крестинского, 59 корпус 2",113,113,114,199,300,113,,,,
2024-08-23 05:17,1.6 км,"Калиновский пер., 13","ул. Войкова, 84",95,95,114,199,300,95,,scattered clouds,13.77C,88%
2024-08-23 05:28,3.6 км,"ул. Лобкова, 36","ул. Кировградская, 51а",149,149,256,199,300,149,,scattered clouds,12.77C,94%
2024-08-23 05:39,15.2 км,"ул. Бакинских комиссаров, 107","ул. Рощинская, 72а",257,257,114,199,300,257,,,,
2024-08-23 05:50,10.5 км,"ул. Белореченская, 15 корпус 2","ул. Дагестанская, 8",95,95,114,199,300,95,,scattered clouds,12.77C,88%
2024-08-23 06:00,8.6 км,"ул. Малышева, 116","ул. Народного фронта, 85 корпус 1",95,95,114,199,300,95,,scattered clouds,12.77C,88%
2024-08-23 06:11,5.6 км,"ул. Репина, 60а","ул. Академика Шварца, 12 корпус 2",95,95,114,199,300,95,,,,
2024-08-23 06:24,3.9 км,"ул. Красных командиров, 1","ул. Боровая, 29",159,159,193,199,300,159,,clear sky,12.77C,88%
2024-08-23 06:35,8.0 км,"ул. Профсоюзная, 61","ул. Большакова, Строение 13а",257,257,177,199,300,257,,,,
2024-08-23 06:48,5.6 км,"ул. Блюхера, 18","ул. Фрезеровщиков, 34",195,195,114,199,300,195,,,,
2024-08-23 07:01,6.7 км,"ул. Мамина-Сибиряка, 2а","Денисова-Уральского б-р, 16",213,213,114,199,338,213,,clear sky,12.77C,88%
2024-08-23 07:12,13.2 км,"ул. Учителей, 12","ул. Селькоровская, 108",221,221,114,199,338,221,,clear sky,12.77C,88%
2024-08-23 07:22,5.8 км,"ул. Минометчиков, 44","ул. Московская, 75",203,203,167,199,300,203,,clear sky,11.77C,94%
2024-08-23 07:33,4.1 км,"ул. Отто Шмидта, 66","Рабочей молодежи наб., 46",149,149,114,199,300,149,,,,
2024-08-23 07:44,6.0 км,"ул. Водонасосная, 25","ул. Малышева, 17а",284,284,125,199,300,284,,,,
2024-08-23 07:55,7.4 км,"ул. Студенческая, 42а","ул. Донбасская, 6",167,167,114,199,300,167,,clear sky,12.77C,88%
2024-08-23 08:05,7.3 км,"ул. Старых Большевиков, 86","ул. Малышева, 160",131,131,114,199,300,131,,,,
2024-08-23 08:18,14.1 км,"ул. Молотобойцев, 14","ул. Электриков, 16а",249,249,193,199,300,249,,clear sky,12.77C,88%
2024-08-23 08:29,4.6 км,"ул. Стрелочников, 28","ул. Старых Большевиков, 28",213,213,167,199,338,213,,,,
2024-08-23 08:40,11.0 км,"ул. 8 Марта, 57","пр-кт Космонавтов, 108а",167,167,125,235,338,167,,,,
2024-08-23 08:53,6.6 км,"ул. Новаторов, 8 корпус 2","ул. Студенческая, 6а",177,177,204,199,300,177,,clear sky,13.77C,82%
2024-08-23 09:04,7.4 км,"ул. Декабристов, 6","ул. Машиностроителей, 49",105,105,114,199,300,105,,,,
2024-08-23 09:14,4.5 км,"ул. Декабристов, 51","ул. Агрономическая, 5а",95,95,125,199,300,95,,,,
2024-08-23 09:27,6.1 км,"ул. Чердынская, 4","ул. Гагарина, 20",284,284,125,199,300,284,,,,
2024-08-23 09:40,7.4 км,"ул. Садовая, 7","ул. Огарева, 22",410,410,151,199,300,410,,,,
2024-08-23 09:51,15.5 км,"ул. Амундсена, 54 корпус 2","ул. Бахчиванджи, 1а",177,177,141,199,300,177,,,,
2024-08-23 10:02,8.1 км,"ул. Июльская, 16","ул. Академика Бардина, 15",95,95,114,199,300,95,,clear sky,14.77C,77%
2024-08-23 10:13,11.3 км,"ул. Свердлова, 22","ул. Яскина, 12",95,95,114,199,300,95,,,,
2024-08-23 10:26,6.4 км,"пр-кт Ленина, 54 корпус 2","ул. Артема, 3",95,95,114,199,300,95,,clear sky,15.77C,72%
2024-08-23 10:36,3.5 км,"ул. Бажова, 225","ул. Советская, 44",95,95,125,199,300,95,,clear sky,15.77C,72%
2024-08-23 10:47,5.7 км,"ул. Первомайская, 24в","ул. Корепина, 45а",95,95,114,199,300,95,,scattered clouds,15.77C,72%
2024-08-23 10:58,1.1 км,"ул. Калинина, 79","ул. Бакинских комиссаров, 113",203,203,167,199,300,203,,scattered clouds,15.77C,72%
2024-08-23 11:09,4.5 км,"ул. Ольховская, 25 корпус 1","ул. Шейнкмана, 100",131,131,114,199,300,131,,,,
2024-08-23 11:36,9.3 км,"ул. Белореченская, 10","ул. Шефская, 59",131,131,141,199,300,131,,,,
2024-08-23 11:49,5.4 км,"ул. Чкалова, 239","ул. Селькоровская, 100 корпус 2",257,257,290,219,300,257,,,,
2024-08-23 12:02,8.4 км,"ул. 40-летия Октября, 21","ул. Бережная, 4",177,177,212,199,300,177,,,,
2024-08-23 12:13,1.0 км,"ул. Баумана, 29б","ул. Красных командиров, 128",185,185,238,283,300,185,,,,
2024-08-23 12:24,13.1 км,"ул. Нагорная, 46 корпус А","ул. Фабричная, 38",185,185,125,199,300,185,,broken clouds,17.77C,63%
2024-08-23 12:34,4.0 км,"ул. Антона Валека, 12","ул. Циолковского, 30",167,167,167,199,300,167,,broken clouds,17.77C,63%
2024-08-23 12:45,11.4 км,"ул. 22 Партсъезда, 5","ул. Академика Вонсовского, 75",177,177,353,199,300,177,,broken clouds,17.77C,63%
2024-08-23 12:56,8.1 км,"пр-кт Космонавтов, Сооружение 92а","ул. Академика Парина, 38",239,239,327,199,300,239,,broken clouds,17.77C,63%
2024-08-23 13:07,10.8 км,"ул. Авиационная, 69","ул. Шефская, 60",167,167,114,199,300,167,,,,
2024-08-23 13:18,10.8 км,"ул. Старых Большевиков, 54а","Переходный пер., 4",141,141,177,199,300,141,,,,
2024-08-23 13:31,5.4 км,"ул. Минометчиков, 38","Банковский пер., 8",195,195,317,199,300,195,,broken clouds,17.77C,63%
2024-08-23 13:41,9.5 км,"ул. Славянская, 51","ул. Генеральская, 12",105,105,114,199,300,105,,,,
2024-08-23 13:54,5.0 км,"ул. Июльская, 24","ул. Пехотинцев, 17",177,177,114,199,300,177,,broken clouds,18.77C,55%
2024-08-23 14:05,3.4 км,"ул. Патриса Лумумбы, 48","ул. Павлодарская, 48а",159,159,238,199,300,159,,,,
2024-08-23 14:18,7.1 км,"ул. Мартовская, 1","ул. Серафимы Дерябиной, 53а",95,95,301,199,300,95,,,,
2024-08-23 14:31,2.5 км,"ул. Чайковского, 80/1","ул. Титова, 14",123,123,167,199,300,123,,,,
2024-08-23 14:44,12.2 км,"ул. Титова, 30","ул. Корепина, 14",149,149,114,199,300,149,,broken clouds,17.77C,59%
2024-08-23 14:55,3.9 км,"ул. Фрунзе, 43","ул. Токарей, 44 корпус 2",113,113,114,199,300,113,,broken clouds,17.77C,59%
2024-08-23 15:06,6.6 км,"ул. Фролова, 23","ул. Электриков, 22",105,105,114,199,300,105,,broken clouds,17.77C,59%
2024-08-23 15:16,12.4 км,"ул. Ильича, 29","ул. Можайского, 55",177,177,125,199,300,177,,broken clouds,17.77C,55%
2024-08-23 15:27,1.4 км,"Черниговский пер., 13","ул. Кировградская, 33",159,159,114,199,300,159,,,,
2024-08-23 15:40,11.4 км,"ул. Грибоедова, 12","ул. Ленинградская, 40а",185,185,114,199,300,185,,,,
2024-08-23 15:51,8.8 км,"ул. Большакова, 103","ул. Энтузиастов, 25",177,177,114,199,300,177,,,,
2024-08-23 16:04,5.4 км,"ул. Бакинских комиссаров, 105","ул. Техническая, 68",177,177,238,199,300,177,,,,
2024-08-23 16:17,11.3 км,"ул. Военная, 4а","ул. Электриков, 27",159,159,177,247,300,159,,broken clouds,17.77C,59%
2024-08-23 16:28,7.9 км,"Сергея Есенина б-р, 16","ул. Ленинградская, 40а",310,310,282,199,338,310,,,,
2024-08-23 16:41,2.2 км,"ул. Техническая, 142","ул. Уткинская, 27",159,159,327,199,300,159,,broken clouds,17.77C,55%
2024-08-23 16:51,5.7 км,"ул. Шишимская, 17","ул. Посадская, 28 корпус 4",221,221,114,199,300,221,,,,
2024-08-23 17:04,3.9 км,"ул. Металлургов, 20","ул. Стрелочников, 5",185,185,114,199,300,185,,,,
2024-08-23 17:17,6.8 км,"ул. Шевелева, 1а","ул. Листопадная, 3",221,221,114,199,300,221,,scattered clouds,16.77C,59%
2024-08-23 17:28,4.3 км,"ул. Уральская, 66 корпус 1","ул. Крупносортщиков, 12а",249,249,177,247,300,249,,scattered clouds,16.77C,59%
2024-08-23 17:39,3.5 км,"ул. Фестивальная, 27","ул. Техническая, 14 корпус 2",266,266,141,311,300,266,,,,
2024-08-23 17:50,7.9 км,"ул. Минометчиков, 36","ул. Блюхера, 75 корпус 2",141,141,114,199,300,141,,scattered clouds,16.77C,59%
2024-08-23 18:16,5.7 км,"ул. Родонитовая, 3 корпус 2","ул. Первомайская, 59",348,348,238,199,376,348,,scattered clouds,17.77C,59%
2024-08-23 18:27,8.8 км,"ул. Малышева, 154","ул. Белоярская, 11а",249,249,204,199,300,249,,,,
2024-08-23 18:39,5.6 км,"ул. Мира, 1-б","ул. Посадская, 47",203,203,125,199,300,203,,scattered clouds,17.77C,59%
2024-08-23 18:50,9.2 км,"ул. Академика Бардина, 3 корпус 4","ул. Панельная, 11",149,149,141,199,300,149,,,,
2024-08-23 19:03,5.3 км,"ул. Белореченская, 17 корпус 3","ул. Техническая, 20",185,185,125,199,300,185,,,,
2024-08-23 19:16,4.7 км,"ул. Чайковского, 87","ул. Комсомольская, 57-б",123,123,114,199,300,123,,,,
2024-08-23 19:29,9.5 км,"ул. Челюскинцев, 92","ул. Симферопольская, 40",123,123,125,199,300,123,,scattered clouds,16.77C,59%
2024-08-23 19:40,6.6 км,"ул. Старых Большевиков, 16а","ул. Юмашева, 1",131,131,141,199,300,131,,scattered clouds,16.77C,59%
2024-08-23 19:51,4.5 км,"ул. Военная, 5а","ул. Чемпионов, 15",167,167,125,199,414,167,,scattered clouds,15.77C,63%
2024-08-23 20:01,6.5 км,"ул. Комсомольская, 52","ул. Мраморская, 34 корпус 2",159,159,125,199,300,159,,scattered clouds,15.77C,63%
2024-08-23 20:12,554.7 м,"ул. Гурзуфская, 23","ул. Московская, 40",177,177,125,199,300,177,,scattered clouds,15.77C,63%
2024-08-23 20:23,6.3 км,"ул. Советская, 23","ул. Татищева, 140",159,159,114,199,300,159,,scattered clouds,14.77C,67%
2024-08-23 20:34,7.8 км,"ул. Избирателей, 50","ул. Гагарина, 53а",167,167,141,199,300,167,,,,
2024-08-23 20:44,8.3 км,"ул. Народной воли, 25","ул. Уральских рабочих, 63",231,231,114,199,338,231,,,,
2024-08-23 20:57,10.3 км,"ул. Белореченская, 13 корпус 1","Замятина пер., 34",105,105,114,199,300,105,,few clouds,13.77C,72%
2024-08-23 21:08,9.2 км,"ул. Энгельса, 17","ул. Варшавская, 30",266,266,114,199,376,266,,,,
2024-08-23 21:19,16.0 км,"пр-кт Космонавтов, 108б","ул. Агрономическая, 14А",95,95,114,199,300,95,,clear sky,13.77C,77%
2024-08-23 21:30,12.1 км,"ул. Мельникова, 40","ул. Бородина, 4",195,195,177,199,300,195,,clear sky,13.77C,77%
2024-08-23 21:40,573.9 м,"ул. Восстания, 93","ул. Победы, 42",131,131,114,199,300,131,,,,
2024-08-23 21:53,8.7 км,"ул. Фрунзе, 20","ул. Донская, 7",131,131,114,199,338,131,,clear sky,12.77C,82%
2024-08-23 22:04,6.1 км,"ул. Дагестанская, 24","ул. Аптекарская, 44",95,95,114,199,300,95,,clear sky,12.77C,82%
2024-08-23 22:15,3.2 км,"ул. Байкальская, 50","ул. Первомайская, 66",249,249,167,199,300,249,,,,
2024-08-23 22:28,4.5 км,"ул. Шейнкмана, 124","ул. Самолетная, 3 корпус 2",239,239,114,199,300,239,,,,
2024-08-23 22:41,9.9 км,"ул. Шевченко, 20","Газорезчиков пер., 37",213,213,114,199,300,213,,clear sky,12.77C,82%
2024-08-23 22:52,7.4 км,"ул. Молотобойцев, 13","ул. Белореченская, 27 корпус 1",149,149,177,199,300,149,,clear sky,12.77C,82%
2024-08-23 23:02,7.6 км,"ул. Малышева, 128","ул. Кировградская, 64",231,231,151,199,300,231,,,,
2024-08-23 23:15,19.5 км,"ул. Круговая, 19","ул. Стачек, 70",213,213,114,199,300,213,,,,
2024-08-23 23:28,4.3 км,"пр-кт Космонавтов, 9а","ул. Индустрии, Строение 64",141,141,114,199,300,141,,,,
2024-08-23 23:41,5.3 км,"ул. Крестинского, 8","ул. Бисертская, 16 корпус 5",95,95,114,199,300,95,,,,
2024-08-23 23:52,14.1 км,"ул. Круговая, 28","ул. Блюхера, 21а",95,95,114,199,300,95,,,,
2024-08-24 00:05,4.2 км,"ул. Бакинских комиссаров, 44","ул. Ереванская, 47",123,123,114,199,300,123,,,,
2024-08-24 00:16,1.7 км,"ул. Стахановская, 53","ул. Энтузиастов, 36б/2",284,284,125,199,300,284,,clear sky,11.77C,87%
2024-08-24 00:26,4.8 км,"ул. Расточная, 15 корпус 7","ул. Колмогорова, 67",95,95,114,199,300,95,,clear sky,11.77C,87%
2024-08-24 00:37,13.2 км,"ул. Агрономическая, 35","ул. Старых Большевиков, 29а",177,177,114,199,300,177,,clear sky,11.77C,87%
2024-08-24 00:48,10.7 км,"ул. Мичурина, 46-б","ул. Славянская, 46",177,177,114,199,376,177,,,,
2024-08-24 00:59,14.0 км,"ул. Вильгельма де Геннина, 41","ул. Восстания, 120",105,105,125,199,300,105,,clear sky,11.77C,87%
2024-08-24 01:09,1.0 км,"ул. Чердынская, 18","ул. Ясная, 36 корпус 1",149,149,114,199,300,149,,clear sky,11.77C,87%
2024-08-24 01:20,4.2 км,"Курьинский пер., 5","ул. Степана Разина, 23",95,95,114,199,338,95,,,,
2024-08-24 01:31,10.6 км,"ул. Прибалтийская, 31/1","Рижский пер., 12",113,113,114,199,300,113,,,,
2024-08-24 01:44,4.5 км,"ул. Гагарина, 20а","ул. Крылова, 1",284,284,114,199,300,284,,,,
2024-08-24 01:57,1.7 км,"ул. 40-летия Комсомола, 8а","ул. Хрустальная, 37",95,95,125,199,338,95,,clear sky,11.77C,87%
2024-08-24 02:08,8.4 км,"пр-кт Седова, 52","Отдельный пер., 8А",105,105,114,199,300,105,,clear sky,11.77C,87%
2024-08-24 02:18,6.4 км,"ул. Смазчиков, 8","ул. Ватутина, 8",131,131,151,199,300,131,,few clouds,10.77C,93%
2024-08-24 02:29,2.7 км,"ул. Машинная, 11","ул. Гагарина, 67 корпус А",123,123,114,199,452,123,,,,
2024-08-24 02:40,4.7 км,"ул. Малышева, 71а","ул. Белореченская, 36 корпус 1",231,231,114,199,300,231,,,,
2024-08-24 02:53,11.4 км,"ул. Хмелева, 4","ул. Самолетная, 7",141,141,151,199,300,141,,few clouds,10.77C,93%
2024-08-24 03:04,484.4 м,"ул. Шефская, 24а","ул. Старых Большевиков, 32",141,141,193,199,300,141,,few clouds,10.77C,93%
2024-08-24 03:14,6.1 км,"ул. Техническая, 142","ул. Победы, 34",159,159,141,199,300,159,,,,
2024-08-24 03:25,7.4 км,"ул. Рассветная, 3","ул. Белореченская, 8",105,105,290,199,300,105,,,,
2024-08-24 03:38,11.2 км,"ул. Краснолесья, 14 корпус 4","ул. Данилы Зверева, 18",95,95,114,199,300,95,,scattered clouds,10.77C,93%
2024-08-24 03:49,1.1 км,"ул. Ляпустина, 60","ул. Агрономическая, 74",123,123,114,199,300,123,,,,
2024-08-24 04:02,18.5 км,"ул. Авиаторов, 13","ул. Викулова, 26а",95,95,114,199,300,95,,,,
2024-08-24 04:15,11.7 км,"ул. Хуторская, 4","пр-кт Космонавтов, 90",159,159,167,199,300,159,,,,
2024-08-24 04:28,3.1 км,"ул. Владимира Высоцкого, 4 корпус 1","ул. Советская, 7 корпус 4",221,221,125,199,300,221,,scattered clouds,10.77C,93%
2024-08-24 04:38,8.6 км,"ул. Ломоносова, 34","ул. Радищева, 61",105,105,114,199,300,105,,scattered clouds,10.76C,93%
2024-08-24 04:49,5.9 км,"ул. Отто Шмидта, 48 корпус а","Загородный пер., 1",330,330,230,199,338,330,,,,
2024-08-24 05:02,5.5 км,"ул. Отто Шмидта, 93","ул. Краснолесья, 109",284,284,212,199,414,284,,,,
2024-08-24 05:13,8.2 км,"ул. Чайковского, 10","ул. Баумана, 21",356,356,114,199,300,356,,scattered clouds,9.77C,100%
2024-08-24 05:24,4.2 км,"ул. Посадская, 39","ул. Восточная, 36",249,249,114,199,300,249,,,,
2024-08-24 05:34,2.3 км,"ул. Июльская, 55","ул. Софьи Ковалевской, Строение 8",123,123,125,199,338,123,,,,
2024-08-24 05:47,9.1 км,"ул. Бисертская, 12","ул. Посадская, 30 корпус 1",310,310,114,199,300,310,,broken clouds,10.77C,100%
2024-08-24 05:58,1.9 км,"ул. Фурманова, 106","ул. Чкалова, 117",123,123,114,199,300,123,,,,
2024-08-24 06:09,9.1 км,"ул. Цвиллинга, 16","ул. Стачек, 44",330,330,264,199,300,330,,,,
2024-08-24 06:20,12.7 км,"ул. Современников, 4","ул. Кунарская, 51",131,131,114,199,300,131,,,,
2024-08-24 06:33,15.8 км,"ул. Дагестанская, 34","ул. Ильича, 14",95,95,114,199,300,95,,broken clouds,10.77C,100%
2024-08-24 06:43,5.2 км,"ул. Куйбышева, 57","ул. Вилонова, 78",123,123,114,199,300,123,,broken clouds,10.77C,100%
2024-08-24 06:54,3.0 км,"ул. Викулова, 38а","ул. Ясная, 4",167,167,114,199,300,167,,,,
2024-08-24 07:05,5.2 км,"ул. Куйбышева, 104","ул. Благодатская, 70",123,123,114,199,300,123,,scattered clouds,10.77C,93%
2024-08-24 07:16,6.5 км,"ул. Софьи Перовской, 115","ул. Раевского, 22",249,249,125,199,300,249,,scattered clouds,10.77C,93%
2024-08-24 07:27,13.8 км,"пр-кт Орджоникидзе, 3","ул. Эскадронная, 3",384,384,114,199,300,384,,,,
2024-08-24 07:40,819.1 м,"ул. Лобкова, 28","ул. Таганская, 53а",131,131,114,199,300,131,,,,
2024-08-24 07:52,5.4 км,"ул. Техническая, 144","ул. Тагильская, 23",159,159,114,199,300,159,,few clouds,11.77C,87%
2024-08-24 08:03,8.5 км,"ул. Синарская, 58Б","ул. Черноярская, 8",105,105,114,199,300,105,,,,
2024-08-24 08:16,17.2 км,"ул. Инженерная, 37","ул. Фрезеровщиков, 27",95,95,114,199,300,95,,few clouds,11.77C,82%
2024-08-24 08:27,13.4 км,"ул. Старых Большевиков, 91","ул. Шишимская, 22",185,185,230,199,300,185,,,,
2024-08-24 08:40,11.4 км,"ул. Расточная, 13","ул. Анны Бычковой, 18",221,221,177,199,300,221,,,,
2024-08-24 08:53,3.1 км,"ул. Чекистов, 12","ул. Стрелочников, 5",113,113,114,199,300,113,,,,
2024-08-24 09:04,7.5 км,"ул. Владимира Высоцкого, 10","ул. Красноуральская, 27 корпус 1",123,123,114,199,300,123,,few clouds,12.77C,76%
2024-08-24 09:14,21.5 км,"ул. Бахчиванджи, 19/6","ул. Минометчиков, 30",95,95,114,199,300,95,,scattered clouds,12.77C,71%
2024-08-24 09:25,4.5 км,"ул. Посадская, 81а","Академика Семихатова Н.А. б-р, 8",123,123,114,199,300,123,,,,
2024-08-24 09:38,8.7 км,"ул. Серова, 27","ул. Бабушкина, 18а",249,249,177,199,338,249,,,,
2024-08-24 09:49,4.7 км,"ул. Белинского, 121","ул. Репина, 60",113,113,114,199,338,113,,,,
2024-08-24 10:02,8.4 км,"ул. Бисертская, 131а","ул. Луначарского, 210Б",221,221,114,199,300,221,,,,
2024-08-24 10:13,6.8 км,"ул. Амундсена, 51а","ул. Мира, 10",105,105,114,199,300,105,,,,
2024-08-24 10:23,4.9 км,"ул. Бажова, 189","ул. Заводская, 32 корпус 3",95,95,114,199,300,95,,,,
2024-08-24 10:34,6.2 км,"ул. Гагарина, 49","ул. Черкасская, 22а",123,123,114,199,300,123,,,,
2024-08-24 10:45,931.3 м,"ул. Ползунова, 34и","ул. Войкова, 78",366,366,238,199,300,366,,scattered clouds,12.77C,71%
2024-08-24 10:56,8.5 км,"ул. Молотобойцев, 15","ул. Куйбышева, 78",195,195,282,199,300,195,,scattered clouds,12.77C,71%
2024-08-24 11:07,8.0 км,"ул. Серова, 2","ул. Культуры, 10",95,95,114,199,300,95,,scattered clouds,12.77C,71%
2024-08-24 11:17,3.7 км,"ул. Павла Шаманова, 8","ул. Волгоградская, 182",231,231,114,199,300,231,,,,
2024-08-24 11:28,6.2 км,"ул. Кировградская, 70","ул. Шевелева, 1а",167,167,151,199,300,167,,,,
2024-08-24 11:39,11.8 км,"ул. Волгоградская, 45","ул. Проезжая, 215",284,284,193,199,300,284,,,,
2024-08-24 11:52,8.9 км,"ул. Красных командиров, 23","ул. Московская, 76",123,123,230,199,300,123,,,,
2024-08-24 12:03,2.0 км,"ул. Серафимы Дерябиной, 15 корпус 1","ул. Чкалова, 119",159,159,114,199,300,159,,,,
2024-08-24 12:16,11.6 км,"ул. Черняховского, 35","Шадринский пер., 17",105,105,114,199,300,105,,broken clouds,13.77C,62%
2024-08-24 12:26,6.0 км,"ул. Баумана, 17а","ул. Малышева, 118",167,167,193,199,300,167,,broken clouds,13.77C,62%
2024-08-24 12:37,13.0 км,"пр-кт Космонавтов, 52-б","ул. Евгения Савкова, 3",221,221,256,199,300,221,,,,
2024-08-24 12:50,5.8 км,"ул. Уральских рабочих, 15","ул. Первомайская, 108",221,221,204,199,300,221,,,,
2024-08-24 13:03,10.4 км,"ул. Латвийская, 47","ул. Патриса Лумумбы, 85",95,95,193,199,300,95,,,,
2024-08-24 13:14,18.7 км,"ул. Бахчиванджи, 10","ул. Очеретина, 6",95,95,114,199,300,95,,,,
2024-08-24 13:27,9.4 км,"Полимерный пер., 9","ул. Военная, 8а",105,105,114,199,300,105,,,,
2024-08-24 13:38,5.7 км,"ул. Отто Шмидта, 50 корпус 2","ул. Черепанова, 16",177,177,177,199,300,177,,,,
2024-08-24 13:48,6.8 км,"ул. Избирателей, 24","ул. Антона Валека, 24",239,239,193,199,300,239,,overcast clouds,14.77C,58%
2024-08-24 13:59,8.1 км,"ул. Минометчиков, 26","Замятина пер., 41",95,95,141,199,300,95,,overcast clouds,14.77C,58%
2024-08-24 14:10,13.7 км,"ул. Бажова, 185","ул. Авиаторов, 1",149,149,114,199,300,149,,,,
2024-08-24 14:23,9.2 км,"пр-кт Ленина, 64","пр-кт Космонавтов, 97",177,177,125,199,300,177,,overcast clouds,15.77C,55%
2024-08-24 14:34,9.9 км,"ул. Павла Шаманова, 9","ул. Бебеля, 172А",113,113,114,199,300,113,,overcast clouds,15.77C,55%
2024-08-24 14:44,8.9 км,"Каслинский пер., 14","ул. Вилонова, 14а",131,131,141,199,300,131,,overcast clouds,15.77C,55%
2024-08-24 14:55,4.8 км,"ул. Готвальда, 23 корпус 2","ул. Стахановская, 24 корпус 1",185,185,114,199,300,185,,,,
2024-08-24 15:08,10.7 км,"ул. Ангарская, 66","ул. Евгения Савкова, 31",185,185,317,199,300,185,,,,
2024-08-24 15:19,10.0 км,"ул. Черняховского, 26","ул. Чкалова, 124",113,113,264,199,300,113,,,,
2024-08-24 15:32,9.8 км,"ул. Викулова, 57","ул. Красных командиров, Строение 29",95,95,204,199,300,95,,,,
2024-08-24 15:45,11.1 км,"ул. Евгения Савкова, 56","ул. Восточная, 21б",185,185,264,299,300,185,,,,
2024-08-24 15:56,5.2 км,"ул. Избирателей, 69","пр-кт Седова, 38",95,95,141,199,300,95,,clear sky,15.77C,55%
2024-08-24 16:06,13.2 км,"ул. Кировградская, 27","ул. Агрономическая, 14А",239,239,114,199,300,239,,clear sky,15.77C,55%
2024-08-24 16:17,2.7 км,"ул. Энергостроителей, 4А","ул. Розы Люксембург, 42",95,95,114,199,300,95,,clear sky,15.77C,59%
2024-08-24 16:28,4.7 км,"ул. Чайковского, 60","ул. Симферопольская, 34",141,141,193,199,300,141,,,,
2024-08-24 16:39,12.4 км,"ул. Ангарская, 58","ул. Родонитовая, 34",159,159,290,199,300,159,,,,
2024-08-24 16:50,9.2 км,"ул. Самаркандская, 27","ул. Владимира Высоцкого, 4 корпус 2",159,159,167,199,300,159,,clear sky,16.77C,51%
2024-08-24 17:00,7.1 км,"ул. Краснолесья, 74","ул. Опалихинская, 19",113,113,114,199,300,113,,,,
2024-08-24 17:13,4.8 км,"ул. Краснофлотцев, 28","ул. Стрелочников, 7",113,113,212,199,300,113,,,,
2024-08-24 17:26,1.8 км,"ул. Серафимы Дерябиной, 31 корпус 1","ул. Крауля, 77",123,123,125,199,300,123,,,,
2024-08-24 17:37,11.1 км,"ул. 22 Партсъезда, 21","ул. Белинского, 177а/3",185,185,114,199,300,185,,clear sky,15.77C,59%
2024-08-24 17:48,2.2 км,"ул. Гастелло, 25","ул. Саввы Белых, 37",159,159,114,199,300,159,,clear sky,15.77C,59%
2024-08-24 17:59,6.9 км,"ул. Кунарская, 6А","ул. Корепина, 12",113,113,114,199,300,113,,clear sky,15.77C,59%
2024-08-24 18:09,6.7 км,"ул. Щербакова, 3 корпус 4","ул. Мельникова, 42",167,167,114,199,300,167,,clear sky,15.77C,59%
2024-08-24 18:20,10.4 км,"ул. Латвийская, 22","ул. Раевского, 20",159,159,141,199,300,159,,clear sky,15.77C,59%
2024-08-24 18:31,4.9 км,"пр-кт Ленина, 69 корпус 4","ул. Волгоградская, 178",95,95,114,199,300,95,,,,
2024-08-24 18:44,12.7 км,"ул. Спутников, 2","ул. Белинского, 226 корпус 5",95,95,114,199,300,95,,,,
2024-08-24 18:57,7.1 км,"ул. Бебеля, 182а","ул. Восточная, 166а",149,149,114,199,300,149,,clear sky,15.77C,59%
2024-08-24 19:08,1.5 км,"Черноморский пер., 6","ул. Стачек, 70",113,113,114,199,300,113,,clear sky,15.77C,59%
2024-08-24 19:18,2.1 км,"ул. Декабристов, 16/18Е","ул. Малышева, 109а",113,113,114,199,300,113,,,,
2024-08-24 19:31,16.9 км,"Черниговский пер., 31","ул. Торговая, 12",105,105,114,199,300,105,,clear sky,15.77C,59%
2024-08-24 19:42,2.6 км,"ул. Мостовая, 57","ул. Латышская, 95",95,95,114,199,300,95,,,,
2024-08-24 19:55,1.4 км,"ул. Лобкова, 10","ул. Таганская, 52 корпус 2",95,95,114,199,300,95,,clear sky,14.77C,63%
2024-08-24 20:06,8.6 км,"ул. Чкалова, 127","ул. Коуровская, 17",159,159,177,199,300,159,,clear sky,14.77C,63%
2024-08-24 20:17,4.6 км,"ул. Токарей, 26","ул. Соликамская, 3",167,167,114,199,300,167,,clear sky,13.77C,67%
2024-08-24 20:27,11.7 км,"ул. Калинина, 69","ул. Белинского, 177",131,131,114,199,300,131,,,,
2024-08-24 20:40,707.9 м,"ул. Московская, 77","ул. Московская, 80а",167,167,114,199,300,167,,clear sky,13.77C,67%
2024-08-24 20:51,9.0 км,"ул. Новгородцевой, 25 корпус 2","ул. Социалистическая, 7а",195,195,125,199,300,195,,clear sky,12.77C,71%
2024-08-24 21:02,3.6 км,"ул. Папанина, 7 корпус 3","ул. Ленинградская, 28",167,167,114,199,300,167,,clear sky,12.77C,71%
2024-08-24 21:13,11.7 км,"ул. Счастливая, 16","Зерновой пер., 3",203,203,361,199,300,203,,clear sky,11.77C,76%
2024-08-24 21:24,10.8 км,"ул. Прибалтийская, 31/2","ул. Искровцев, 31",95,95,114,199,300,95,,clear sky,11.77C,76%
2024-08-24 21:34,7.5 км,"Сухой пер., 4а","ул. Агрономическая, 39",167,167,151,199,300,167,,,,
2024-08-24 21:45,2.7 км,"ул. Сакко и Ванцетти, 57","ул. Фрунзе, 20",113,113,114,199,300,113,,,,
2024-08-24 21:56,387.1 м,"ул. Кузнечная, 83","пр-кт Ленина, 69 корпус 13",123,123,114,199,300,123,,clear sky,11.77C,76%
2024-08-24 22:07,6.4 км,"ул. Стачек, 55","ул. Попова/Сакко и Ванцетти, 13/54",167,167,204,235,300,167,,clear sky,11.77C,76%
2024-08-24 22:18,2.0 км,"ул. Комсомольская, 54","ул. Восточная, 11б",195,195,114,199,300,195,,,,
2024-08-24 22:28,4.6 км,"ул. Машиностроителей, 67а","ул. Июльская, 46",141,141,114,199,300,141,,clear sky,8.77C,81%
2024-08-24 22:39,6.1 км,"Асбестовский пер., 5","ул. Индустрии, 54",185,185,114,199,300,185,,clear sky,8.77C,81%
2024-08-24 22:50,2.5 км,"ул. Ломоносова, 59","ул. Войкова, 82",113,113,177,199,414,113,,,,
2024-08-24 23:01,8.8 км,"Шамарский пер., 1","ул. Коуровская, 12",159,159,114,199,300,159,,,,
2024-08-24 23:14,7.6 км,"ул. Патриотов, 6 корпус 1","ул. Малышева, 27",131,131,114,199,300,131,,clear sky,7.77C,100%
2024-08-24 23:24,13.9 км,"ул. Ясная, 24","ул. Мурзинская, 11",113,113,114,199,300,113,,clear sky,7.77C,100%
2024-08-24 23:35,2.7 км,"ул. Коммунистическая, 121","ул. Старых Большевиков, 52",203,203,193,199,300,203,,,,
2024-08-24 23:48,5.0 км,"ул. Заводская, 32 корпус 2","Шаронова пер., 23а",141,141,114,199,300,141,,,,
2024-08-25 00:01,10.3 км,"ул. Авиационная, 82","ул. Билимбаевская, 3",131,131,141,199,300,131,,,,
2024-08-25 00:14,5.0 км,"ул. Посадская, 40 корпус 2","Асбестовский пер., 7",131,131,114,199,300,131,,clear sky,7.77C,100%
2024-08-25 00:25,7.5 км,"ул. Посадская, 15","ул. 40-летия Октября, 32",149,149,167,199,338,149,,,,
2024-08-25 00:36,6.4 км,"ул. Академика Парина, 40","ул. Циолковского, 22",95,95,114,199,300,95,,clear sky,7.77C,100%
2024-08-25 00:47,5.2 км,"ул. Краснофлотцев, 30б","Курьинский пер., 10",113,113,114,199,528,113,,clear sky,8.77C,100%
2024-08-25 00:57,2.0 км,"ул. Уктусская, 31","ул. Куйбышева, 48 корпус 4",203,203,125,199,490,203,,,,
2024-08-25 01:08,8.3 км,"ул. Фурманова, 112","ул. Фестивальная, 29",177,177,167,199,300,177,,clear sky,8.77C,100%
2024-08-25 01:19,13.4 км,"ул. Уральских коммунаров, 35","ул. Бисертская, 27",167,167,114,199,338,167,,,,
2024-08-25 01:32,6.6 км,"ул. Советская, 7 корпус 1","ул. 8 Марта, 189 корпус 1",266,266,114,235,300,266,,clear sky,8.77C,100%
2024-08-25 01:43,14.9 км,"ул. Викулова, 55","ул. Новая, 5",149,149,114,199,300,149,,,,
2024-08-25 01:56,7.5 км,"ул. Красноармейская, 78","ул. Уральских рабочих, 41",203,203,114,199,300,203,,,,
2024-08-25 02:06,10.1 км,"ул. Палисадная, 8","Пугачевский пер., 6",149,149,151,199,300,149,,clear sky,7.77C,100%
2024-08-25 02:17,4.5 км,"ул. Шаумяна, 93","ул. Восточная, 166",257,257,114,199,300,257,,,,
2024-08-25 02:28,13.8 км,"ул. Павла Шаманова, 44","ул. Краснодарская, 30",95,95,125,199,300,95,,clear sky,8.77C,93%
2024-08-25 02:39,3.4 км,"ул. Металлургов, 2","ул. Некрасова, 8",105,105,114,199,300,105,,,,
2024-08-25 02:52,7.4 км,"ул. Надеждинская, 23","ул. Фрезеровщиков, 86",141,141,151,199,300,141,,,,
2024-08-25 03:05,9.4 км,"ул. Косарева, 1б","ул. Библиотечная, 64",95,95,125,199,300,95,,clear sky,7.77C,100%
2024-08-25 03:16,6.0 км,"ул. Академика Бардина, 7 корпус 1","Сибирский тракт 9 км., 105",141,141,114,199,300,141,,clear sky,7.77C,100%
2024-08-25 03:26,1.2 км,"ул. Народного фронта, 64","ул. 40-летия Октября, 60",195,195,114,199,300,195,,clear sky,7.77C,100%
2024-08-25 03:37,978.9 м,"ул. Бажова, 122","ул. Куйбышева, 125",203,203,177,199,300,203,,,,
2024-08-25 03:48,12.0 км,"ул. Вилонова, 76","ул. Барвинка, 22",113,113,125,199,376,113,,,,
2024-08-25 04:01,7.5 км,"ул. Заводская, 18","ул. Победы, 57",195,195,177,199,300,195,,,,
2024-08-25 04:12,8.8 км,"Энергетиков пер., 3А","ул. Черкасская, 22а",167,167,114,199,300,167,,broken clouds,7.77C,100%
2024-08-25 04:23,3.5 км,"ул. Библиотечная, 48","ул. Радищева, 18",284,284,167,199,300,284,,broken clouds,7.77C,100%
2024-08-25 04:33,5.0 км,"ул. Ухтомская, 10","ул. Луначарского, 76",249,249,193,199,300,249,,broken clouds,7.77C,100%
2024-08-25 04:44,10.1 км,"ул. Шаумяна, 24","ул. Бакинских комиссаров, 30",338,338,177,199,300,338,,scattered clouds,8.77C,100%
2024-08-25 04:55,10.6 км,"ул. Чкалова, 45","ул. Шефская, 60",366,366,125,199,300,366,,,,
2024-08-25 05:08,9.2 км,"ул. Билимбаевская, 31 корпус 2","ул. Первомайская, 79",257,257,177,199,300,257,,,,
2024-08-25 05:19,8.8 км,"ул. Крауля, 8","ул. Таганская, 6а",310,310,204,199,300,310,,scattered clouds,8.77C,100%
2024-08-25 05:30,10.1 км,"Ученический пер., 4","ул. Краснолесья, 127",203,203,301,199,300,203,,,,
2024-08-25 05:42,7.2 км,"ул. Мостовая, 53а","ул. Репина, 17а",131,131,114,199,300,131,,,,
2024-08-25 05:55,2.5 км,"ул. Татищева, 90","ул. Белореченская, 34 корпус 2",105,105,125,199,300,105,,,,
2024-08-25 06:06,15.8 км,"пр-кт Космонавтов, 78б","ул. Хвойная, 89",123,123,193,199,300,123,,fog,7.77C,100%
2024-08-25 06:17,7.3 км,"ул. Краснолесья, 20","ул. Карла Маркса, 36",95,95,114,199,300,95,,,,
2024-08-25 06:30,6.5 км,"ул. Мельникова, 3","ул. Агрономическая, 6",239,239,141,199,566,239,,,,
2024-08-25 06:41,6.2 км,"Рабочей молодежи наб., 49А","пр-кт Космонавтов, 68",257,257,125,199,300,257,,fog,7.77C,100%
2024-08-25 06:52,1.1 км,"ул. Кузнечная, 79","ул. Луначарского, 133",167,167,114,199,300,167,,fog,7.77C,100%
2024-08-25 07:02,4.7 км,"ул. Данилы Зверева, 32","ул. Индустрии, 31",167,167,212,199,300,167,,,,
2024-08-25 07:15,4.6 км,"ул. Шефская, 30","ул. Блюхера, 51",231,231,264,199,300,231,,clear sky,9.77C,100%
2024-08-25 07:26,6.2 км,"Парковый пер., 14","Встречный пер., 7 корпус 2",167,167,177,199,300,167,,clear sky,9.77C,100%
2024-08-25 07:37,13.2 км,"ул. Бакинских комиссаров, 109","ул. Крестинского, 37",249,249,282,199,300,249,,clear sky,9.77C,100%
2024-08-25 07:48,2.6 км,"ул. Чапаева, 14 корпус 6","ул. Онежская, 9",131,131,114,199,300,131,,,,
2024-08-25 08:01,12.6 км,"ул. Варшавская, 40","ул. Красноуральская, 29 корпус 1",95,95,114,199,300,95,,clear sky,9.77C,100%
2024-08-25 08:12,12.2 км,"ул. Индустрии, 102","Денисова-Уральского б-р, 16",177,177,141,199,300,177,,,,
2024-08-25 08:22,11.1 км,"ул. Александровская, 2","ул. Трубачева, 89",203,203,114,199,300,203,,few clouds,10.77C,100%
2024-08-25 08:33,77.9 м,"ул. Белинского, 169","ул. Белинского, 218 корпус 1",195,195,114,199,300,195,,,,
2024-08-25 08:46,7.0 км,"ул. Патриса Лумумбы, 46","ул. Белореченская, 5а",274,274,256,199,300,274,,few clouds,11.77C,94%
2024-08-25 08:57,13.5 км,"ул. Кишиневская, 60","ул. Мраморская, 6",159,159,125,199,300,159,,,,
2024-08-25 09:08,6.3 км,"ул. Камчатская, 47","ул. Шейнкмана, 88",105,105,114,199,300,105,,scattered clouds,12.77C,88%
2024-08-25 09:19,6.5 км,"ул. Самолетная, 27","ул. Крауля, 6",167,167,114,199,300,167,,,,
2024-08-25 09:31,4.1 км,"ул. Донская, 20","ул. Учителей, 1",203,203,290,283,300,203,,,,
2024-08-25 09:42,14.0 км,"ул. Академика Парина, 46/6","ул. Стачек, 62",284,284,406,311,300,284,,,,
2024-08-25 09:55,9.3 км,"ул. Бажова, 76","ул. Хрустальногорская, 85",95,95,114,199,300,95,,scattered clouds,13.77C,77%
2024-08-25 10:06,4.8 км,"пр-кт Космонавтов, 56","ул. Шевченко, 35",131,131,114,199,300,131,,scattered clouds,13.77C,77%
2024-08-25 10:17,8.0 км,"пр-кт Космонавтов, 78б","ул. Педагогическая, 7а",141,141,114,199,300,141,,,,
2024-08-25 10:30,8.1 км,"ул. Энергостроителей, 1","Короткий пер., 13а",95,95,114,199,300,95,,scattered clouds,14.77C,77%
2024-08-25 10:41,1.4 км,"ул. Академика Бардина, 37","ул. Ясная, 34 корпус 1",159,159,114,199,300,159,,,,
2024-08-25 10:51,12.8 км,"ул. Машинная, 10","ул. Ракетная, 8",113,113,114,199,300,113,,,,
2024-08-25 11:04,10.4 км,"ул. Грибоедова, 16","ул. Пальмиро Тольятти, 9",149,149,114,199,300,149,,few clouds,15.77C,67%
2024-08-25 11:15,13.8 км,"ул. Крауля, 48 корпус 1","ул. Белоярская, 36",95,95,114,199,300,95,,,,
2024-08-25 11:26,8.5 км,"ул. Олега Кошевого, 32","ул. Викулова, 36",177,177,177,199,300,177,,,,
2024-08-25 11:39,4.9 км,"ул. Краснолесья, 141","ул. Симферопольская, 38",330,330,212,199,300,330,,,,
2024-08-25 11:50,6.8 км,"ул. Аптекарская, 48","ул. Ухтомская, 14а",95,95,141,299,300,95,,broken clouds,16.77C,63%
2024-08-25 12:01,5.4 км,"ул. Лукиных, 6","ул. Мамина-Сибиряка, 70",123,123,114,199,300,123,,broken clouds,16.77C,63%
2024-08-25 12:12,5.0 км,"ул. Ольховская, 27 корпус 2","ул. Горького, 69/1",141,141,151,199,300,141,,,,
2024-08-25 12:25,561.9 м,"ул. Уральских рабочих, 61","ул. Избирателей, 66",131,131,167,199,300,131,,,,
2024-08-25 12:38,11.7 км,"ст. Палкино, 1а","ул. Шаумяна, 103 корпус 1",131,131,151,199,300,131,,,,
2024-08-25 12:48,1.0 км,"ул. Банникова, 8","ул. Калинина, 79",123,123,114,199,300,123,,broken clouds,17.77C,59%
2024-08-25 12:59,5.0 км,"ул. Чапаева, 28","Ремесленный пер., 5",95,95,114,199,300,95,,,,
2024-08-25 13:10,11.8 км,"ул. Агрономическая, 29А","ул. Севастопольская, 12",231,231,167,199,300,231,,broken clouds,17.77C,59%
2024-08-25 13:21,5.6 км,"ул. Попова, 16","ул. Крестинского, 53",131,131,114,199,300,131,,,,
2024-08-25 13:34,11.6 км,"ул. Гастелло, 28а","ул. Надеждинская, 12",257,257,141,199,300,257,,broken clouds,16.77C,59%
2024-08-25 13:45,5.2 км,"ул. Летчиков, 8А","ул. Ангарская, 38",177,177,125,199,300,177,,,,
2024-08-25 13:58,15.6 км,"ул. Уральских коммунаров, 114","ул. Инженерная, 11",221,221,114,199,300,221,,,,
2024-08-25 14:11,5.7 км,"ул. Саввы Белых, 1","Красный пер., 8",131,131,114,199,300,131,,,,
2024-08-25 14:24,5.5 км,"ул. Комсомольская, 51а","ул. Академика Шварца, 20 корпус 1",123,123,114,199,300,123,,,,
2024-08-25 14:34,7.2 км,"Широкий пер., 1","ул. Крауля, 6",131,131,230,199,300,131,,,,
2024-08-25 14:47,11.4 км,"ул. Ереванская, 65","ул. Селькоровская, 16",177,177,151,199,300,177,,,,
2024-08-25 15:00,12.3 км,"ул. Заводская, 15а корпус 3","Газовый пер., 8",113,113,125,199,300,113,,broken clouds,18.77C,52%
2024-08-25 15:11,3.4 км,"ул. Летчиков, 8А","пр-кт Седова, 61",302,302,114,199,300,302,,,,
2024-08-25 15:24,8.3 км,"ул. Владимира Высоцкого, 36","ул. Таганская, 95",177,177,177,199,300,177,,broken clouds,18.77C,52%
2024-08-25 15:35,1.9 км,"ул. Бебеля, 125","ул. Ереванская, 51",123,123,114,199,300,123,,broken clouds,18.77C,52%
2024-08-25 15:46,8.8 км,"ул. Солнечная, 23","Короткий пер., 4а",141,141,151,199,300,141,,,,
2024-08-25 15:59,5.7 км,"ул. Комсомольская, 31а","ул. 8 Марта, 188",149,149,114,199,300,149,,broken clouds,18.77C,52%
2024-08-25 16:10,7.8 км,"ул. Таганская, 49","ул. Сыромолотова, 16 Строение 10б",105,105,114,199,300,105,,broken clouds,19.77C,49%
2024-08-25 16:21,7.9 км,"ул. Ясная, 32 корпус 2","Черниговский пер., 3",141,141,125,199,300,141,,,,
2024-08-25 16:34,7.4 км,"ул. Автомагистральная, 33","ул. Академика Бардина, 6 корпус 1",123,123,125,199,300,123,,broken clouds,19.77C,49%
2024-08-25 16:44,6.8 км,"ул. Старых Большевиков, 16","ул. Вишневая, 34а",141,141,151,199,300,141,,,,
2024-08-25 16:55,13.9 км,"ул. Барвинка, 16","ул. Лобкова, 20",113,113,125,199,300,113,,,,
2024-08-25 17:06,7.1 км,"ул. Щербакова, 145 корпус г","ул. Панельная, 9А",105,105,125,199,300,105,,,,
2024-08-25 17:19,4.9 км,"ул. Ботаническая, 30","ул. Московская, 80",131,131,114,199,300,131,,broken clouds,18.77C,48%
2024-08-25 17:30,6.2 км,"пр-кт Седова, 55","ул. Шаумяна, 102а",167,167,114,199,300,167,,,,
2024-08-25 17:41,11.0 км,"ул. Белоярская, 1","ул. Горького, 69/1",149,149,125,199,300,149,,,,
2024-08-25 17:52,8.5 км,"ул. Соликамская, 7","ул. Малогородская, 2",141,141,151,199,300,141,,clear sky,18.77C,52%
2024-08-25 18:03,1.2 км,"ул. Белореченская, 17 корпус 2","ул. Пальмиро Тольятти, 7",131,131,114,199,300,131,,clear sky,18.77C,52%
2024-08-25 18:13,8.4 км,"ул. Мичурина, 25","ул. Ангарская, 52а",131,131,114,199,300,131,,,,
2024-08-25 18:26,12.8 км,"ул. Краснодарская, 30А","ул. Уткинская, 27",123,123,151,199,300,123,,clear sky,18.77C,52%
2024-08-25 18:37,18.1 км,"ул. Бахчиванджи, 5","ул. Анатолия Мехренцева, 32",113,113,114,199,338,113,,clear sky,18.77C,52%
2024-08-25 18:48,1.8 км,"ул. Волгоградская, 180","ул. Московская, 219",105,105,114,199,300,105,,,,
2024-08-25 18:59,11.4 км,"ул. Репина, 20","ул. Славянская, 48",95,95,114,199,300,95,,clear sky,17.77C,55%
2024-08-25 19:10,2.2 км,"ул. Баумана, 51","пр-кт Космонавтов, 96",131,131,141,199,300,131,,clear sky,16.77C,63%
2024-08-25 19:21,601.2 м,"ул. Ирбитская, 68","ул. Июльская, 16",95,95,114,199,338,95,,,,
2024-08-25 19:34,6.5 км,"ул. Серафимы Дерябиной, 19 корпус 1","ул. Комсомольская, 67",266,266,282,199,300,266,,,,
2024-08-25 19:44,9.7 км,"ул. Ляпустина, 6","ул. Мира, 3",141,141,114,199,300,141,,few clouds,15.77C,63%
2024-08-25 19:55,19.2 км,"ул. Гагарина, 5","ул. Титова, 14",95,95,114,199,300,95,,,,
2024-08-25 20:06,1.9 км,"ул. Машиностроителей, 33","ул. Ильича, 44",167,167,167,199,300,167,,few clouds,15.77C,63%
2024-08-25 20:17,6.2 км,"туп. Балаклавский, 2-в","ул. Малышева, 10",141,141,114,199,300,141,,clear sky,13.77C,72%
2024-08-25 20:28,87.0 м,"ул. Черняховского, 45а","ул. Инженерная, 31",123,123,151,199,300,123,,,,
2024-08-25 20:41,8.9 км,"ул. Викулова, 43 корпус 3","ул. 40-летия Комсомола, 8а",195,195,114,199,414,195,,clear sky,12.77C,82%
2024-08-25 20:52,11.5 км,"ул. Родонитовая, 24","ул. Социалистическая, 7а",159,159,114,199,300,159,,,,
2024-08-25 21:03,9.4 км,"ул. Бакинских комиссаров, 100","ул. Гурзуфская, 7",249,249,114,199,300,249,,,,
2024-08-25 21:16,7.9 км,"ул. Вали Котика, 17","ул. Панельная, 11А",159,159,114,199,300,159,,,,
2024-08-25 21:29,6.4 км,"ул. Машинная, 1в","ул. Газетная, 67",292,292,151,199,414,292,,clear sky,11.77C,82%
2024-08-25 21:39,4.0 км,"ул. Ткачей, 17","Красный пер., 17",257,257,114,199,338,257,,clear sky,11.77C,82%
2024-08-25 21:50,6.2 км,"ул. Бабушкина, 29","пр-кт Ленина, 13А",95,95,114,199,300,95,,,,
2024-08-25 22:03,18.9 км,"ул. Новокольцовская, 10","ул. Заводская, 12",95,95,114,199,300,95,,clear sky,11.77C,87%
2024-08-25 22:14,10.7 км,"ул. Красина, 7","ул. Селькоровская, 16",366,366,204,219,338,366,,clear sky,11.77C,87%
2024-08-25 22:25,19.6 км,"ст. Исток, 5","ул. Хомякова, 12",95,95,114,199,300,95,,,,
2024-08-25 22:38,1.3 км,"ул. Советская, 46","ул. Технологическая, 7",185,185,125,199,376,185,,,,
2024-08-25 22:49,12.6 км,"ул. Краснодарская, 16","ул. Селькоровская, 10а",310,310,114,199,300,310,,,,
2024-08-25 23:02,1.6 км,"ул. Крауля, 52","ул. Гурзуфская, 22",292,292,256,199,300,292,,broken clouds,9.77C,87%
2024-08-25 23:13,4.8 км,"ул. Шаумяна, 103 корпус 4","ул. Мичурина, 237а корпус 1",302,302,114,199,300,302,,,,
2024-08-25 23:24,8.3 км,"ул. Калинина, 11","ул. Викулова, 57",123,123,114,199,300,123,,,,
2024-08-25 23:35,6.9 км,"ул. Межевая, 3","ул. Советская, 13 корпус 2",177,177,114,199,376,177,,clear sky,9.77C,93%
2024-08-25 23:45,11.6 км,"ул. Блюхера, 65","ул. Селькоровская, 74",105,105,114,199,338,105,,clear sky,9.77C,100%
2024-08-25 23:56,4.1 км,"ул. Московская, 225 корпус 4","ул. Заводская, 20",113,113,114,199,300,113,,,,
2024-08-26 00:09,2.2 км,"ул. Баумана, 3","ул. Машиностроителей, 39",177,177,114,199,338,177,,,,
2024-08-26 00:20,8.0 км,"ул. Гагарина, 3б","ул. Маневровая, 16",330,330,114,199,452,330,,clear sky,10.77C,93%
2024-08-26 00:31,13.3 км,"ул. Агрономическая, 18А","ул. Краснофлотцев, 53б",95,95,114,199,300,95,,clear sky,10.77C,93%
2024-08-26 00:42,3.5 км,"ул. Шефская, 15","ул. 22 Партсъезда, 5а",159,159,114,199,300,159,,,,
2024-08-26 00:53,2.2 км,"ул. Индустрии, 41","ул. Лобкова, 81",113,113,114,199,300,113,,clear sky,10.77C,93%
2024-08-26 01:04,5.9 км,"ул. Бебеля, 176","ул. Баумана, 47",131,131,151,199,300,131,,clear sky,10.77C,93%
2024-08-26 01:15,6.5 км,"Волчанский пер., 3","ул. Бородина, 7",113,113,114,199,300,113,,clear sky,10.77C,100%
2024-08-26 01:25,4.5 км,"ул. Гурзуфская, 17а","ул. Гагарина, 37",159,159,114,199,300,159,,clear sky,10.77C,100%
2024-08-26 01:36,7.9 км,"ул. Шишимская, 19","ул. Викулова, 44 корпус 2",95,95,114,199,300,95,,,,
2024-08-26 01:47,15.7 км,"ул. Санаторная, 3","ул. Новаторов, 10",105,105,125,199,300,105,,clear sky,10.77C,100%
2024-08-26 01:58,5.0 км,"ул. Луначарского, 51","ул. Шаумяна, 96",141,141,125,199,300,141,,clear sky,11.77C,94%
2024-08-26 02:09,2.0 км,"ул. Бебеля, 162","ул. Минометчиков, 62",410,410,114,199,300,410,,few clouds,11.77C,94%
2024-08-26 02:20,13.3 км,"ул. Патриса Лумумбы, 14","ул. Изоплитная, 30",95,95,114,199,300,95,,few clouds,11.77C,94%
2024-08-26 02:31,13.2 км,"ул. Феофанова, 8","ул. Бабушкина, 30",113,113,125,199,300,113,,few clouds,11.77C,94%
2024-08-26 02:42,3.7 км,"ул. Современников, 2","ул. Фрунзе, 67б",95,95,125,199,300,95,,scattered clouds,11.77C,94%
2024-08-26 02:52,6.6 км,"ул. 8 Марта, 55","ул. Павла Шаманова, 7",141,141,141,199,300,141,,scattered clouds,11.77C,94%
2024-08-26 03:03,11.8 км,"пр-кт Космонавтов, 26а","ул. Павла Шаманова, 50",203,203,114,199,300,203,,,,
2024-08-26 03:14,3.5 км,"ул. Чапаева, 14 корпус 2","ул. Байкальская, 40",105,105,125,199,300,105,,,,
2024-08-26 03:25,3.8 км,"ул. Машинистов, 3","ул. Садовая, 3а",113,113,125,199,300,113,,,,
2024-08-26 03:36,9.1 км,"ул. Шаумяна, 20","ул. Альпинистов, 24а",105,105,125,199,300,105,,,,
2024-08-26 03:47,1.5 км,"ул. Патриса Лумумбы, 27б","ул. Патриса Лумумбы, 48",105,105,114,199,300,105,,,,
2024-08-26 04:00,5.7 км,"ул. Розы Люксембург, 69/2","ул. Патриса Лумумбы, 29а",123,123,114,199,300,123,,light intensity shower rain,11.77C,94%
2024-08-26 04:11,5.1 км,"ул. Дошкольная, 3","ул. Селькоровская, 4",105,105,114,199,300,105,,,,
2024-08-26 04:22,6.6 км,"ул. Заводская, 43 корпус 4","ул. Комсомольская, 43",185,185,177,199,300,185,,,,
2024-08-26 04:35,6.8 км,"ул. Донбасская, 4","ул. Бажова, 122",149,149,114,199,300,149,,,,
2024-08-26 04:46,5.8 км,"ул. Хомякова, 9","ул. Калинина, 10",221,221,114,199,300,221,,scattered clouds,11.77C,94%
2024-08-26 04:56,5.3 км,"ул. Ясная, 24","пр-кт Академика Сахарова, 31а",167,167,114,199,300,167,,,,
2024-08-26 05:07,10.9 км,"ул. Зои Космодемьянской, 46а","ул. Гоголя, 15",95,95,114,199,300,95,,scattered clouds,11.77C,94%
2024-08-26 05:18,8.9 км,"ул. Хохрякова, 48","ул. Народного фронта, 89а",185,185,151,199,300,185,,scattered clouds,11.77C,94%
2024-08-26 05:29,8.9 км,"ул. Академика Постовского, 19","ул. Комвузовская, 21Ж",149,149,193,199,300,149,,scattered clouds,11.77C,94%
2024-08-26 05:40,7.9 км,"ул. Удельная, 14","ул. Степана Разина, 28",221,221,193,199,300,221,,,,
2024-08-26 05:53,8.6 км,"ул. Сыромолотова, 21","ул. Банникова, 6",95,95,114,199,300,95,,few clouds,11.77C,94%
2024-08-26 06:04,10.8 км,"ул. Красных борцов, 5","ул. Очеретина, 5",231,231,151,199,300,231,,few clouds,11.77C,94%
2024-08-26 06:15,11.2 км,"ул. Яскина, 8","ул. Амундсена, 56",95,95,114,199,300,95,,clear sky,10.77C,100%
2024-08-26 06:26,10.8 км,"ул. Уральских рабочих, 42","ул. Авиационная, 61 корпус 4",203,203,204,235,300,203,,,,
2024-08-26 06:36,6.3 км,"ул. Первомайская, 63","ул. Уральских рабочих, 53 Строение а",185,185,114,199,300,185,,clear sky,10.77C,100%
2024-08-26 06:47,5.4 км,"ул. Камчатская, 43","ул. Ярославская, 17",239,239,141,199,300,239,,,,
2024-08-26 07:00,7.7 км,"ул. Студенческая, 62","ул. Чердынская, 56",195,195,114,199,300,195,,,,
2024-08-26 07:11,6.7 км,"ул. Сухоложская, 10","ул. Вишневая, 32",284,284,317,327,300,284,,clear sky,10.77C,100%
2024-08-26 07:22,5.9 км,"ул. Солнечная, 43","ул. Избирателей, 60",185,185,282,411,414,185,,,,
2024-08-26 07:33,12.7 км,"ул. Конотопская, 2","ул. Щербакова, Строение 149",257,257,125,199,300,257,,clear sky,11.77C,94%
2024-08-26 07:44,1.2 км,"ул. Вишневая, 61","ул. Байкальская, 48",302,302,204,199,300,302,,broken clouds,11.77C,100%
2024-08-26 07:55,5.1 км,"ул. Короленко, 9","ул. 40-летия Комсомола, 14а",123,123,114,199,300,123,,broken clouds,11.77C,100%
2024-08-26 08:06,12.7 км,"ул. Водоемная, 80/3","ул. Совхозная, 6",338,338,141,199,300,338,,,,
2024-08-26 08:17,4.3 км,"ул. Селькоровская, 64а","ул. Краснолесья, 10/3",177,177,290,235,300,177,,,,
2024-08-26 08:27,6.6 км,"ул. Белинского, 84","Коллективный пер., 8",177,177,114,199,338,177,,scattered clouds,12.77C,94%
2024-08-26 08:38,9.2 км,"ул. Фурманова, 55","ул. Тружеников, 2 Литер А",213,213,125,199,300,213,,,,
2024-08-26 08:49,10.3 км,"ул. Белинского, 149","Замятина пер., 37",310,310,167,199,300,310,,scattered clouds,13.77C,94%
2024-08-26 09:00,5.2 км,"ул. Павла Шаманова, 16","ул. Военная, 7а",195,195,114,199,300,195,,scattered clouds,13.77C,94%
2024-08-26 09:11,7.1 км,"пр-кт Ленина, 75","ул. 40-летия Октября, 69",95,95,114,199,300,95,,,,
2024-08-26 09:22,5.0 км,"ул. Опалихинская, 32","ул. Стахановская, 24 корпус 1",213,213,114,199,300,213,,,,
2024-08-26 09:35,7.4 км,"ул. Малышева, 109а","ул. Фрезеровщиков, 82",113,113,114,199,300,113,,,,
2024-08-26 09:48,4.6 км,"пр-кт Ленина, 69 корпус 5","ул. Автомагистральная, 11",95,95,114,199,300,95,,scattered clouds,15.77C,82%
2024-08-26 09:59,11.7 км,"ул. Чкалова, 231","ул. Культуры, 21а",131,131,114,199,300,131,,,,
2024-08-26 10:12,9.5 км,"ул. Малышева, 156","ул. Патриса Лумумбы, 52",123,123,114,199,300,123,,scattered clouds,15.77C,82%
2024-08-26 10:23,14.4 км,"ул. Ереванская, 63","ул. Прибалтийская, 35",123,123,114,199,300,123,,,,
2024-08-26 10:34,4.1 км,"ул. Библиотечная, 43","ул. Свердлова, 66",113,113,114,199,300,113,,broken clouds,15.77C,82%
2024-08-26 10:45,6.8 км,"ул. Волгоградская, 90","ул. Водонасосная, 27 корпус 1",131,131,114,199,300,131,,scattered clouds,15.77C,82%
2024-08-26 10:56,9.6 км,"ул. Учителей, 7а","ул. Очеретина, 7",105,105,114,199,300,105,,scattered clouds,15.77C,82%
2024-08-26 11:07,2.2 км,"ул. 22 Партсъезда, 16","ул. 40-летия Октября, 88",131,131,167,199,300,131,,,,
2024-08-26 11:20,14.8 км,"ул. Карельская, 49","ул. Викулова, 35 корпус 1",167,167,114,199,300,167,,,,
2024-08-26 11:33,12.7 км,"ул. Авиаторов, 10","Сибирский тракт 9 км., 103",105,105,114,199,300,105,,broken clouds,16.77C,77%
2024-08-26 11:44,2.6 км,"ул. Викулова, 42","ул. Академика Бардина, 9",149,149,114,199,300,149,,,,
2024-08-26 11:55,8.9 км,"ул. Машиностроителей, 14","ул. Академика Бардина, 17",141,141,151,199,300,141,,broken clouds,16.77C,77%
2024-08-26 12:06,4.2 км,"ул. Сыромолотова, 20","ул. Пионеров, 1",105,105,114,199,300,105,,broken clouds,16.77C,77%
2024-08-26 12:17,13.2 км,"ул. Ползунова, 34г","ул. Гастелло, 25",131,131,230,199,300,131,,broken clouds,16.77C,77%
2024-08-26 12:27,10.5 км,"ул. Сыромолотова, 11в","ул. Краснолесья, 30",95,95,114,199,300,95,,broken clouds,16.77C,77%
2024-08-26 12:38,2.5 км,"ул. Белинского, 113","ул. Вишневая, 34",123,123,114,199,300,123,,light rain,17.77C,72%
2024-08-26 12:49,4.1 км,"ул. Начдива Онуфриева, 24 корпус 1","ул. Симферопольская, 30",185,185,193,199,300,185,,,,
2024-08-26 13:00,14.7 км,"ул. Бахчиванджи, 11","Денисова-Уральского б-р, 2",113,113,114,199,300,113,,light rain,17.77C,72%
2024-08-26 13:11,2.1 км,"ул. Кобозева, 114","ул. Краснофлотцев, 10",141,141,193,199,300,141,,,,
2024-08-26 13:24,6.5 км,"ул. Ватутина, 11","пр-кт Космонавтов, 72",177,177,177,199,300,177,,light rain,17.77C,72%
2024-08-26 13:35,8.5 км,"пр-кт Седова, 48","ул. Союзная, 6",167,167,167,199,300,167,,,,
2024-08-26 13:46,12.3 км,"Каслинский пер., 5","ул. Социалистическая, 1",185,185,141,247,300,185,,light rain,16.77C,82%
2024-08-26 13:57,7.5 км,"ул. Московская, 212 корпус 3","ул. Кулибина, 3",141,141,114,199,300,141,,,,
2024-08-26 14:10,4.1 км,"ул. Пионеров, 7","ул. Краснодарская, 34",141,141,114,199,300,141,,,,
2024-08-26 14:21,15.4 км,"ул. Молотобойцев, 6","ул. Краснофлотцев, 38",167,167,114,199,300,167,,light rain,17.77C,77%
2024-08-26 14:32,8.9 км,"ул. Красноуральская, 25","ул. Парниковая, 1",95,95,114,199,300,95,,scattered clouds,17.77C,77%
2024-08-26 14:43,4.5 км,"ул. Посадская, 48","ул. Вишневая, 51",95,95,114,199,300,95,,,,
2024-08-26 14:54,1.7 км,"ул. Калинина, 40","пр-кт Космонавтов, 80",113,113,114,199,300,113,,scattered clouds,17.77C,68%
2024-08-26 15:05,6.6 км,"ул. Академическая, 11а","пр-кт Космонавтов, 57",123,123,114,199,300,123,,scattered clouds,17.77C,68%
2024-08-26 15:16,6.2 км,"ул. Бородина, 6","ул. Агрономическая, 38",123,123,114,199,300,123,,scattered clouds,17.77C,72%
2024-08-26 15:27,10.7 км,"ул. Шатурская, 5","ул. Энтузиастов, 38",123,123,114,199,300,123,,,,
2024-08-26 15:37,9.1 км,"ул. 8 Марта, 78а","Замятина пер., 27",149,149,114,199,300,149,,,,
2024-08-26 15:51,8.7 км,"ул. Стрелочников, 23","ул. Титова, 15",131,131,114,199,300,131,,scattered clouds,17.77C,72%
2024-08-26 16:01,614.9 м,"ул. Энергостроителей, 11","Гаринский пер., 8",131,131,114,199,300,131,,,,
2024-08-26 16:15,18.7 км,"ул. Старых Большевиков, 82 корпус 1","ул. Аграрная, 67",113,113,141,199,300,113,,scattered clouds,17.77C,72%
2024-08-26 16:25,2.5 км,"ул. Народной воли, 25","ул. Красноуральская, 21",141,141,114,199,300,141,,,,
2024-08-26 16:39,5.0 км,"ул. Гагарина, Сооружение 35а","ул. Летчиков, 12",203,203,125,199,300,203,,scattered clouds,18.77C,68%
2024-08-26 16:50,14.0 км,"Черноморский пер., 4","ул. Симферопольская, 17",123,123,114,199,300,123,,scattered clouds,18.77C,68%
2024-08-26 17:00,8.8 км,"ул. Ярославская, 17","ул. Карла Маркса, 24",105,105,114,199,300,105,,scattered clouds,18.77C,68%
2024-08-26 17:11,8.7 км,"ул. Библиотечная, 48","пр-кт Космонавтов, 59а",149,149,151,199,300,149,,scattered clouds,18.77C,63%
2024-08-26 17:22,2.6 км,"ул. Московская, 212 корпус 4","Алма-Атинский пер., 1",149,149,114,199,300,149,,scattered clouds,18.77C,63%
2024-08-26 17:33,6.4 км,"ул. Мира, 3ж","ул. 40-летия Октября, 88",203,203,114,199,300,203,,scattered clouds,18.77C,63%
2024-08-26 17:44,3.4 км,"ул. 8 Марта, 110","ул. Куйбышева, 112",149,149,114,199,300,149,,,,
2024-08-26 17:57,4.4 км,"ул. Начдива Онуфриева, 6 корпус 1","ул. Мостовая, 53а",141,141,114,199,300,141,,scattered clouds,18.77C,68%
2024-08-26 18:08,951.8 м,"ул. Далекая, 24","ул. Эскадронная, 29",167,167,114,199,300,167,,scattered clouds,18.77C,68%
2024-08-26 18:19,6.1 км,"ул. Кунарская, 32","ул. Гражданская, 2а",105,105,114,199,300,105,,scattered clouds,18.77C,68%
2024-08-26 18:30,20.0 км,"ул. Ракетная, 8","ул. Стахановская, 32",105,105,114,199,338,105,,scattered clouds,18.77C,68%
2024-08-26 18:41,3.7 км,"ул. Красных командиров, Строение 29","ул. 22 Партсъезда, 21а",131,131,151,199,338,131,,scattered clouds,18.77C,68%
2024-08-26 18:52,11.6 км,"ул. Амундсена, 54 корпус 1","ул. 40-летия Октября, 73",141,141,114,199,300,141,,few clouds,17.77C,72%
2024-08-26 19:03,7.8 км,"ул. Синарская, 58Б","ул. Стачек, 7",149,149,125,199,300,149,,,,
2024-08-26 19:16,12.1 км,"ул. Бебеля, 164","Сухумский пер., 4",105,105,114,199,300,105,,,,
2024-08-26 19:29,10.0 км,"ул. Парниковая, 10","ул. Большой Конный п-ов, 3",95,95,114,199,300,95,,,,
2024-08-26 19:40,7.2 км,"ул. 40-летия Октября, 27","ул. Репина, 14",105,105,114,199,300,105,,clear sky,17.77C,72%
2024-08-26 19:51,10.4 км,"ул. Посадская, 44 корпус 4","ул. Бакинских комиссаров, 108",149,149,114,199,300,149,,,,
2024-08-26 20:02,11.2 км,"ул. Мурзинская, 2","ул. Малышева, Строение 25",141,141,114,199,300,141,,clear sky,16.77C,77%
2024-08-26 20:13,11.5 км,"ул. Студенческая, 44","ул. Колхозников, 10",185,185,151,199,300,185,,,,
2024-08-26 20:24,4.7 км,"ул. Гурзуфская, 38","ул. Техническая, 22 корпус 2",149,149,125,199,300,149,,,,
2024-08-26 20:37,12.6 км,"ул. Испанских Рабочих, 28","ул. Грибоедова, 26а",159,159,125,199,300,159,,clear sky,16.77C,77%
2024-08-26 20:48,13.7 км,"ул. Кузнецова, 21","ул. Санаторная, 18а",95,95,114,199,300,95,,clear sky,15.77C,82%
2024-08-26 20:59,7.0 км,"ул. Пилотная, 5","Переходный пер., 2а",113,113,114,199,300,113,,,,
2024-08-26 21:12,12.9 км,"ул. Краснофлотцев, 4а","ул. Титова, 58",131,131,141,199,300,131,,,,
2024-08-26 21:23,11.8 км,"ул. Стрелочников, 22","ул. Малогородская, 8",141,141,114,199,300,141,,,,
2024-08-26 21:36,5.5 км,"Парковый пер., 39 корпус 3","ул. Шефская, 104",149,149,114,199,300,149,,few clouds,10.77C,100%
2024-08-26 21:47,10.3 км,"ул. Павла Шаманова, 44","ул. Советская, 41",95,95,114,199,300,95,,few clouds,10.77C,100%
2024-08-26 21:58,5.8 км,"ул. Папанина, 16","Симбирский пер., 2",159,159,151,199,300,159,,,,
2024-08-26 22:09,16.0 км,"ул. Патриса Лумумбы, 93","ул. Таганская, 53",123,123,114,199,300,123,,fog,9.77C,100%
2024-08-26 22:20,788.3 м,"ул. Лесная, 39","ул. Бебеля, 144",141,141,114,199,300,141,,,,
2024-08-26 22:31,15.6 км,"ул. Стахановская, 24 корпус 1","ул. Карельская, 57",123,123,114,199,300,123,,,,
2024-08-26 22:44,10.9 км,"Замятина пер., 38 корпус 2","ул. Белореченская, 23 корпус 2",105,105,114,199,300,105,,mist,10.77C,100%
2024-08-26 22:55,5.3 км,"ул. Блюхера, 61б","ул. Радищева, 57",105,105,125,199,300,105,,mist,10.77C,100%
2024-08-26 23:06,12.5 км,"ул. Родонитовая, 1","ул. Индустрии, 57 корпус 2",195,195,114,199,300,195,,mist,10.77C,100%
2024-08-26 23:17,16.9 км,"ул. Индустрии, 125","ул. Молотобойцев, 15",203,203,125,199,300,203,,,,
2024-08-26 23:30,5.6 км,"ул. Папанина, 3","ул. Чайковского, 80/1",239,239,125,199,300,239,,fog,9.77C,100%
2024-08-26 23:41,1.2 км,"ул. Вайнера, 68","ул. Гурзуфская, 23",284,284,114,199,300,284,,,,
2024-08-26 23:54,8.5 км,"ул. Григория Речкалова, 1","ул. Кварцевая, 6",105,105,114,199,300,105,,,,
2024-08-27 00:07,11.8 км,"ул. Начдива Онуфриева, 70","ул. Баумана, 32а",149,149,114,199,300,149,,,,
2024-08-27 00:20,3.3 км,"ул. Библиотечная, 58","ул. Степана Разина, 28",249,249,114,199,300,249,,fog,7.77C,100%
2024-08-27 00:31,11.7 км,"ул. Военная, 7а","ул. Краснофлотцев, 6",149,149,114,199,300,149,,fog,7.77C,100%
2024-08-27 00:42,4.7 км,"Суворовский пер., 22","ул. Николая Никонова, 18",149,149,193,199,300,149,,,,
2024-08-27 00:53,10.9 км,"ул. Толмачева, 28","ул. Профсоюзная, 43",167,167,114,199,300,167,,fog,7.77C,100%
2024-08-27 01:04,4.9 км,"ул. Комвузовская, 11","ул. Майкопская, 5б",195,195,212,199,300,195,,fog,7.77C,100%
2024-08-27 01:15,5.5 км,"ул. Кузнецова, 4а","ул. Первомайская, 95",131,131,114,199,300,131,,,,
2024-08-27 01:26,8.4 км,"ул. Ухтомская, 41","ул. Владимира Высоцкого, 5а",123,123,114,199,300,123,,,,
2024-08-27 01:37,3.8 км,"ул. Сыромолотова, 16 Строение в","ул. Щорса, 24",105,105,114,199,300,105,,,,
2024-08-27 01:48,10.5 км,"ул. Менжинского, 1а","ул. Патриса Лумумбы, 12",167,167,114,199,300,167,,,,
2024-08-27 02:01,16.1 км,"ул. Латвийская, 16","ул. Калинина, 35",95,95,125,199,300,95,,fog,6.77C,100%
2024-08-27 02:12,10.6 км,"ул. Яскина, 8","ул. Современников, 17",95,95,114,199,300,95,,,,
2024-08-27 02:25,13.9 км,"ул. Чкалова, 252","ул. Победы, 38",95,95,114,199,300,95,,,,
2024-08-27 02:38,20.7 км,"ул. Надеждинская, 13","ул. Испытателей, 12а",95,95,114,199,300,95,,,,
2024-08-27 02:51,11.8 км,"Рижский пер., 6","ул. Расточная, 15 корпус 7",159,159,141,199,300,159,,mist,6.77C,100%
2024-08-27 03:02,5.7 км,"ул. Павлодарская, 50","ул. Новгородцевой, 11б",95,95,114,247,300,95,,fog,6.77C,100%
2024-08-27 03:13,3.8 км,"ул. Стрелочников, 1","пр-кт Ленина, 62 корпус 9",177,177,114,199,300,177,,,,
2024-08-27 03:24,6.7 км,"ул. Тверитина, 38 корпус 3","ул. Краснолесья, 10",105,105,114,199,300,105,,,,
2024-08-27 03:35,1.8 км,"Красный пер., 12","ул. Шарташская, 25",105,105,114,199,300,105,,fog,5.77C,100%
2024-08-27 03:46,7.8 км,"ул. Шейнкмана, 83","ул. Билимбаевская, 25 корпус 2",123,123,114,199,300,123,,fog,5.77C,100%
2024-08-27 03:57,14.6 км,"ул. Профсоюзная, 24","ул. Электриков, 9",95,95,114,199,300,95,,,,
2024-08-27 04:11,8.2 км,"ул. Расточная, 33","ул. Академика Бардина, 3 корпус 1",141,141,114,199,300,141,,fog,5.77C,100%
2024-08-27 04:22,17.5 км,"ул. Бисертская, 16 корпус 2","ул. Кировградская, 61",113,113,125,199,300,113,,fog,5.77C,100%
2024-08-27 04:33,6.4 км,"ул. Юмашева, 16","ул. Шефская, 4",131,131,114,199,300,131,,,,
2024-08-27 04:46,5.1 км,"ул. Индустрии, 96","ул. Вилонова, 86 корпус 1",231,231,125,199,300,231,,,,
2024-08-27 04:59,6.0 км,"ул. Победы, 55","ул. Блюхера, 61б",159,159,114,199,300,159,,fog,5.77C,100%
2024-08-27 05:10,5.3 км,"ул. Удельная, 9","Решетникова проезд, 12",149,149,177,199,300,149,,,,
2024-08-27 05:23,5.3 км,"ул. Шейнкмана, 118","ул. Софьи Перовской, 115",195,195,114,199,300,195,,fog,5.77C,100%
2024-08-27 05:34,1.4 км,"ул. Циолковского, 34","ул. Амундсена, 51а",221,221,114,199,300,221,,,,
2024-08-27 05:47,8.1 км,"ул. Минометчиков, 36","пр-кт Космонавтов, 95-б",159,159,114,199,300,159,,,,
2024-08-27 06:00,5.7 км,"ул. Бажова, 76","ул. Пехотинцев, 2 корпус 2",113,113,114,199,300,113,,fog,5.77C,100%
2024-08-27 06:11,6.6 км,"ул. Пехотинцев, 11","ул. Куйбышева, 80 корпус 1",105,105,167,199,300,105,,fog,4.77C,100%
2024-08-27 06:22,8.1 км,"Сиреневый б-р, 10","ул. Металлургов, 16а",231,231,167,199,300,231,,fog,4.77C,100%
2024-08-27 06:33,2.3 км,"ул. Малышева, 76","ул. Педагогическая, 6",141,141,114,199,300,141,,,,
2024-08-27 06:47,8.0 км,"ул. Пушкина, 9","пр-кт Академика Сахарова, 68",95,95,114,199,300,95,,mist,4.77C,100%
2024-08-27 06:58,3.2 км,"ул. Онежская, 5","ул. Куйбышева, 48 корпус 4",123,123,125,199,300,123,,few clouds,4.77C,100%
2024-08-27 07:09,9.1 км,"ул. Волгоградская, 88","ул. Профсоюзная, 18",312,312,114,199,300,312,,,,
2024-08-27 07:20,8.3 км,"ул. Донская, 20","ул. Червонная, 40",231,231,167,299,300,231,,,,
2024-08-27 07:31,4.8 км,"ул. Звездная, 4","ул. Пальмиро Тольятти, 22",203,203,114,199,300,203,,fog,7.77C,100%
2024-08-27 07:42,10.1 км,"ул. Коминтерна, 20","ул. Павла Шаманова, 50",221,221,114,199,300,221,,clear sky,9.77C,100%
2024-08-27 07:53,6.5 км,"ул. Первомайская, 101в","ул. 22 Партсъезда, 9",185,185,114,199,300,185,,clear sky,9.77C,100%
2024-08-27 08:04,15.1 км,"ул. Мартовская, 1","ул. Корепина, 45а",113,113,167,199,300,113,,,,
2024-08-27 08:17,5.9 км,"ул. Азина, 55","ул. Луганская, 3 корпус 2",203,203,114,199,300,203,,clear sky,10.77C,100%
2024-08-27 08:28,9.5 км,"ул. Менделеева, 2а","ул. Рощинская, 63",213,213,193,199,300,213,,clear sky,10.77C,100%
2024-08-27 08:39,12.1 км,"ул. Братская, 18","ул. Корепина, 16",203,203,167,199,300,203,,mist,12.77C,100%
2024-08-27 08:50,3.6 км,"ул. Кировградская, 51а","ул. Лобкова, 36",213,213,114,199,300,213,,mist,12.77C,100%
2024-08-27 09:01,4.7 км,"ул. Просторная, 73в","ул. Восточная, 84в",310,310,125,199,300,310,,,,
2024-08-27 09:12,4.3 км,"ул. Луначарского, 55","ул. Белореченская, 8",113,113,114,199,300,113,,,,
2024-08-27 09:24,7.0 км,"ул. Первомайская, 99","ул. Кировградская, 50",113,113,125,199,300,113,,clear sky,14.77C,88%
2024-08-27 09:35,9.9 км,"ул. Мурзинская, 2","ул. Куйбышева, 112",249,249,125,199,300,249,,,,
2024-08-27 09:46,9.9 км,"ул. Парниковая, 4","ул. Металлургов, 30 корпус 2",149,149,361,199,300,149,,clear sky,15.77C,82%
2024-08-27 09:57,2.9 км,"ул. Мичурина, 43а","ул. Тюменская, 20",95,95,114,199,300,95,,clear sky,15.77C,82%
2024-08-27 10:08,19.2 км,"ул. Красных командиров, 1","ул. Амбулаторная, 4",105,105,114,199,300,105,,clear sky,17.77C,72%
2024-08-27 10:19,6.8 км,"ул. Кировградская, 55","ул. Блюхера, 95",123,123,204,199,300,123,,,,
2024-08-27 10:32,11.3 км,"ул. Селькоровская, 14","ул. Сахалинская, 5",231,231,264,199,300,231,,,,
2024-08-27 10:45,4.9 км,"ул. Кузнечная, 82","ул. Корепина, 31а",95,95,114,199,300,95,,clear sky,17.77C,72%
2024-08-27 10:56,9.8 км,"ул. Комсомольская, 31а","ул. Латвийская, 18",113,113,114,199,300,113,,,,
2024-08-27 11:10,1.5 км,"ул. Ясная, 32 корпус 4","ул. Московская, 70",105,105,114,199,300,105,,,,
2024-08-27 11:23,4.1 км,"ул. Автомагистральная, 17","ул. Избирателей, 19",249,249,125,199,300,249,,,,
2024-08-27 11:36,10.5 км,"2-й Подъемный пер., 4","пр-кт Ленина, 62 корпус 2",284,284,301,199,300,284,,few clouds,20.77C,56%
2024-08-27 11:47,13.6 км,"ул. Хвойная, 77","ул. Токарей, 58 корпус 1",95,95,114,199,300,95,,few clouds,20.77C,56%
2024-08-27 11:58,6.8 км,"ул. Союзная, 8","ул. Блюхера, 75 корпус 3",95,95,114,199,300,95,,,,
2024-08-27 12:09,6.5 км,"ул. Благодатская, 68","ул. Черкасская, 41",167,167,167,199,300,167,,few clouds,20.77C,56%
2024-08-27 12:20,9.2 км,"ул. Кобозева, 118","Сибирский тракт, 22",149,149,230,199,300,149,,few clouds,20.77C,60%
2024-08-27 12:31,4.7 км,"ул. Стахановская, 4","пр-кт Седова, 55",185,185,177,199,300,185,,few clouds,20.77C,60%
2024-08-27 12:42,5.2 км,"Многостаночников пер., 14","ул. Благодатская, 61",312,312,151,199,300,312,,,,
2024-08-27 12:54,12.2 км,"ул. Грибоедова, 20а","ул. Очеретина, 4",149,149,125,199,300,149,,scattered clouds,20.77C,56%
2024-08-27 13:05,10.1 км,"ул. Репина, 64","Черноморский пер., 3",149,149,177,199,300,149,,,,
2024-08-27 13:16,3.2 км,"ул. Большакова, 99","ул. Челюскинцев, 3а",141,141,177,199,300,141,,,,
2024-08-27 13:29,4.1 км,"ул. Стахановская, 24 корпус 2","ул. Стрелочников, 18",159,159,151,199,300,159,,scattered clouds,20.77C,60%
2024-08-27 13:40,1.4 км,"ул. Энергостроителей, 19","ул. Малышева, 21 корпус 3",159,159,125,199,300,159,,,,
2024-08-27 13:53,1.2 км,"ул. Красина, 3","ул. Вилонова, 6",159,159,114,199,300,159,,,,
2024-08-27 14:07,69.3 м,"ул. Красных командиров, 130","ул. Красных командиров, 128",195,195,114,199,300,195,,scattered clouds,20.77C,56%
2024-08-27 14:18,11.2 км,"Многостаночников пер., 15","ул. Белореченская, 24 корпус 2",113,113,114,199,300,113,,scattered clouds,20.77C,56%
2024-08-27 14:29,7.1 км,"ул. Ломоносова, 87","Асбестовский пер., 3 корпус 3",149,149,114,199,300,149,,scattered clouds,21.77C,53%
2024-08-27 14:40,14.1 км,"ул. Калинина, 70","ул. Ферганская, 8",141,141,114,199,300,141,,,,
2024-08-27 14:53,4.2 км,"ул. Фрунзе, Сооружение 39","ул. Ухтомская, 47",105,105,114,199,300,105,,,,
2024-08-27 15:04,4.4 км,"ул. Менделеева, 6","Сергея Есенина б-р, 6",159,159,114,199,300,159,,,,
2024-08-27 15:17,8.9 км,"ул. Крауля, 84","ул. Баумана, 32а",113,113,114,199,300,113,,clear sky,22.77C,49%
2024-08-27 15:28,15.2 км,"ул. Ползунова, 14","ул. Ляпустина, 25",203,203,212,199,300,203,,,,
2024-08-27 15:42,19.5 км,"ул. Самаркандская, 25","2-й Подъемный пер., 4",131,131,114,199,300,131,,clear sky,21.77C,53%
2024-08-27 15:53,7.0 км,"ул. Чкалова, 18","ул. Боровая, 19",95,95,114,199,300,95,,clear sky,21.77C,53%
2024-08-27 16:04,12.4 км,"ул. Малышева, Строение 35","ул. Малогородская, 2",149,149,114,199,300,149,,,,
2024-08-27 16:15,16.0 км,"ул. Кировградская, 28","ул. Славянская, 50",159,159,125,199,300,159,,,,
2024-08-27 16:28,4.8 км,"ул. Степана Разина, 79","ул. Лодыгина, 8",123,123,114,199,300,123,,clear sky,22.77C,49%
2024-08-27 16:39,10.1 км,"ул. Начдива Онуфриева, 24 корпус 2","ул. Орденоносцев, 4",113,113,114,199,300,113,,,,
2024-08-27 16:52,14.8 км,"ул. Ангарская, 62","ул. Мусоргского, 17",149,149,141,199,300,149,,,,
2024-08-27 17:06,6.2 км,"ул. Краснолесья, 127","ул. Чапаева, 30",105,105,125,199,300,105,,clear sky,22.77C,49%
2024-08-27 17:17,10.1 км,"ул. Коминтерна, 7","ул. Павла Шаманова, 15",257,257,141,199,300,257,,,,
2024-08-27 17:28,8.8 км,"ул. Таватуйская, 4г","ул. Авиационная, 65 корпус 4",123,123,151,199,300,123,,,,
2024-08-27 17:41,18.2 км,"ул. Аграрная, 67","ул. Викулова, 61 корпус 3",105,105,114,199,300,105,,,,
2024-08-27 17:55,11.0 км,"ул. Красных партизан, 8","ул. Крестинского, 55 корпус 1",141,141,114,199,300,141,,,,
2024-08-27 18:08,5.3 км,"ул. Донбасская, 39","ул. Урицкого, 7",105,105,114,199,300,105,,clear sky,22.77C,49%
2024-08-27 18:19,4.5 км,"ул. Циолковского, 34","ул. Папанина, 19",239,239,193,199,300,239,,,,
2024-08-27 18:30,5.0 км,"ул. Шевченко, 18","ул. Циолковского, 22",159,159,114,199,300,159,,,,
2024-08-27 18:43,3.4 км,"ул. Учителей, 7","ул. Гоголя, Строение 18",185,185,141,199,300,185,,,,
2024-08-27 18:57,10.6 км,"ул. Агрономическая, 18Б","ул. Белоярская, 10",284,284,114,199,300,284,,,,
2024-08-27 19:10,7.3 км,"Каслинский пер., 4а","ул. Солнечная, 43а",131,131,114,199,300,131,,,,
2024-08-27 19:21,6.8 км,"ул. Флотская, 45","ул. Шолохова, 3",141,141,114,199,300,141,,,,
2024-08-27 19:34,3.9 км,"ул. Солнечная, 43","ул. Корепина, 5",141,141,114,199,300,141,,clear sky,20.77C,56%
2024-08-27 19:46,15.7 км,"Парковый пер., 39 корпус 2","ул. Бахчиванджи, 20",185,185,114,199,300,185,,,,
2024-08-27 19:59,16.2 км,"пр-кт Космонавтов, 52а","ул. Бородина, 15",95,95,114,199,300,95,,clear sky,18.77C,68%
2024-08-27 20:10,3.2 км,"ул. Вали Котика, 13","ул. Ирбитская, 71",113,113,114,199,300,113,,,,
2024-08-27 20:23,14.8 км,"ул. Новая, 5","ул. Таганская, 10",95,95,114,199,300,95,,clear sky,17.77C,68%
2024-08-27 20:35,12.2 км,"ул. Инженерная, 43","Красный пер., 10",95,95,151,199,300,95,,,,
2024-08-27 20:48,3.7 км,"ул. Машинистов, 19а","ул. Посадская, 53",123,123,114,199,300,123,,clear sky,15.77C,77%
2024-08-27 20:59,15.1 км,"ул. Академика Парина, 43/2","ул. Искровцев, 23",95,95,114,199,300,95,,,,
2024-08-27 21:13,1.1 км,"ул. Индустрии, 121","ул. Ломоносова, 28",159,159,114,199,300,159,,clear sky,14.77C,82%
2024-08-27 21:24,5.5 км,"ул. Краснолесья, 14 корпус 1","ул. Заводская, 43 корпус 3",95,95,114,199,300,95,,,,
2024-08-27 21:35,13.3 км,"ул. Авиаторов, 15","ул. Зенитчиков, 108",95,95,114,199,300,95,,clear sky,14.77C,82%
2024-08-27 21:46,12.6 км,"ул. Пионеров, 6","ул. Инженерная, 28а",105,105,114,199,300,105,,clear sky,14.77C,88%
2024-08-27 21:57,2.5 км,"ул. Энгельса, 30","ул. Коминтерна, 11а",221,221,177,199,300,221,,clear sky,14.77C,88%
2024-08-27 22:08,12.6 км,"ул. Патриотов, 8","ул. Шефская, 15",113,113,114,199,300,113,,clear sky,14.76C,88%
2024-08-27 22:20,6.9 км,"ул. Чекистов, 18","ул. Авиационная, 65 корпус 4",348,348,114,199,300,348,,clear sky,13.77C,94%
2024-08-27 22:31,7.4 км,"Гаринский пер., 12","ул. Агрономическая, 22",213,213,114,199,300,213,,clear sky,13.77C,94%
2024-08-27 22:42,7.7 км,"ул. Камчатская, 49","ул. Заводская, 40",105,105,114,199,300,105,,clear sky,14.77C,88%
2024-08-27 22:53,2.2 км,"ул. Московская, 40","ул. Ясная, 36 корпус 2",159,159,114,199,300,159,,,,
2024-08-27 23:07,3.2 км,"ул. Чкалова, 127","ул. Братская, 18",159,159,125,199,300,159,,clear sky,14.77C,88%
2024-08-27 23:18,14.1 км,"ул. Стрелочников, 3","ул. Водная, 15",274,274,125,199,300,274,,,,
2024-08-27 23:29,7.1 км,"ул. Заводская, 9","ул. Титова, 18",231,231,114,199,300,231,,,,
2024-08-27 23:40,4.2 км,"ул. Советская, 13 корпус 1","ул. Крупносортщиков, 12",203,203,114,199,300,203,,,,
2024-08-27 23:51,13.9 км,"ул. Феофанова, 1","ул. Коммунистическая, 101",95,95,141,199,300,95,,clear sky,12.77C,100%
2024-08-28 00:03,6.1 км,"ул. Краснолесья, 47","ул. Колхозников, 82",105,105,114,199,300,105,,clear sky,12.77C,100%
2024-08-28 00:14,16.0 км,"ул. Бебеля, 123","Многостаночников пер., 15",105,105,125,199,300,105,,clear sky,13.77C,94%
2024-08-28 00:25,10.2 км,"Черниговский пер., 23","ул. Очеретина, 8",159,159,114,199,300,159,,,,
2024-08-28 00:39,6.5 км,"Косьвинский пер., 76","ул. Большакова, 155",95,95,125,199,300,95,,,,
2024-08-28 00:52,13.1 км,"ул. Стачек, 12","ул. Варшавская, 20",131,131,141,199,300,131,,,,
2024-08-28 01:06,6.0 км,"ул. Попова/Сакко и Ванцетти, 13/54","ул. Баумана, 15",195,195,114,199,300,195,,clear sky,11.77C,100%
2024-08-28 01:17,9.8 км,"ул. Рябинина, 49а","ул. Пехотинцев, 10",95,95,114,199,300,95,,,,
2024-08-28 01:28,9.0 км,"ул. Крестинского, 55 корпус 1","ул. Конотопская, 4",95,95,114,199,300,95,,,,
2024-08-28 01:39,6.0 км,"ул. Военная, 9","ул. Анри Барбюса, 13",159,159,167,199,300,159,,clear sky,13.77C,94%
2024-08-28 01:50,4.1 км,"ул. Фрунзе, 51","ул. Заводская, 15а корпус 5",185,185,114,199,300,185,,clear sky,13.77C,94%
2024-08-28 02:02,7.7 км,"ул. Корепина, 31а","ул. Нагорная, 59",95,95,114,199,300,95,,clear sky,13.77C,94%
2024-08-28 02:13,1.5 км,"ул. Уральских коммунаров, 114","ул. Стрелочников, 7",123,123,114,199,300,123,,,,
2024-08-28 02:24,1.4 км,"пр-кт Космонавтов, 76","ул. Энтузиастов, 32",185,185,114,199,300,185,,clear sky,12.77C,100%
2024-08-28 02:35,4.4 км,"ул. Майкопская, 5","ул. Студенческая, 4",95,95,114,199,300,95,,clear sky,12.77C,100%
2024-08-28 02:47,2.9 км,"ул. Малышева, 120","ул. Сыромолотова, 18",123,123,114,199,300,123,,clear sky,13.77C,94%
2024-08-28 02:58,3.8 км,"ул. Минометчиков, 40","ул. Шевелева, 11",95,95,114,199,300,95,,,,
2024-08-28 03:09,13.9 км,"ул. Ясная, 34 корпус 3","ул. Бережная, 18",167,167,114,199,300,167,,clear sky,13.77C,94%
2024-08-28 03:20,13.0 км,"ул. Татищева, 70","ул. Грибоедова, 24",113,113,114,199,300,113,,clear sky,13.77C,94%
2024-08-28 03:31,6.4 км,"ул. Гастелло, 32","ул. Сыромолотова, 15",141,141,125,199,300,141,,clear sky,13.77C,94%
2024-08-28 03:43,6.1 км,"ул. Ереванская, 33","ул. Бакинских комиссаров, 17",131,131,114,199,300,131,,clear sky,13.77C,94%
2024-08-28 03:54,9.9 км,"ул. Панельная, 9","ул. Бакинских комиссаров, 40",159,159,167,199,300,159,,,,
2024-08-28 04:07,7.2 км,"ул. Маршала Жукова, 11","ул. Краснофлотцев, 67",177,177,114,199,300,177,,,,
2024-08-28 04:19,18.0 км,"ул. Кобозева, 83","ул. Бисертская, 4а",123,123,125,199,300,123,,clear sky,14.77C,88%
2024-08-28 04:30,8.3 км,"Выходной пер., 5 корпус 12","ул. Серова, 34",105,105,114,199,300,105,,,,
2024-08-28 04:41,2.8 км,"ул. Челюскинцев, 92","ул. Сулимова, 28б",105,105,125,199,300,105,,,,
2024-08-28 04:52,10.3 км,"Волчанский пер., 10А","ул. Викулова, 46",95,95,125,199,300,95,,clear sky,14.77C,88%
2024-08-28 05:04,11.5 км,"ул. Михеева М.Н., 2","Суворовский пер., 16",123,123,141,199,300,123,,,,
2024-08-28 05:17,5.4 км,"ул. Победы, 4","ул. Техническая, 18",239,239,204,199,300,239,,few clouds,13.77C,94%
2024-08-28 05:28,1.9 км,"ул. Хомякова, 9","ул. Стрелочников, 8а",141,141,114,199,300,141,,few clouds,13.77C,94%
2024-08-28 05:40,6.7 км,"ул. Крауля, 170","ул. 8 Марта, 202/3",159,159,125,199,300,159,,,,
2024-08-28 05:51,2.1 км,"ул. Испанских Рабочих, 35","Пугачевский пер., 4",105,105,114,199,300,105,,few clouds,13.77C,94%
2024-08-28 06:02,9.5 км,"ул. Восточная, 160","ул. Прибалтийская, 50",95,95,114,199,300,95,,,,
2024-08-28 06:13,9.4 км,"ул. Патриса Лумумбы, 23","Парковый пер., 45 корпус 1",159,159,114,199,300,159,,,,
2024-08-28 06:25,9.4 км,"Шаронова пер., 31","ул. Красных борцов, 12",141,141,114,199,300,141,,,,
2024-08-28 06:36,9.0 км,"ул. Малышева, 92","ул. Академика Парина, 46/4",95,95,114,199,300,95,,few clouds,13.77C,94%
2024-08-28 06:47,6.3 км,"ул. Патриса Лумумбы, 95","ул. Волгоградская, 180",177,177,204,199,300,177,,,,
2024-08-28 07:01,6.0 км,"ул. Комсомольская, 25","пр-кт Космонавтов, 31",167,167,114,199,300,167,,,,
2024-08-28 07:14,6.0 км,"ул. Донская, 20","ул. Кузнечная, 91",231,231,212,199,300,231,,clear sky,13.77C,94%
2024-08-28 07:25,13.7 км,"ул. Агрономическая, 16","ул. Старых Большевиков, 54а",257,257,290,199,376,257,,,,
2024-08-28 07:39,8.8 км,"ул. Славянская, 33","ул. Новгородцевой, 5 корпус 3",221,221,114,199,300,221,,clear sky,14.77C,88%
2024-08-28 07:50,3.4 км,"пр-кт Космонавтов, 89","ул. Ильича, 31",195,195,114,199,300,195,,clear sky,15.77C,88%
2024-08-28 08:01,6.9 км,"ул. Шефская, 87 корпус 1","Курьинский пер., 8",141,141,114,199,300,141,,,,
2024-08-28 08:15,8.0 км,"ул. Комвузовская, 19А","ул. Рабочих, 9",185,185,141,199,300,185,,clear sky,15.77C,88%
2024-08-28 08:26,5.5 км,"ул. Московская, 55","ул. Новгородцевой, 13б",159,159,125,199,300,159,,clear sky,16.77C,82%
2024-08-28 08:37,8.0 км,"ул. Кировградская, 10","ул. Посадская, 77",274,274,361,475,300,274,,,,
2024-08-28 08:49,7.8 км,"ул. Луначарского, 217","ул. Минометчиков, 44",95,95,114,199,300,95,,clear sky,17.77C,82%
2024-08-28 09:00,4.8 км,"ул. Волгоградская, 226","ул. Белинского, 152 корпус 2",131,131,114,199,300,131,,,,
2024-08-28 09:14,14.2 км,"ул. Уткинская, 29","Рижский пер., 8а",221,221,114,199,300,221,,,,
2024-08-28 09:27,11.9 км,"ул. Заводская, 81","ул. Дагестанская, 34",159,159,114,199,300,159,,clear sky,17.77C,82%
2024-08-28 09:38,9.5 км,"ул. Вишневая, 51","ул. Маневровая, 27а",113,113,125,199,300,113,,,,
2024-08-28 09:51,8.0 км,"ул. Калинина, 6","Коломенский пер., 4",113,113,151,199,300,113,,clear sky,19.77C,73%
2024-08-28 10:03,9.9 км,"ул. Мостовая, 53б","ул. Водная, 15",141,141,114,199,300,141,,clear sky,19.77C,73%
2024-08-28 10:14,6.4 км,"ул. Войкова, 70","ул. Комсомольская, 45 корпус 10",95,95,204,199,300,95,,clear sky,19.77C,73%
2024-08-28 10:26,7.9 км,"ул. 40-летия Октября, 15","ул. Репина, 60а",239,239,167,199,300,239,,,,
2024-08-28 10:39,8.1 км,"ул. Хрустальная, 51","ул. Бородина, 11",141,141,114,199,300,141,,,,
2024-08-28 10:52,10.4 км,"2-й Подъемный пер., 3","ул. Куйбышева, 105",167,167,230,199,300,167,,,,
2024-08-28 11:03,13.8 км,"ул. Патриса Лумумбы, 81","ул. Маневровая, 17а",113,113,114,199,300,113,,clear sky,21.77C,68%
2024-08-28 11:14,7.8 км,"ул. Волгоградская, 198","ул. Машиностроителей, 63",95,95,114,199,300,95,,clear sky,21.77C,68%
2024-08-28 11:25,6.8 км,"ул. Военная, 20","ул. Круговая, 15",159,159,167,199,300,159,,clear sky,22.77C,64%
2024-08-28 11:35,5.1 км,"ул. Советская, 7 корпус 3","ул. Токарей, 62",105,105,114,199,300,105,,clear sky,22.77C,64%
2024-08-28 11:46,2.7 км,"ул. Билимбаевская, 25 корпус 3","ул. Пехотинцев, 4",266,266,238,199,300,266,,,,
2024-08-28 11:59,4.0 км,"ул. Одинарка, 3","ул. Розы Люксембург, 77",123,123,114,199,300,123,,,,
2024-08-28 12:10,14.2 км,"ул. Гастелло, 32а","ул. Мурзинская, 28А",177,177,125,199,300,177,,,,
2024-08-28 12:21,5.5 км,"ул. Уральская, 76","ул. Машиностроителей, 69",131,131,114,199,300,131,,,,
2024-08-28 12:31,10.9 км,"ул. Селькоровская, 60","ул. Прибалтийская, 13",159,159,282,199,300,159,,,,
2024-08-28 12:44,8.2 км,"ул. Заводская, 15а корпус 6","Малахитовый пер., 6",221,221,212,199,338,221,,few clouds,23.77C,60%
2024-08-28 12:55,3.3 км,"ул. Минометчиков, 26","ул. Папанина, 7 корпус 3",159,159,282,199,300,159,,,,
2024-08-28 13:08,9.4 км,"ул. Чкалова, 260","ул. Вишневая, 47",195,195,238,199,300,195,,few clouds,23.77C,60%
2024-08-28 13:19,8.3 км,"ул. Техническая, 35а","ул. Лодыгина, 16",177,177,230,199,300,177,,,,
2024-08-28 13:30,11.6 км,"ул. Агрономическая, 12","ул. Донбасская, 37",310,310,212,235,300,310,,few clouds,24.77C,57%
2024-08-28 13:40,5.7 км,"ул. Пальмиро Тольятти, 12А","ул. Автомагистральная, 25",239,239,177,199,300,239,,few clouds,24.77C,57%
2024-08-28 13:51,5.6 км,"ул. Варшавская, 2А","Сиреневый б-р, 17а",105,105,114,199,300,105,,scattered clouds,24.77C,61%
2024-08-28 14:02,9.4 км,"ул. Степана Разина, 41","ул. Избирателей, 44",95,95,141,199,300,95,,,,
2024-08-28 14:15,2.7 км,"ул. Щорса, 60","ул. Восточная, 90",195,195,114,199,300,195,,scattered clouds,24.77C,57%
2024-08-28 14:26,6.6 км,"ул. Краснолесья, 165","ул. Санаторная, 16а",213,213,256,199,300,213,,scattered clouds,24.77C,57%
2024-08-28 14:36,1.3 км,"ул. Николая Никонова, 10","ул. Шарташская, 24",320,320,114,199,300,320,,scattered clouds,24.77C,57%
2024-08-28 14:47,8.3 км,"ул. Начдива Онуфриева, 8","ул. Студенческая, 64",338,338,167,199,300,338,,,,
2024-08-28 15:00,5.7 км,"ул. Данилы Зверева, 14","ул. 40-летия Октября, 69",203,203,167,199,300,203,,,,
2024-08-28 15:11,3.8 км,"ул. Азина, 21","ул. Мичурина, 210",249,249,193,199,300,249,,scattered clouds,24.77C,57%
2024-08-28 15:22,4.2 км,"ул. Павлодарская, 38","ул. Фурманова, 63",185,185,114,199,300,185,,,,
2024-08-28 15:32,14.1 км,"Газорезчиков пер., 42","ул. Машиностроителей, 61",149,149,114,199,300,149,,scattered clouds,25.77C,53%
2024-08-28 15:43,4.4 км,"Малахитовый пер., 8","ул. Авиационная, 75",177,177,125,199,300,177,,scattered clouds,24.77C,57%
2024-08-28 15:54,4.9 км,"ул. Пилотная, 7","ул. Блюхера, 40",159,159,114,199,300,159,,scattered clouds,24.77C,57%
2024-08-28 16:05,4.4 км,"ул. Сыромолотова, 11а","ул. Розы Люксембург, Строение 14",195,195,114,199,300,195,,,,
2024-08-28 16:18,9.1 км,"ул. Кобозева, 79","ул. 40-летия Комсомола, 32 корпус 2",105,105,114,199,300,105,,,,
2024-08-28 16:31,13.1 км,"ул. Азина, 40","ул. Новая, 6",159,159,114,199,300,159,,,,
2024-08-28 16:44,8.4 км,"ул. Крупносортщиков, 12","ул. Крестинского, 25",123,123,114,199,338,123,,,,
2024-08-28 16:55,16.0 км,"ст. Исток, 4","ул. Куйбышева, 123",95,95,114,199,300,95,,scattered clouds,24.77C,53%
2024-08-28 17:05,13.6 км,"Суворовский пер., 11","Коллективный пер., 5",149,149,125,199,300,149,,scattered clouds,24.77C,53%
2024-08-28 17:16,4.5 км,"ул. Шефская, 14","ул. Советская, 22 корпус 1",131,131,167,247,300,131,,,,
2024-08-28 17:27,12.3 км,"ул. Металлургов, 30 корпус 2","ул. Южногорская, 9",221,221,193,199,300,221,,,,
2024-08-28 17:38,24.0 км,"ул. Белоярская, 2а","ул. Кузнецова, 4а",95,95,114,199,300,95,,scattered clouds,24.77C,53%
2024-08-28 17:48,2.3 км,"ул. Токарей, 26","ул. Ленинградская, 30а",274,274,264,247,338,274,,,,
2024-08-28 17:59,4.7 км,"ул. Шефская, 64","ул. Уральская, 25",131,131,204,199,300,131,,,,
2024-08-28 18:12,1.0 км,"ул. Луначарского, 34","ул. Шарташская, 14",167,167,125,199,300,167,,clear sky,23.77C,57%
2024-08-28 18:23,4.1 км,"Трактористов пер., 9","Сергея Есенина б-р, 3",257,257,230,235,452,257,,clear sky,23.77C,57%
2024-08-28 18:34,9.0 км,"ул. Расточная, 25","ул. Малышева, 111-б",131,131,125,199,300,131,,,,
2024-08-28 18:47,12.0 км,"ул. Блюхера, 61а","ул. Черняховского, 31",195,195,141,199,338,195,,,,
2024-08-28 19:00,244.9 м,"Утренний пер., 7","ул. Авиаторов, 14",105,105,256,199,300,105,,clear sky,23.77C,57%
2024-08-28 19:10,10.9 км,"ул. Ереванская, 31","ул. Артема, 45А",131,131,114,199,300,131,,,,
2024-08-28 19:21,8.8 км,"ул. Колмогорова, 73 корпус 5","ул. Академика Парина, 43/3",113,113,114,199,300,113,,clear sky,22.77C,64%
2024-08-28 19:32,9.2 км,"ул. Уральская, 68 корпус 2","ул. Дорожная, 14",167,167,114,199,300,167,,,,
2024-08-28 19:43,8.9 км,"ул. Баумана, 45","ул. Московская, 80а",105,105,114,199,300,105,,,,
2024-08-28 19:56,4.1 км,"ул. Евгения Савкова, 6","ул. Академика Бардина, 8",95,95,125,199,300,95,,,,
2024-08-28 20:08,12.2 км,"ул. Рассветная, 6 корпус 2","ул. Червонная, 40",123,123,114,199,300,123,,clear sky,21.77C,68%
2024-08-28 20:20,9.1 км,"ул. Техническая, 142","ул. Бажова, 138",123,123,212,199,300,123,,clear sky,21.77C,68%
2024-08-28 20:31,4.4 км,"ул. Посадская, 71","ул. Азина, 22/8",195,195,167,199,300,195,,,,
2024-08-28 20:44,3.9 км,"ул. Фрунзе, 43","ул. Ленинградская, 18",213,213,177,199,300,213,,,,
2024-08-28 20:57,4.4 км,"ул. Бажова, 161","ул. Завокзальная, 4А",221,221,151,199,338,221,,clear sky,19.76C,77%
2024-08-28 21:07,451.4 м,"ул. Кузнецова, 14","ул. Вали Котика, 17",159,159,167,199,300,159,,,,
2024-08-28 21:18,11.6 км,"ул. Лодыгина, 4","ул. Евгения Савкова, 17а",231,231,193,263,300,231,,,,
2024-08-28 21:31,13.3 км,"ул. Мраморская, 34 корпус 1","ул. Шефская, 91 корпус 5",149,149,114,199,300,149,,clear sky,19.77C,77%
2024-08-28 21:42,597.0 м,"ул. Малышева, 73","ул. Красноармейская, 37",203,203,238,199,300,203,,clear sky,19.77C,77%
2024-08-28 21:53,9.0 км,"ул. Социалистическая, 1","ул. 8 Марта, 128",141,141,114,199,300,141,,clear sky,19.77C,77%
2024-08-28 22:03,11.5 км,"ул. Бажова, 76а","ул. Черняховского, 52",249,249,301,383,636,249,,,,
2024-08-28 22:14,11.0 км,"ул. Авиационная, 65 корпус 2","ул. Бакинских комиссаров, 30",249,249,230,283,300,249,,clear sky,18.77C,82%
2024-08-28 22:25,5.9 км,"ул. Анны Бычковой, 20","ул. Посадская, 48",195,195,282,199,300,195,,light intensity shower rain,20.77C,73%
2024-08-28 22:36,5.1 км,"Осоавиахима пер., 105","ул. Ереванская, 47",113,113,114,199,300,113,,,,
2024-08-28 22:49,10.4 км,"ул. Новаторов, 17","ул. Хрустальная, 47",113,113,151,199,300,113,,,,
2024-08-28 22:59,8.8 км,"ул. Отто Шмидта, 95","ул. Таватуйская, 19",177,177,114,199,300,177,,,,
2024-08-28 23:12,6.0 км,"ул. Посадская, 37","ул. Комсомольская, 14",203,203,114,199,300,203,,,,
2024-08-28 23:23,8.4 км,"ул. Шефская, 10","ул. Белинского, 111",131,131,114,199,300,131,,scattered clouds,16.77C,82%
2024-08-28 23:34,6.0 км,"ул. Азина, 23","Мордвинский пер., 5",231,231,114,199,376,231,,scattered clouds,16.77C,82%
2024-08-28 23:45,7.6 км,"Теплогорский пер., 16","ул. Энгельса, 27",105,105,114,199,300,105,,,,
2024-08-28 23:58,6.1 км,"ул. Студенческая, 37","Тбилисский б-р, 17",113,113,114,199,300,113,,,,
2024-08-29 00:08,4.2 км,"ул. Шефская, 104","пр-кт Космонавтов, 14 корпус 2",95,95,125,199,300,95,,,,
2024-08-29 00:21,15.8 км,"ул. Чекистов, 18","ул. Авиаторов, 15",213,213,193,263,338,213,,,,
2024-08-29 00:34,1.5 км,"ул. Титова, 44","ул. Благодатская, 72",123,123,114,199,300,123,,,,
2024-08-29 00:45,7.8 км,"Сибирский тракт, 33а","ул. Крауля, 89а",159,159,167,199,300,159,,scattered clouds,16.77C,88%
2024-08-29 00:56,9.1 км,"Рабочей молодежи наб., 45","Дизельный пер., 35",330,330,114,199,300,330,,,,
2024-08-29 01:07,18.8 км,"Вечерний пер., 6","ул. Краснолесья, 141",95,95,114,199,300,95,,scattered clouds,16.77C,88%
2024-08-29 01:17,1.6 км,"ул. Луначарского, 40","ул. Чекистов, 1",266,266,114,199,300,266,,broken clouds,16.77C,88%
2024-08-29 01:28,16.7 км,"ул. Викулова, 33 корпус 1","ул. Уральских рабочих, 44",113,113,114,199,300,113,,,,
2024-08-29 01:41,8.3 км,"ул. Ангарская, 50а","ул. Белореченская, 15 корпус 3",203,203,125,199,300,203,,,,
2024-08-29 01:54,6.4 км,"ул. Донбасская, 20","ул. Мира, 7",113,113,167,199,300,113,,broken clouds,16.77C,88%
2024-08-29 02:05,9.5 км,"ул. Первомайская, 114","ул. Центральная, 9",131,131,125,199,300,131,,broken clouds,16.77C,88%
2024-08-29 02:15,2.7 км,"ул. Степана Разина, 74","ул. Куйбышева, 86 корпус 1",149,149,114,199,300,149,,,,
2024-08-29 02:26,9.7 км,"ул. Восстания, 99","ул. Тверитина, 42 корпус 1",131,131,141,199,300,131,,,,
2024-08-29 02:39,14.3 км,"ул. Патриса Лумумбы, 50","ул. Донбасская, 20",95,95,114,199,300,95,,overcast clouds,16.77C,88%
2024-08-29 02:50,14.0 км,"ул. Профсоюзная, 83","ул. Ереванская, 61",95,95,114,199,300,95,,,,
2024-08-29 03:01,15.6 км,"ул. Славянская, 51","ул. 22 Партсъезда, 17",95,95,114,199,300,95,,overcast clouds,16.77C,88%
2024-08-29 03:11,3.4 км,"ул. Уральских коммунаров, 106","ул. 8 Марта, 6",95,95,114,199,300,95,,,,
2024-08-29 03:24,4.4 км,"ул. 8 Марта, 77","ул. Современников, 3",141,141,114,199,300,141,,broken clouds,16.77C,82%
2024-08-29 03:35,8.0 км,"ул. Крауля, 68","ул. Бакинских комиссаров, 46",384,384,125,199,300,384,,broken clouds,16.77C,82%
2024-08-29 03:46,5.3 км,"ул. Короленко, 8А","ул. Викулова, 48",95,95,114,199,300,95,,broken clouds,16.77C,82%
2024-08-29 03:57,3.2 км,"ул. Восточная, 10","ул. Коминтерна, 20",105,105,114,199,300,105,,broken clouds,15.77C,82%
2024-08-29 04:08,12.3 км,"ул. Избирателей, 13","ул. Крестинского, 37 корпус 1",95,95,167,199,300,95,,broken clouds,15.77C,82%
2024-08-29 04:18,12.7 км,"ул. Славянская, 27","Полевской тракт, 24/6",95,95,114,199,300,95,,,,
2024-08-29 04:31,5.9 км,"ул. Авиационная, 61 корпус 4","ул. Татищева, 88",141,141,167,199,300,141,,,,
2024-08-29 04:42,2.7 км,"ул. Щербакова, Сооружение 145","Многостаночников пер., 13",113,113,114,199,300,113,,,,
2024-08-29 04:53,15.7 км,"ул. Амбулаторная, 6","ул. Садовая, 7",95,95,141,199,300,95,,,,
2024-08-29 05:04,1.9 км,"ул. Солнечная, 33","Полимерный пер., 9",185,185,114,199,300,185,,,,
2024-08-29 05:14,8.0 км,"ул. Красноуральская, 27 корпус 1","ул. Старых Большевиков, 29",113,113,114,199,300,113,,,,
2024-08-29 05:25,8.8 км,"ул. Техническая, 62","ул. Гагарина, 67",159,159,204,199,300,159,,,,
2024-08-29 05:38,1.8 км,"ул. Красноуральская, 21 корпус 2","ул. Викулова, 63 корпус 1",310,310,114,199,300,310,,clear sky,14.77C,77%
2024-08-29 05:49,6.5 км,"ул. Агрономическая, 18А","ул. Восточная, 86",231,231,141,199,300,231,,clear sky,13.77C,82%
2024-08-29 06:00,1.8 км,"ул. Степана Разина, 58","ул. Пальмиро Тольятти, 15Д",113,113,114,199,300,113,,clear sky,13.77C,82%
2024-08-29 06:10,9.0 км,"ул. Хохрякова, 63","ул. Новаторов, 17",105,105,125,199,300,105,,clear sky,13.77C,82%
2024-08-29 06:21,6.3 км,"ул. Менжинского, 1а","ул. Посадская, 28 корпус 5",213,213,114,199,300,213,,clear sky,13.77C,82%
2024-08-29 06:32,9.3 км,"ул. Ухтомская, 32","ул. 40-летия Комсомола, 10",167,167,151,199,300,167,,clear sky,12.77C,88%
2024-08-29 06:43,3.3 км,"ул. Летчиков, 11а","Банковский пер., 8",239,239,114,199,338,239,,clear sky,12.77C,94%
2024-08-29 06:53,4.0 км,"ул. Софьи Перовской, 106","ул. Кировградская, 20",266,266,212,199,300,266,,clear sky,12.77C,94%
2024-08-29 07:04,4.9 км,"Сергея Есенина б-р, 10","ул. Хохрякова, 100",356,356,317,199,300,356,,,,
2024-08-29 07:17,5.1 км,"ул. Восточная, 54","ул. Заводская, 46",257,257,125,199,414,257,,,,
2024-08-29 07:30,6.2 км,"ул. Академическая, 4","ул. Академика Шварца, 10 корпус 1",185,185,151,199,300,185,,clear sky,12.77C,94%
2024-08-29 07:41,8.1 км,"Парковый пер., 6б","ул. Начдива Онуфриева, 20",366,366,141,199,300,366,,,,
2024-08-29 07:54,8.7 км,"ул. Техническая, 36","ул. Куйбышева, 173А",131,131,114,199,300,131,,,,
2024-08-29 08:05,5.0 км,"ул. Гоголя, 15","ул. Владимира Высоцкого, 36",95,95,114,199,300,95,,,,
2024-08-29 08:18,8.9 км,"ул. Майкопская, 5А","ул. Агрономическая, 7",338,338,125,199,300,338,,,,
2024-08-29 08:28,4.7 км,"ул. 40-летия Октября, 24","ул. Менжинского, 2в",221,221,151,199,300,221,,,,
2024-08-29 08:39,11.3 км,"пр-кт Космонавтов, 69","ул. Белинского, 137",274,274,361,199,300,274,,few clouds,14.77C,88%
2024-08-29 08:50,4.5 км,"ул. Энгельса, 4","ул. Уральских коммунаров, 53",95,95,114,199,300,95,,,,
2024-08-29 09:01,6.0 км,"ул. Бакинских комиссаров, 127","ул. Азина, 22/7",167,167,212,199,300,167,,,,
2024-08-29 09:11,1.0 км,"ул. Ереванская, 31","ул. Гражданская, 4",203,203,125,199,300,203,,,,
2024-08-29 09:24,6.0 км,"ул. Готвальда, 6 корпус 1","ул. Избирателей, 13",159,159,125,199,300,159,,few clouds,15.77C,82%
2024-08-29 09:35,11.7 км,"Выходной пер., 5 корпус 15","ул. Татищева, 64",167,167,212,199,300,167,,,,
2024-08-29 09:46,10.4 км,"ул. Старых Большевиков, 84 корпус 5","ул. Белореченская, 23 корпус 4",213,213,361,347,300,213,,,,
2024-08-29 09:57,872.3 м,"ул. Белинского, 147","ул. Степана Разина, 128",131,131,114,199,300,131,,scattered clouds,16.77C,77%
2024-08-29 10:07,5.7 км,"ул. Малышева, 100","ул. Павлодарская, 38",95,95,114,199,300,95,,scattered clouds,16.77C,77%
2024-08-29 10:18,11.4 км,"пр-кт Седова, 45","ул. Братская, 19",113,113,204,199,300,113,,,,
2024-08-29 10:29,9.2 км,"Обходной пер., 33","пр-кт Ленина, 52 корпус 4",141,141,125,199,300,141,,,,
2024-08-29 10:40,18.1 км,"ул. Индустрии, 62","ул. Черняховского, 52а",131,131,282,199,300,131,,scattered clouds,17.77C,68%
2024-08-29 10:51,8.2 км,"ул. Малышева, 1","ул. Рощинская, 39",95,95,114,199,300,95,,scattered clouds,17.77C,68%
2024-08-29 11:01,20.1 км,"ул. Кобозева, 114а","ул. Москвина, 4",131,131,125,199,300,131,,,,
2024-08-29 11:12,13.7 км,"Замятина пер., 22","ул. Современников, 1",131,131,204,199,300,131,,broken clouds,17.77C,72%
2024-08-29 11:23,5.0 км,"Сиреневый б-р, 4 корпус 1","Выходной пер., 5 корпус 4",149,149,114,199,300,149,,,,
2024-08-29 11:34,15.8 км,"ул. Парниковая, 6","ул. Прибалтийская, 33",177,177,238,199,300,177,,,,
2024-08-29 11:44,8.5 км,"ул. Хвойная, 85","ул. Луганская, 2",95,95,125,199,300,95,,,,
2024-08-29 11:55,5.3 км,"ул. Белореченская, 13 корпус 4","ул. Феофанова, 2а",123,123,114,199,300,123,,,,
2024-08-29 12:08,6.2 км,"ул. Билимбаевская, 7","ул. Металлургов, 14",131,131,193,199,300,131,,,,
2024-08-29 12:19,9.6 км,"ул. Мурзинская, 6","ул. Восточная, 76",131,131,256,199,300,131,,broken clouds,17.77C,68%
2024-08-29 12:30,10.1 км,"пр-кт Космонавтов, 94","ул. Посадская, 51",113,113,301,311,300,113,,,,
2024-08-29 12:41,8.0 км,"ул. Крауля, 77","ул. Патриса Лумумбы, 41",221,221,125,199,300,221,,,,
2024-08-29 12:51,17.1 км,"ул. Опытная, 17","ул. Ильича, 11",95,95,114,199,300,95,,,,
2024-08-29 13:04,7.5 км,"ул. Дорожная, 23","Верх-Исетский б-р, 18",231,231,151,199,300,231,,,,
2024-08-29 13:17,9.8 км,"ул. Удельная, 7","ул. Артинская, 34",310,310,193,199,300,310,,,,
2024-08-29 13:30,2.1 км,"ул. Кузнецова, 8","ул. Бакинских комиссаров, 38а",131,131,114,199,338,131,,broken clouds,19.77C,64%
2024-08-29 13:41,7.3 км,"ул. Бажова, 185","ул. Победы, 15",95,95,114,199,300,95,,scattered clouds,19.77C,60%
2024-08-29 13:52,8.3 км,"ул. Хрустальногорская, 87","ул. Ватутина, 1",213,213,151,199,300,213,,scattered clouds,19.77C,60%
2024-08-29 14:03,4.4 км,"ул. Ангарская, 40","ул. Софьи Перовской, 101",113,113,114,199,300,113,,scattered clouds,19.77C,60%
2024-08-29 14:13,5.7 км,"ул. Щербакова, 7","Отдельный пер., 5А",113,113,151,199,300,113,,,,
2024-08-29 14:26,6.6 км,"Осоавиахима пер., 107","ул. Данилы Зверева, 14",159,159,238,199,300,159,,scattered clouds,19.77C,56%
2024-08-29 14:37,3.6 км,"ул. Посадская, 71","ул. Родонитовая, 5",167,167,114,199,300,167,,scattered clouds,19.77C,56%
2024-08-29 14:48,7.1 км,"ул. Народной воли, 69","ул. Красных партизан, 8",131,131,114,199,300,131,,,,
2024-08-29 15:01,5.8 км,"ул. Аптекарская, 47","ул. Дагестанская, 4",141,141,114,199,300,141,,,,
2024-08-29 15:12,5.3 км,"ул. Блюхера, 21а","ул. Токарей, 54 корпус 1",159,159,125,199,300,159,,scattered clouds,18.77C,55%
2024-08-29 15:22,9.3 км,"ул. Академика Бардина, 40 корпус 2","ул. Альпинистов, 20",149,149,114,199,300,149,,scattered clouds,19.77C,52%
2024-08-29 15:33,5.3 км,"ул. Вильгельма де Геннина, 41","ул. Московская, 82",159,159,114,199,300,159,,,,
2024-08-29 15:46,6.0 км,"ул. Победы, 94","ул. Уральская, 68 корпус 1",113,113,125,219,300,113,,,,
2024-08-29 15:57,5.9 км,"ул. Отто Шмидта, 76б","ул. Сулимова, 65",95,95,114,199,300,95,,,,
2024-08-29 16:10,8.3 км,"ул. Техническая, 66","ул. Ползунова, 34ж",131,131,290,199,300,131,,scattered clouds,18.77C,55%
2024-08-29 16:21,11.9 км,"ул. Тюльпановая, 7","ул. Крауля, 2",159,159,151,199,300,159,,scattered clouds,18.77C,55%
2024-08-29 16:31,9.4 км,"ул. Билимбаевская, 3","ул. Евгения Савкова, 6",167,167,114,199,300,167,,scattered clouds,18.77C,55%
2024-08-29 16:42,10.7 км,"Денисова-Уральского б-р, 5","ул. Ильича, 35",167,167,125,199,300,167,,,,
2024-08-29 16:53,7.5 км,"ул. Прониной, 24","ул. Студенческая, 44",123,123,114,199,300,123,,scattered clouds,18.77C,48%
2024-08-29 17:04,1.6 км,"ул. Мира, 47","Курьинский пер., 7",249,249,204,199,300,249,,scattered clouds,18.77C,48%
2024-08-29 17:14,6.0 км,"ул. Донская, 32","ул. Крупносортщиков, 6",95,95,141,199,300,95,,scattered clouds,17.77C,55%
2024-08-29 17:25,11.4 км,"пр-кт Академика Сахарова, 47","ул. Новгородцевой, 35",95,95,125,199,300,95,,,,
2024-08-29 17:36,5.0 км,"ул. Владимира Высоцкого, 4 корпус 1","ул. Хохрякова, 74",105,105,193,199,300,105,,scattered clouds,17.77C,55%
2024-08-29 17:47,4.7 км,"ул. Фурманова, 124","ул. Симферопольская, 22",239,239,125,199,636,239,,,,
2024-08-29 17:58,10.0 км,"ул. Розы Люксембург, 44","ул. Бисертская, 2а",195,195,141,199,338,195,,,,
2024-08-29 18:11,8.5 км,"ул. Гурзуфская, 51","ул. Уральских рабочих, 71",231,231,151,199,376,231,,scattered clouds,17.77C,55%
2024-08-29 18:21,9.6 км,"ул. Луначарского, 49","ул. Селькоровская, 14",177,177,114,199,300,177,,,,
2024-08-29 18:34,7.7 км,"ул. Уральских коммунаров, 106","Сергея Есенина б-р, 4",123,123,141,199,300,123,,scattered clouds,17.77C,55%
2024-08-29 18:45,15.3 км,"ул. Луначарского, 78","ул. Авиаторов, 9",159,159,114,199,300,159,,,,
2024-08-29 18:58,10.0 км,"Замятина пер., 20","ул. Малый Конный п-ов, 2",213,213,317,219,300,213,,,,
2024-08-29 19:11,3.5 км,"ул. Ирбитская, 13","ул. Краснофлотцев, 33",141,141,167,199,376,141,,clear sky,16.77C,59%
2024-08-29 19:22,9.9 км,"ул. Тверитина, 42 корпус 2","ул. Коммунистическая, 101",292,292,282,247,300,292,,,,
2024-08-29 19:33,5.0 км,"ул. Смазчиков, 3","ул. Техническая, 26",203,203,238,311,300,203,,clear sky,16.77C,59%
2024-08-29 19:43,7.9 км,"ул. Гагарина, 47","Сызранский пер., 17",302,302,151,199,338,302,,light intensity shower rain,15.77C,67%
2024-08-29 19:54,9.7 км,"ул. Чайковского, 79","ул. Культуры, 19",185,185,114,199,300,185,,light intensity shower rain,15.77C,67%
2024-08-29 20:05,4.2 км,"ул. Старых Большевиков, 24","ул. Челюскинцев, 29",239,239,125,199,300,239,,light intensity shower rain,15.77C,67%
2024-08-29 20:16,3.3 км,"ул. Большой Конный п-ов, 12","ул. Армавирская, 23",445,445,114,199,490,445,,light intensity shower rain,13.77C,82%
2024-08-29 20:27,10.6 км,"ул. Донбасская, 14","ул. Рябинина, 18/3",95,95,114,199,300,95,,light intensity shower rain,13.77C,82%
2024-08-29 20:37,5.5 км,"ул. Донбасская, 37","ул. Большой Конный п-ов, 1",105,105,125,199,452,105,,,,
2024-08-29 20:50,1.8 км,"ул. Мамина-Сибиряка, 10","ул. Пушкина, 8",123,123,114,199,300,123,,light intensity shower rain,12.77C,88%
2024-08-29 21:01,15.1 км,"ст. Кольцово, 7","ул. Ирбитская, 4",95,95,114,199,300,95,,light intensity shower rain,12.77C,88%
2024-08-29 21:12,982.1 м,"ул. Уральская, 65","ул. Восточная, 22",159,159,151,199,300,159,,,,
2024-08-29 21:23,9.7 км,"ул. Мичурина, 43а","ул. Хрустальногорская, 84",221,221,151,199,414,221,,scattered clouds,12.77C,94%
2024-08-29 21:33,4.2 км,"ул. Красноуральская, 11","ул. Восточная, 6",141,141,167,199,300,141,,scattered clouds,12.77C,94%
2024-08-29 21:44,5.5 км,"ул. Комвузовская, 11","ул. Летчиков, 15А",95,95,114,199,300,95,,scattered clouds,12.77C,94%
2024-08-29 21:55,534.3 м,"ул. Корепина, 29а","ул. Баумана, 46",113,113,114,199,300,113,,,,
2024-08-29 22:06,6.4 км,"ул. Отрадная, 43а","ул. Билимбаевская, 7",392,392,114,199,300,392,,scattered clouds,12.77C,94%
2024-08-29 22:17,10.3 км,"пр-кт Седова, 33","ул. Крестинского, 37 корпус 2",95,95,114,199,300,95,,,,
2024-08-29 22:27,1.6 км,"ул. Луначарского, 55","ул. Малышева, 102",231,231,177,199,300,231,,scattered clouds,12.77C,100%
2024-08-29 22:38,5.3 км,"ул. Сыромолотова, 18","ул. Авиационная, 65 корпус 2",95,95,114,199,300,95,,scattered clouds,12.77C,100%
2024-08-29 22:49,6.4 км,"ул. Машинная, 1-б корпус 2","ул. Плодородия, 11",177,177,141,199,300,177,,,,
2024-08-29 23:00,9.8 км,"ул. Победы, 10","ул. Большакова, 20",95,95,114,199,300,95,,,,
2024-08-29 23:11,8.9 км,"ул. Инженерная, 46","ул. Восточная, 162б",95,95,114,199,300,95,,clear sky,12.77C,94%
2024-08-29 23:21,11.9 км,"ул. Академика Бардина, 19","ул. Норильская, 66б",195,195,114,199,300,195,,clear sky,12.77C,94%
2024-08-29 23:32,8.0 км,"ул. Симферопольская, 22","ул. Самаркандская, 41",131,131,114,199,300,131,,clear sky,12.77C,94%
2024-08-29 23:43,14.2 км,"ул. Таганская, 53а","ул. Краснолесья, 119",113,113,114,199,300,113,,clear sky,12.77C,88%
2024-08-29 23:54,3.8 км,"ул. Лодыгина, 11","ул. Василия Еремина, 3",149,149,125,199,300,149,,clear sky,12.77C,88%
2024-08-30 00:05,10.5 км,"ул. Крестинского, 11","Черниговский пер., 3",141,141,114,199,300,141,,,,
2024-08-30 00:17,4.5 км,"ул. Хуторская, 10","ул. Патриса Лумумбы, 36",149,149,114,199,300,149,,clear sky,11.77C,94%
2024-08-30 00:28,9.6 км,"ул. Стрелочников, 18","ул. Академика Парина, 40",284,284,193,199,300,284,,,,
2024-08-30 00:41,15.4 км,"ул. Мамина-Сибиряка, 56","Горнистов проезд, 11",249,249,114,199,300,249,,,,
2024-08-30 00:54,6.5 км,"ул. 22 Партсъезда, 18","ул. Чернышевского, 9Г",113,113,114,199,300,113,,clear sky,11.77C,94%
2024-08-30 01:05,4.8 км,"Замятина пер., 20","Черниговский пер., 19",131,131,125,199,300,131,,,,
2024-08-30 01:16,8.2 км,"Рабочей молодежи наб., 51","ул. Щербакова, 43",167,167,141,199,300,167,,clear sky,11.77C,94%
2024-08-30 01:27,4.8 км,"ул. Дарвина, 15","ул. Симферопольская, 31",95,95,114,199,300,95,,,,
2024-08-30 01:37,10.0 км,"ул. Блюхера, 71 корпус 2","ул. Агрономическая, Сооружение 30а",95,95,141,199,300,95,,clear sky,11.77C,94%
2024-08-30 01:48,9.2 км,"ул. Ферганская, 20","ул. Технологическая, 4",95,95,114,199,300,95,,,,
2024-08-30 02:01,5.1 км,"пр-кт Ленина, 56","ул. Софьи Перовской, 117",149,149,114,199,300,149,,,,
2024-08-30 02:14,2.1 км,"ул. Чкалова, 5","ул. Репина, 21",266,266,114,199,300,266,,,,
2024-08-30 02:25,5.7 км,"ул. Баумана, 22","ул. Надеждинская, 20",95,95,141,199,300,95,,clear sky,12.77C,88%
2024-08-30 02:36,5.5 км,"ул. Сыромолотова, 26 корпус 2","ул. Вайнера, 21",95,95,290,199,300,95,,,,
2024-08-30 02:46,10.2 км,"Сухой пер., 4а","ул. Металлургов, 16а",95,95,238,199,300,95,,,,
2024-08-30 02:57,14.6 км,"ул. Умельцев, 9а","ул. Уральских рабочих, 15",95,95,114,199,300,95,,clear sky,11.77C,94%
2024-08-30 03:08,17.3 км,"пр-кт Космонавтов, 47б","ул. Профсоюзная, 24",95,95,125,199,300,95,,,,
2024-08-30 03:19,4.6 км,"ул. Амундсена, 52","ул. Крауля, 93",105,105,114,199,300,105,,clear sky,10.77C,93%
2024-08-30 03:30,9.0 км,"ул. Коммунистическая, 2","ул. Заводская, 45а",123,123,114,199,300,123,,clear sky,10.77C,93%
2024-08-30 03:40,1.5 км,"ул. Татищева, 60","ул. Московская, 35",131,131,141,199,300,131,,,,
2024-08-30 03:53,11.6 км,"ул. Чкалова, 258","ул. Студенческая, 6а",177,177,114,199,300,177,,clear sky,10.77C,100%
2024-08-30 04:04,4.2 км,"ул. Учителей, 1","ул. Восточная, 184",105,105,114,199,300,105,,,,
2024-08-30 04:15,3.6 км,"ул. Большакова, 97","ул. Энергостроителей, 4/2",213,213,114,199,300,213,,clear sky,10.77C,100%
2024-08-30 04:26,8.4 км,"ул. Викулова, 48","ул. Индустрии, 34",95,95,114,199,300,95,,clear sky,10.77C,100%
2024-08-30 04:37,1.7 км,"ул. Ломоносова, 44","ул. Уральских рабочих, 23",123,123,114,199,300,123,,,,
2024-08-30 04:47,12.5 км,"ул. Бабушкина, 21","ул. Агрономическая, 18Б",95,95,212,199,300,95,,clear sky,9.77C,100%
2024-08-30 04:58,4.8 км,"ул. Железнодорожников, 4","Замятина пер., 43",95,95,125,199,300,95,,,,
2024-08-30 05:11,5.3 км,"ул. Благодатская, 72","ул. Посадская, 67",95,95,114,199,300,95,,,,
2024-08-30 05:22,9.9 км,"ул. Новгородцевой, 13б","ул. Краснолесья, 10",195,195,114,199,300,195,,,,
2024-08-30 05:35,17.7 км,"ул. Старых Большевиков, 84 корпус 4","Золотистый б-р, 4",167,167,177,199,300,167,,,,
2024-08-30 05:46,12.8 км,"ул. Уральская, 57 корпус 2","ул. Косарева, 1",95,95,114,199,300,95,,,,
2024-08-30 05:57,12.6 км,"ул. Титова, 13","ул. Шефская, 16",131,131,151,199,300,131,,,,
2024-08-30 06:10,4.7 км,"ул. Новгородцевой, 5 корпус 1","ул. Вайнера, 9а",159,159,141,199,300,159,,clear sky,8.77C,100%
2024-08-30 06:20,4.5 км,"ул. Мамина-Сибиряка, 23","ул. Токарей, 68",213,213,114,199,300,213,,clear sky,8.77C,100%
2024-08-30 06:31,6.0 км,"ул. Корепина, 21а","ул. Мурзинская, 11",149,149,238,235,300,149,,,,
2024-08-30 06:44,10.7 км,"ул. Парниковая, 15","ул. Белореченская, 13 корпус 1",231,231,125,199,300,231,,,,
2024-08-30 06:55,5.8 км,"ул. Чайковского, 87","ул. Агриппины Полежаевой, 43а",167,167,114,199,300,167,,,,
2024-08-30 07:08,3.7 км,"ул. Свердлова, 30","ул. Большакова, 21 Строение А",149,149,114,199,300,149,,clear sky,10.77C,93%
2024-08-30 07:19,11.2 км,"ул. Машиностроителей, 51","Рижский пер., 12",203,203,167,199,300,203,,,,
2024-08-30 07:29,7.0 км,"ул. Павлодарская, 50","ул. Анатолия Мехренцева, 46",302,302,151,199,300,302,,,,
2024-08-30 07:42,3.4 км,"ул. Папанина, 27","ул. Уральская, 55",185,185,114,199,300,185,,clear sky,10.77C,93%
2024-08-30 07:53,11.6 км,"ул. Бетонщиков, 1","ул. Маневровая, 15",284,284,177,199,300,284,,,,
2024-08-30 08:04,9.2 км,"ул. Бажова, 68","ул. Павла Шаманова, 36",105,105,114,199,300,105,,clear sky,10.77C,93%
2024-08-30 08:15,2.5 км,"ул. Фрунзе, Строение 51","ул. Гурзуфская, 38",167,167,125,199,300,167,,,,
2024-08-30 08:28,1.4 км,"ул. Отто Шмидта, 101","ул. Цвиллинга, 48",195,195,167,199,300,195,,clear sky,11.77C,94%
2024-08-30 08:39,6.0 км,"ул. Машинистов, 19а","пр-кт Космонавтов, 80 корпус 3",221,221,193,263,300,221,,,,
2024-08-30 08:52,7.5 км,"ул. Шаумяна, 86 корпус 4","ул. Рассветная, 9а",141,141,114,199,300,141,,,,
2024-08-30 09:05,3.0 км,"ул. Восточная, 72","ул. Менделеева, 16",105,105,114,199,300,105,,,,
2024-08-30 09:17,1.0 км,"ул. Бажова, 41","ул. Бажова, 99",113,113,114,199,300,113,,clear sky,12.77C,82%
2024-08-30 09:28,7.3 км,"пр-кт Ленина, 58","пр-кт Космонавтов, 53",105,105,141,199,300,105,,clear sky,13.77C,77%
2024-08-30 09:39,8.0 км,"ул. Шолохова, 2/3","ул. Спутников, 10",266,266,343,199,300,266,,clear sky,13.77C,77%
2024-08-30 09:50,3.8 км,"Волчанский пер., 10","ул. Рощинская, 41",221,221,380,199,300,221,,,,
2024-08-30 10:03,12.9 км,"ул. Степана Разина, 107а корпус 2","ул. Мурзинская, 28",113,113,114,199,300,113,,,,
2024-08-30 10:16,11.3 км,"ул. Комвузовская, 21Ж","ул. Краснолесья, 119",105,105,114,199,300,105,,clear sky,14.77C,72%
2024-08-30 10:27,3.8 км,"ул. Педагогическая, 20","ул. Хуторская, 12",105,105,114,199,300,105,,clear sky,14.77C,72%
2024-08-30 10:37,8.9 км,"ул. Щорса, 134","ул. Самаркандская, 35",131,131,125,199,300,131,,,,
2024-08-30 10:48,6.1 км,"ул. Советская, 21","ул. Серафимы Дерябиной, 25",113,113,125,199,300,113,,,,
2024-08-30 10:59,6.2 км,"ул. Восточная, 88","ул. Старых Большевиков, 6",95,95,114,199,300,95,,,,
2024-08-30 11:10,16.3 км,"ул. Парниковая, 2","ул. Славянская, 53",213,213,282,199,300,213,,scattered clouds,14.77C,67%
2024-08-30 11:21,9.6 км,"пр-кт Седова, 23","ул. Барвинка, 47",257,257,204,199,300,257,,scattered clouds,14.77C,67%
2024-08-30 11:31,5.5 км,"ул. Советская, 47г","ул. 22 Партсъезда, 20",113,113,167,199,300,113,,,,
2024-08-30 11:44,4.6 км,"ул. Шаумяна, 104","ул. Барвинка, 22",167,167,177,199,300,167,,scattered clouds,14.77C,72%
2024-08-30 11:55,4.3 км,"ул. Ухтомская, 30","ул. Бебеля, 134а",185,185,193,199,300,185,,scattered clouds,14.77C,72%
2024-08-30 12:06,1.6 км,"ул. Энтузиастов, 17","ул. Ильича, 16",113,113,141,263,300,113,,,,
2024-08-30 12:19,14.1 км,"ул. Вали Котика, 7","Дизельный пер., 40",203,203,264,327,300,203,,,,
2024-08-30 12:32,3.6 км,"ул. Краснофлотцев, 30","ул. Июльская, 39 корпус 2",249,249,151,199,300,249,,scattered clouds,14.77C,67%
2024-08-30 12:43,12.2 км,"ул. Альпинистов, 4","ул. Василия Еремина, 3",159,159,114,199,300,159,,scattered clouds,15.77C,59%
2024-08-30 12:54,4.5 км,"ул. Большой Конный п-ов, 4","ул. Новгородцевой, 7б",95,95,114,199,300,95,,,,
2024-08-30 13:04,4.3 км,"Дружбы пер., 4","ул. Чекистов, 7",105,105,114,199,300,105,,,,
2024-08-30 13:17,3.8 км,"ул. Чайковского, 90","ул. Патриотов, 6 корпус 3",149,149,256,199,300,149,,scattered clouds,15.77C,59%
2024-08-30 13:28,1.7 км,"ул. Шевченко, 33","ул. Мира, 3е",185,185,114,199,300,185,,,,
2024-08-30 13:41,6.5 км,"ул. Конотопская, 5","ул. Мичурина, 239",123,123,114,199,300,123,,,,
2024-08-30 13:52,5.8 км,"ул. Посадская, 65","ул. Латышская, 87",113,113,114,199,300,113,,,,
2024-08-30 14:03,9.4 км,"ул. Кировградская, 81А","ул. Луначарского, Строение 221",149,149,114,199,300,149,,scattered clouds,15.7C,59%
2024-08-30 14:14,4.3 км,"Решетникова проезд, 6","ул. Самолетная, 23",221,221,151,199,300,221,,,,
2024-08-30 14:27,14.7 км,"ул. Амундсена, 54 корпус 1","ул. Спутников, 11",195,195,177,199,300,195,,scattered clouds,15.77C,59%
2024-08-30 14:38,1.6 км,"ул. Техническая, 26","ул. Маневровая, 26",113,113,114,199,300,113,,,,
2024-08-30 14:51,4.5 км,"ул. Стачек, 5","ул. Кимовская, 6",167,167,151,199,300,167,,scattered clouds,16.77C,55%
2024-08-30 15:01,2.6 км,"Каслинский пер., 5","ул. Титова, 8 корпус 3",177,177,114,199,300,177,,,,
2024-08-30 15:14,5.2 км,"ул. Пионеров, 10","ул. Ползунова, 15",167,167,151,199,300,167,,scattered clouds,17.77C,45%
2024-08-30 15:25,10.0 км,"ул. Бакинских комиссаров, 12","ул. Энергостроителей, 6А",213,213,167,199,300,213,,scattered clouds,17.77C,45%
2024-08-30 15:36,4.0 км,"ул. Пионеров, 3","ул. Куйбышева, 6",149,149,114,199,300,149,,,,
2024-08-30 15:47,12.8 км,"ул. Грибоедова, 2а","ул. Хрустальногорская, 93",167,167,114,199,300,167,,,,
2024-08-30 16:00,767.8 м,"ул. Луначарского, 171","ул. Восточная, 7",249,249,114,199,300,249,,,,
2024-08-30 16:11,12.0 км,"ст. Хуторята, 1","ул. Изоплитная, 18",95,95,114,199,300,95,,scattered clouds,16.77C,48%
2024-08-30 16:22,5.7 км,"ул. Изоплитная, 23в","ул. Анны Бычковой, 12",348,348,114,199,300,348,,,,
2024-08-30 16:32,2.8 км,"ул. Титова, 23","ул. Молотобойцев, 5",195,195,141,199,300,195,,,,
2024-08-30 16:43,8.1 км,"Сиреневый б-р, 4 корпус 4","ул. Войкова, 70",310,310,167,199,300,310,,scattered clouds,16.77C,59%
2024-08-30 16:54,16.5 км,"ул. Чекистов, 1а","ул. Бахчиванджи, 19 корпус 8",105,105,177,199,300,105,,,,
2024-08-30 17:05,13.2 км,"ул. Изоплитная, 13","ул. Зои Космодемьянской, 44",445,445,432,199,338,445,,scattered clouds,16.7C,59%
2024-08-30 17:16,7.1 км,"ул. Зенитчиков, 14","Полевской тракт, 24/6",410,410,114,199,300,410,,,,
2024-08-30 17:29,10.4 км,"ул. Совхозная, 2","ул. Белореченская, 22",239,239,327,327,300,239,,scattered clouds,15.77C,63%
2024-08-30 17:40,1.4 км,"ул. Победы, 70","ул. Уральских рабочих, 17",231,231,317,199,300,231,,scattered clouds,15.77C,63%
2024-08-30 17:50,5.1 км,"ул. Завокзальная, 2","ул. Посадская, 32 корпус 4",131,131,114,199,300,131,,,,
2024-08-30 18:03,15.0 км,"ул. Бахчиванджи, 3","ул. Мичурина, 49",95,95,151,199,300,95,,,,
2024-08-30 18:16,4.6 км,"ул. Бажова, 49","ул. Заводская, 15а корпус 7",167,167,125,199,300,167,,,,
2024-08-30 18:27,6.1 км,"ул. Самаркандская, 17","Базовый пер., 56",231,231,125,199,300,231,,scattered clouds,15.77C,63%
2024-08-30 18:38,2.7 км,"ул. Академика Постовского, 6","ул. Симферопольская, 32",302,302,114,199,452,302,,,,
2024-08-30 18:49,5.5 км,"Парковый пер., 43","пр-кт Космонавтов, 51а",105,105,114,199,300,105,,scattered clouds,15.77C,67%
2024-08-30 19:00,6.9 км,"ул. Папанина, 21","ул. Краснолесья, 155",266,266,125,199,414,266,,scattered clouds,15.77C,67%
2024-08-30 19:11,5.6 км,"ул. Вишневая, 51","ул. Летчиков, 10а",249,249,238,199,300,249,,scattered clouds,15.77C,67%
2024-08-30 19:21,3.3 км,"ул. Бажова, 49","ул. Ткачей, 6",302,302,125,219,566,302,,,,
2024-08-30 19:34,617.3 м,"ул. Коммунистическая, 107","ул. Бакинских комиссаров, 116",141,141,125,199,300,141,,,,
2024-08-30 19:45,9.7 км,"ул. Крестинского, 15","ул. Техническая, 49",231,231,141,199,376,231,,,,
2024-08-30 19:58,8.2 км,"ул. Тружеников, 2 Литер А","ул. Щорса, 35",177,177,114,199,300,177,,scattered clouds,14.77C,63%
2024-08-30 20:09,5.5 км,"ул. Боровая, 25","ул. Донбасская, 36",195,195,125,199,300,195,,scattered clouds,14.7C,63%
2024-08-30 20:20,9.5 км,"ул. Избирателей, 1","ул. Репина, 101",105,105,114,199,300,105,,scattered clouds,13.77C,72%
2024-08-30 20:31,9.6 км,"ул. Фрунзе, 43","ул. Расточная, 43 корпус 2",213,213,114,199,300,213,,scattered clouds,13.77C,72%
2024-08-30 20:42,13.5 км,"ул. Бисертская, 4б","ул. Сулимова, 25",131,131,256,199,300,131,,clear sky,13.77C,72%
2024-08-30 20:53,7.9 км,"ул. Первомайская, 37","ул. Патриса Лумумбы, 33а",185,185,114,199,300,185,,clear sky,13.77C,72%
2024-08-30 21:03,3.4 км,"ул. Шевелева, 7","ул. Таватуйская, 4г",185,185,141,199,300,185,,clear sky,13.77C,72%
2024-08-30 21:14,6.0 км,"ул. Чекистов, 9","ул. Заводская, 19а",213,213,141,199,300,213,,,,
2024-08-30 21:25,1.9 км,"ул. Бебеля, 108","ул. Бебеля, 146",167,167,114,199,300,167,,,,
2024-08-30 21:38,7.3 км,"Многостаночников пер., 22","ул. Цвиллинга, Строение 58",131,131,114,199,300,131,,,,
2024-08-30 21:49,6.6 км,"ул. Бородина, 15","ул. Братская, 14",95,95,114,199,300,95,,,,
2024-08-30 22:02,2.6 км,"ул. Агрономическая, 5а","ул. Академика Бардина, 41",239,239,151,199,300,239,,,,
2024-08-30 22:13,13.6 км,"ул. Готвальда, 11","ул. Грибоедова, 2",149,149,125,199,300,149,,clear sky,8.77C,93%
2024-08-30 22:24,3.8 км,"Трактористов пер., 4","ул. Мира, 44-б",131,131,114,199,300,131,,,,
2024-08-30 22:37,10.4 км,"ул. Учителей, 24","ул. Академика Вонсовского, 19",249,249,114,199,300,249,,clear sky,8.77C,93%
2024-08-30 22:48,7.9 км,"ул. Зенитчиков, 108","ул. 8 Марта, 7",95,95,114,199,300,95,,clear sky,8.77C,93%
2024-08-30 22:58,390.2 м,"Звонкий пер., 14","ул. Бисертская, 36",95,95,114,199,300,95,,,,
2024-08-30 23:09,7.0 км,"ул. Красных партизан, 3","ул. Мира, 33",312,312,114,199,300,312,,clear sky,7.77C,100%
2024-08-30 23:20,15.3 км,"ул. Авиаторов, 7","ул. Советская, 3",95,95,114,199,300,95,,,,
2024-08-30 23:33,4.1 км,"ул. Народной воли, 76","ул. Крестинского, 55 корпус 2",320,320,114,199,300,320,,,,
2024-08-30 23:44,13.2 км,"ул. Инженерная, 19","ул. Металлургов, 24",123,123,114,199,300,123,,clear sky,7.77C,100%
2024-08-30 23:55,7.3 км,"ул. Ольховская, 27 корпус 1","ул. Кобозева, 120а",131,131,125,199,300,131,,clear sky,8.77C,100%
2024-08-31 00:06,4.7 км,"ул. Азина, 25","ул. Ясная, 22-б",274,274,177,199,338,274,,clear sky,8.77C,100%
2024-08-31 00:17,5.1 км,"ул. Московская, 225 корпус 3","ул. Азина, 20/2",195,195,177,199,300,195,,,,
2024-08-31 00:30,8.2 км,"пр-кт Космонавтов, 45а","ул. Вишневая, 22а",203,203,193,199,300,203,,clear sky,8.77C,100%
2024-08-31 00:40,2.2 км,"ул. 40-летия Октября, 60","Черниговский пер., 13",123,123,125,199,338,123,,,,
2024-08-31 00:51,4.4 км,"ул. Кировградская, 61","Замятина пер., 29а",141,141,151,199,338,141,,clear sky,9.77C,100%
2024-08-31 01:02,8.3 км,"ул. Викулова, 44 корпус 2","ул. Новгородцевой, 23",177,177,114,199,300,177,,clear sky,9.77C,100%
2024-08-31 01:13,8.9 км,"ул. Металлургов, 22","ул. Избирателей, 50",203,203,125,199,300,203,,,,
2024-08-31 01:24,2.3 км,"ул. Большакова, 145","ул. Ткачей, 16а",177,177,114,199,300,177,,few clouds,9.77C,100%
2024-08-31 01:35,9.9 км,"ул. Ясная, 20Д","Зерновой пер., 10",221,221,125,199,376,221,,,,
2024-08-31 01:46,14.9 км,"пр-кт Академика Сахарова, 95/2","ул. Совхозная, 8",167,167,125,199,338,167,,scattered clouds,11.77C,87%
2024-08-31 01:56,7.9 км,"ул. Бакинских комиссаров, 171","ул. Первомайская, 37",123,123,125,247,300,123,,,,
2024-08-31 02:10,1.3 км,"ул. Шаумяна, 111","ул. Посадская, 44 корпус 3",203,203,167,199,338,203,,scattered clouds,11.77C,87%
2024-08-31 02:20,5.3 км,"ул. Самолетная, 24а","ул. Малышева, 100",95,95,125,199,300,95,,scattered clouds,11.77C,87%
2024-08-31 02:31,3.6 км,"ул. Пирогова, 4","ул. Чкалова, 109",249,249,114,199,300,249,,,,
2024-08-31 02:42,13.1 км,"ул. Самолетная, 18","ул. Фрезеровщиков, 82",113,113,114,199,300,113,,,,
2024-08-31 02:53,13.5 км,"Черниговский пер., 29","ул. Рощинская, 27",149,149,114,199,300,149,,scattered clouds,11.77C,87%
2024-08-31 03:04,13.2 км,"Запорожский пер., 8","ул. Стрелочников, 6а",105,105,114,199,300,105,,,,
2024-08-31 03:17,2.6 км,"ул. Раевского, 12","ул. Маяковского, 1",113,113,141,199,300,113,,clear sky,11.77C,87%
2024-08-31 03:28,5.5 км,"ул. 22 Партсъезда, 20","ул. Сулимова, 23",105,105,114,199,300,105,,clear sky,11.77C,87%
2024-08-31 03:39,5.9 км,"ул. Токарей, 54 корпус 2","ул. Вишневая, 61",113,113,114,199,376,113,,clear sky,11.77C,87%
2024-08-31 03:49,5.9 км,"ул. Бакинских комиссаров, 26","ул. Папанина, 7 корпус 2",95,95,114,199,300,95,,,,
2024-08-31 04:00,7.0 км,"ул. Титова, 12","ул. Студенческая, 82",123,123,177,199,300,123,,,,
2024-08-31 04:13,7.5 км,"пр-кт Космонавтов, 25а","ул. Сыромолотова, 11",149,149,114,199,338,149,,few clouds,11.77C,87%
2024-08-31 04:24,4.4 км,"ул. Мамина-Сибиряка, 193","ул. Чкалова, 121",266,266,125,199,300,266,,,,
2024-08-31 04:37,1.7 км,"ул. Свердлова, 66","ул. Учителей, 5а",231,231,193,235,338,231,,scattered clouds,10.77C,93%
2024-08-31 04:48,13.5 км,"ул. Вали Котика, 7","ул. Варшавская, 8",195,195,151,199,300,195,,scattered clouds,10.77C,93%
2024-08-31 04:59,4.7 км,"ул. Токарей, 60 корпус 2","ул. Тверитина, 11",231,231,212,199,566,231,,,,
2024-08-31 05:10,7.1 км,"ул. Сакко и Ванцетти, 50","ул. Энтузиастов, 33",356,356,230,199,490,356,,broken clouds,10.77C,93%
2024-08-31 05:21,16.6 км,"ул. Славянская, 40","ул. Кировградская, 17",95,95,114,199,300,95,,,,
2024-08-31 05:32,1.8 км,"ул. Шефская, 91 корпус 4","ул. Уральских рабочих, 15",167,167,151,199,300,167,,,,
2024-08-31 05:45,5.8 км,"ул. Коммунистическая, 4","ул. Данилы Зверева, 10а",123,123,151,199,300,123,,,,
2024-08-31 05:56,7.9 км,"ул. Академика Парина, 46/5","Трактористов пер., 5",159,159,114,199,300,159,,,,
2024-08-31 06:09,4.7 км,"ул. Вильгельма де Геннина, 36","ул. Звездная, 10",95,95,114,199,300,95,,,,
2024-08-31 06:22,1.8 км,"Замятина пер., 42","ул. Шефская, 106/2",105,105,264,199,300,105,,,,
2024-08-31 06:35,12.7 км,"ул. Калинина, 53","ул. Феофанова, 11",105,105,151,199,300,105,,overcast clouds,10.77C,93%
2024-08-31 06:46,15.9 км,"ул. Ломоносова, 57а","ул. Латвийская, 55",203,203,193,199,300,203,,,,
2024-08-31 06:57,18.9 км,"ул. Баумана, 51","ул. Новокольцовская, 10",195,195,125,199,300,195,,,,
2024-08-31 07:07,14.3 км,"ул. Восстания, 122","ул. Уфимская, 12",185,185,114,199,300,185,,,,
2024-08-31 07:18,5.9 км,"ул. Чапаева, 14 корпус 2","ул. Алтайская, 68",195,195,114,199,300,195,,,,
2024-08-31 07:29,12.6 км,"ул. Фабричная, 29","ул. Сортировочная, 8",113,113,125,199,300,113,,,,
2024-08-31 07:42,3.5 км,"ул. Розы Люксембург, 40","ул. Токарей, 66",177,177,114,199,300,177,,broken clouds,10.77C,93%
2024-08-31 07:53,4.4 км,"ул. Черкасская, 30а","ул. Красноармейская, 66",105,105,114,199,300,105,,,,
2024-08-31 08:06,7.8 км,"ул. Мусоргского, 17","ул. Мамина-Сибиряка, 132",113,113,114,199,300,113,,overcast clouds,10.77C,93%
2024-08-31 08:17,9.5 км,"Выходной пер., 5 корпус 2","ул. Луначарского, 38",95,95,125,199,300,95,,,,
2024-08-31 08:28,5.3 км,"ул. Мельковская, 13","ул. Уральских рабочих, 55б",95,95,114,199,300,95,,overcast clouds,10.77C,93%
2024-08-31 08:39,9.0 км,"ул. Фестивальная, 15","ул. Московская, 215а",231,231,151,199,300,231,,overcast clouds,10.77C,87%
2024-08-31 08:50,8.4 км,"ул. Сурикова, 37","Суворовский пер., 19",105,105,114,199,300,105,,overcast clouds,10.77C,87%
2024-08-31 09:01,8.6 км,"ул. Черкасская, 37","ул. Авангардная, 8",95,95,114,199,300,95,,,,
2024-08-31 09:12,4.9 км,"ул. Минометчиков, 30","ул. Сакко и Ванцетти, 58",141,141,177,199,300,141,,overcast clouds,10.76C,87%
2024-08-31 09:22,9.8 км,"ул. Металлургов, 44а","ул. Новаторов, 10",159,159,141,199,300,159,,,,
2024-08-31 09:33,5.9 км,"ул. Луначарского, 22","ул. Кобозева, 118",203,203,151,199,300,203,,,,
2024-08-31 09:46,6.2 км,"ул. Малышева, 21 корпус 3","ул. Современников, 7",95,95,114,199,300,95,,overcast clouds,10.77C,87%
2024-08-31 09:57,6.3 км,"ул. Крылова, 29","ул. Братская, 11",95,95,114,199,300,95,,overcast clouds,10.77C,87%
2024-08-31 10:08,5.5 км,"ул. Мамина-Сибиряка, 64","ул. Громова, 132",95,95,114,199,300,95,,overcast clouds,11.77C,82%
2024-08-31 10:19,8.3 км,"Газорезчиков пер., 45","ул. Хрустальная, 41",131,131,177,199,338,131,,,,
2024-08-31 10:30,255.7 м,"ул. Бакинских комиссаров, 38","ул. Бакинских комиссаров, 24",177,177,167,199,300,177,,,,
2024-08-31 10:43,9.4 км,"ул. Варшавская, 8","ул. Пушкина, 8",221,221,151,199,300,221,,overcast clouds,11.77C,82%
2024-08-31 10:54,4.9 км,"Переходный пер., 5","ул. Репина, 21",123,123,114,199,300,123,,broken clouds,11.77C,76%
2024-08-31 11:05,10.2 км,"ул. Агрономическая, 74","ул. Стрелочников, 28",203,203,256,199,300,203,,,,
2024-08-31 11:18,6.6 км,"ул. Анатолия Муранова, 18","ул. Фурманова, 24",195,195,151,199,300,195,,,,
2024-08-31 11:29,4.3 км,"ул. Агрономическая, 51","ул. Московская, 229",221,221,301,199,300,221,,,,
2024-08-31 11:42,7.9 км,"ул. Ляпустина, 6","ул. Заводская, 7",239,239,361,299,300,239,,broken clouds,12.77C,71%
2024-08-31 11:53,14.6 км,"ул. Волгоградская, 31 корпус 4","ул. Спутников, 4",213,213,125,199,300,213,,,,
2024-08-31 12:04,6.3 км,"ул. Азина, 21","ул. Амундсена, 52",159,159,125,199,300,159,,broken clouds,12.77C,71%
2024-08-31 12:15,6.6 км,"ул. Ильича, 8","ул. Мамина-Сибиряка, 130",213,213,230,247,300,213,,broken clouds,12.77C,71%
2024-08-31 12:26,8.4 км,"ул. Волгоградская, 29","ул. Данилы Зверева, 24",284,284,193,199,300,284,,broken clouds,12.77C,67%
2024-08-31 12:36,5.7 км,"ул. Викулова, 43 корпус 1","ул. Расточная, 17 корпус 1",95,95,114,199,300,95,,broken clouds,12.77C,67%
2024-08-31 12:47,8.8 км,"Красный пер., 8","ул. Патриотов, 12",131,131,167,199,338,131,,broken clouds,12.77C,67%
2024-08-31 12:58,3.6 км,"ул. Московская, 225 корпус 4","ул. Современников, 31",141,141,125,199,300,141,,scattered clouds,13.77C,62%
2024-08-31 13:09,12.1 км,"ул. Кварцевая, 3","ул. 22 Партсъезда, 7",203,203,141,199,300,203,,scattered clouds,13.77C,62%
2024-08-31 13:20,5.7 км,"ул. Волгоградская, 29","ул. Первомайская, 67",159,159,141,199,300,159,,,,
2024-08-31 13:31,8.8 км,"ул. Машинистов, 2","ул. Агрономическая, 20",177,177,151,199,300,177,,,,
2024-08-31 13:42,3.5 км,"ул. Куйбышева, 103","ул. 8 Марта, 179г",185,185,151,199,300,185,,scattered clouds,13.77C,58%
2024-08-31 13:53,6.9 км,"ул. Мичурина, 49","ул. Военная, 3",159,159,141,199,300,159,,,,
2024-08-31 14:06,5.9 км,"ул. Вишневая, 57","ул. Красноуральская, 29 корпус 1",185,185,151,199,300,185,,,,
2024-08-31 14:17,16.6 км,"ул. Профсоюзная, 12","ул. Кировградская, 13",195,195,125,199,300,195,,,,
2024-08-31 14:30,4.6 км,"ул. Донбасская, 37","ул. Папанина, 19",185,185,193,199,300,185,,,,
2024-08-31 14:43,9.4 км,"ул. Московская, 56 корпус 2","ул. Таганская, 52 корпус 1",141,141,177,199,300,141,,scattered clouds,13.77C,51%
2024-08-31 14:54,7.2 км,"ул. Данилы Зверева, 17","ул. Союзная, 27",195,195,204,199,300,195,,,,
2024-08-31 15:05,15.9 км,"ул. Зенитчиков, 114","ул. Народного фронта, 89а",167,167,114,235,300,167,,,,
2024-08-31 15:18,8.6 км,"ул. Хрустальногорская, 93","ул. Колхозников, 86",123,123,193,199,300,123,,,,
2024-08-31 15:29,375.2 м,"ул. Автомагистральная, 23","ул. Автомагистральная, 7",149,149,125,199,300,149,,scattered clouds,14.77C,51%
2024-08-31 15:40,17.2 км,"ул. Энтузиастов, 26а","ул. Бисертская, 4",159,159,177,199,300,159,,scattered clouds,14.77C,51%
2024-08-31 15:51,3.5 км,"ул. Кварцевая, 15","ул. Колхозников, 48",221,221,230,199,300,221,,scattered clouds,13.77C,51%
2024-08-31 16:02,4.8 км,"ул. Белореченская, 23 корпус 1","пр-кт Ленина, 69 корпус 14",149,149,204,199,300,149,,,,
2024-08-31 16:13,8.1 км,"ул. Ползунова, 15","ул. Сакко и Ванцетти, 57",149,149,114,199,300,149,,,,
2024-08-31 16:23,20.5 км,"ул. Шефская, 96","ул. Бахчиванджи, 19/3",159,159,114,199,300,159,,scattered clouds,13.77C,54%
2024-08-31 16:34,3.3 км,"ул. Серова, 47","ул. Луначарского, 181",167,167,177,199,300,167,,,,
2024-08-31 16:45,7.9 км,"ул. Павлодарская, 15","ул. Павла Шаманова, 15",195,195,125,199,300,195,,scattered clouds,13.77C,54%
2024-08-31 16:56,6.3 км,"ул. Шаумяна, 103 корпус 4","ул. Уральская, 55",239,239,282,199,338,239,,,,
2024-08-31 17:09,2.5 км,"ул. Белинского, 218 корпус 2","ул. Амундсена, 55 корпус 1",159,159,167,199,300,159,,,,
2024-08-31 17:20,3.3 км,"ул. Родонитовая, 9","ул. Тверитина, 40",159,159,151,199,300,159,,,,
2024-08-31 17:31,10.7 км,"ул. Ползунова, 13","ул. Белинского, 198",149,149,193,199,300,149,,scattered clouds,13.77C,54%
2024-08-31 17:42,10.3 км,"ул. Союзная, 8","ул. Кишиневская, 37",185,185,167,219,300,185,,,,
2024-08-31 17:53,5.0 км,"ул. Белореченская, 36 корпус 1","ул. Первомайская, 33",330,330,151,199,300,330,,scattered clouds,13.77C,54%
2024-08-31 18:04,2.2 км,"ул. Белореченская, 9/4","ул. Металлургов, 34",185,185,151,199,300,185,,scattered clouds,13.77C,54%
2024-08-31 18:15,8.2 км,"ул. Щорса, 64","Хибиногорский пер., 29",105,105,151,199,300,105,,,,
2024-08-31 18:28,3.5 км,"Малахитовый пер., 56","ул. Николая Островского, 2",95,95,114,199,300,95,,,,
2024-08-31 18:41,4.9 км,"ул. Современников, 17","ул. Посадская, 51",113,113,114,199,300,113,,scattered clouds,12.77C,58%
2024-08-31 18:52,11.0 км,"ул. Кузнецова, 8","ул. Академика Постовского, 16а",95,95,125,199,300,95,,scattered clouds,12.77C,58%
2024-08-31 19:03,5.9 км,"ул. Июльская, 28","ул. Красноуральская, 27 корпус 1",123,123,193,199,300,123,,scattered clouds,12.77C,58%
2024-08-31 19:14,16.7 км,"ул. Академика Вонсовского, 19","ул. Бахчиванджи, 9",131,131,114,199,452,131,,,,
2024-08-31 19:27,8.1 км,"ул. Красноармейская, 78а","пр-кт Академика Сахарова, 95/2",149,149,151,199,300,149,,scattered clouds,12.77C,58%
2024-08-31 19:38,8.9 км,"ул. Индустрии, 62","ул. Токарей, 60 корпус 1",149,149,114,199,300,149,,clear sky,11.76C,66%
2024-08-31 19:49,8.7 км,"ул. Степана Разина, 28","ул. Профсоюзная, 20",177,177,114,199,300,177,,clear sky,11.77C,66%
2024-08-31 20:00,7.7 км,"ул. Заводская, 14","ул. Старых Большевиков, 26",239,239,114,199,300,239,,clear sky,11.7C,66%
2024-08-31 20:11,13.4 км,"ул. Бакинских комиссаров, 14","ул. Благодатская, 74",185,185,177,199,300,185,,,,
2024-08-31 20:24,13.2 км,"ул. Хомякова, 9","ул. Карельская, 68а",292,292,114,199,338,292,,,,
2024-08-31 20:37,11.3 км,"ул. Севастопольская, 12","ул. Титова, 12",123,123,141,199,300,123,,,,
2024-08-31 20:50,14.8 км,"ул. Литовская, 29","ул. Металлургов, 28",105,105,114,199,300,105,,,,
2024-08-31 21:01,853.0 м,"ул. Белинского, 147","ул. Белинского, 220 корпус 2",177,177,141,199,300,177,,clear sky,9.77C,76%
2024-08-31 21:12,8.5 км,"ул. Куйбышева, 110","ул. Победы, 16",221,221,151,235,300,221,,,,
2024-08-31 21:23,6.6 км,"ул. Павла Шаманова, 50","ул. Академика Шварца, 10 корпус 2",185,185,141,199,300,185,,,,
2024-08-31 21:36,9.7 км,"ул. Проезжая, 159А","Выходной пер., 5 корпус 4",167,167,238,199,300,167,,,,
2024-08-31 21:49,3.9 км,"ул. Фрунзе, 40","ул. Байкальская, 52",113,113,114,199,300,113,,clear sky,8.77C,81%
2024-08-31 22:00,6.9 км,"Олимпийская наб., 13","ул. Совхозная, 6",195,195,212,199,300,195,,,,
2024-08-31 22:13,8.1 км,"ул. Гурзуфская, 22","ул. Баумана, 32а",312,312,114,199,300,312,,clear sky,4.77C,93%
2024-08-31 22:24,7.1 км,"ул. Щербакова, 3 корпус 5","ул. Яскина, 14/2",266,266,114,199,300,266,,clear sky,4.77C,93%
2024-08-31 22:35,7.7 км,"ул. Бакинских комиссаров, 38","ул. Мамина-Сибиряка, 104",231,231,114,199,300,231,,clear sky,5.77C,100%
2024-08-31 22:46,2.9 км,"ул. Вилонова, 76","ул. Азина, 39",159,159,114,199,338,159,,,,
2024-08-31 22:59,5.4 км,"ул. Кобозева, 81","ул. Азина, 25",149,149,141,199,300,149,,clear sky,5.77C,100%
2024-08-31 23:10,6.2 км,"ул. Ферганская, 10","ул. Сакко и Ванцетти, 100",185,185,114,199,300,185,,,,
2024-08-31 23:23,6.0 км,"ул. Современников, 13","ул. Московская, 28",213,213,114,199,300,213,,clear sky,4.77C,93%
2024-08-31 23:34,12.8 км,"ул. Самолетная, 45","ул. Кировградская, 21",177,177,114,199,300,177,,clear sky,4.76C,93%
2024-08-31 23:45,8.4 км,"ул. Энгельса, 31","ул. Билимбаевская, 17",123,123,114,199,300,123,,,,
2024-08-31 23:58,495.8 м,"ул. Шаумяна, 103 корпус 4","ул. Шаумяна, 88",,,,,,,,fog,3.77C,100%
2024-09-01 00:09,11.0 км,"ул. Лобкова, 12","ул. Волгоградская, 31 корпус 4",185,185,114,199,414,185,,,,
2024-09-01 00:22,17.9 км,"ул. Бакинских комиссаров, 101","ул. Лучистая, 4",195,195,141,199,338,195,,,,
2024-09-01 00:33,13.6 км,"ул. Корепина, 44","ул. Хвойная, 77",159,159,204,199,338,159,,fog,3.77C,100%
2024-09-01 00:44,9.7 км,"ул. Большакова, 22 корпус 2","ул. Центральная, 12",231,231,125,199,300,231,,,,
2024-09-01 00:57,7.8 км,"ул. Тимирязева, 13","ул. Сухоложская, 4",274,274,204,199,300,274,,fog,3.77C,100%
2024-09-01 01:08,2.9 км,"Денисова-Уральского б-р, 6а","ул. Посадская, 30 корпус 2",167,167,114,199,338,167,,mist,2.77C,100%
2024-09-01 01:19,10.0 км,"Малахитовый пер., 56","ул. Челюскинцев, 33",312,312,125,199,300,312,,,,
2024-09-01 01:30,8.1 км,"ул. Техническая, 12","ул. Чайковского, 78",231,231,125,199,338,231,,,,
2024-09-01 01:43,3.5 км,"ул. Сурикова, 48","ул. Восточная, 82",195,195,114,199,300,195,,mist,2.77C,100%
2024-09-01 01:54,10.4 км,"ул. Мамина-Сибиряка, 25","Газорезчиков пер., 37",310,310,125,199,452,310,,mist,2.77C,100%
2024-09-01 02:05,9.0 км,"ул. Ползунова, 34д","ул. Большакова, 22 корпус 5",131,131,264,199,300,131,,broken clouds,0.77C,100%
2024-09-01 02:16,12.2 км,"ул. Бакинских комиссаров, 107","Денисова-Уральского б-р, 8",312,312,114,199,300,312,,broken clouds,0.77C,100%
2024-09-01 02:27,8.7 км,"ул. Мраморская, 4/2","ул. Крауля, 80 корпус 3",213,213,264,199,300,213,,,,
2024-09-01 02:40,10.3 км,"ул. Шатурская, 5","ул. Донбасская, 36",213,213,114,199,338,213,,broken clouds,0.76C,100%
2024-09-01 02:51,10.8 км,"ул. Ухтомская, 45","ул. Парниковая, 2",123,123,114,199,300,123,,broken clouds,0.77C,100%
2024-09-01 03:02,7.0 км,"пр-кт Ленина, 62 корпус 9","ул. Донбасская, 14",213,213,114,199,300,213,,,,
2024-09-01 03:13,6.3 км,"ул. Электриков, 6","ул. Крауля, 2",177,177,141,199,300,177,,mist,1.77C,100%
2024-09-01 03:24,2.2 км,"ул. Розы Люксембург, 77","Химиков пер., 4",167,167,114,199,300,167,,mist,1.77C,100%
2024-09-01 03:35,4.2 км,"ул. Нагорная, 46 корпус А","Трамвайный пер., 2/1",231,231,114,199,300,231,,,,
2024-09-01 03:46,13.5 км,"ул. Селькоровская, 12","ул. Корепина, 13",310,310,114,199,300,310,,fog,1.77C,100%
2024-09-01 03:57,6.6 км,"ул. Дагестанская, 34","ул. Патриса Лумумбы, 93",95,95,125,199,300,95,,,,
2024-09-01 04:10,7.0 км,"ул. Кировградская, 51б","ул. Первомайская, 69",274,274,114,199,300,274,,,,
2024-09-01 04:24,8.5 км,"ул. Щорса, 92а корпус 6","ул. Машиностроителей, 57",149,149,114,199,300,149,,,,
2024-09-01 04:37,12.1 км,"ул. Блюхера, 95","ул. Краснолесья, 103",131,131,114,199,300,131,,scattered clouds,2.77C,100%
2024-09-01 04:48,9.9 км,"ул. 40-летия Октября, 38","ул. Академика Бардина, 3 корпус 4",159,159,114,199,300,159,,,,
2024-09-01 04:59,10.0 км,"ул. Новаторов, 12","ул. Большакова, 22 корпус 4",195,195,125,199,300,195,,,,
2024-09-01 05:10,2.0 км,"ул. Папанина, 7 корпус 1","ул. Крауля, 48 корпус 1",231,231,204,199,338,231,,clear sky,3.77C,100%
2024-09-01 05:21,18.5 км,"ул. Шейнкмана, 30","Исток 1826 км., 1",266,266,230,283,376,266,,clear sky,3.77C,100%
2024-09-01 05:32,8.1 км,"Сибирский тракт 9 км., 107","ул. Дагестанская, 2",302,302,317,199,338,302,,,,
2024-09-01 05:45,1.6 км,"ул. Короленко, 10А","пр-кт Ленина, 64",185,185,114,199,376,185,,few clouds,3.77C,100%
2024-09-01 05:56,649.4 м,"ул. Восточная, 36","пр-кт Ленина, 69 корпус 13",185,185,114,199,338,185,,,,
2024-09-01 06:09,8.3 км,"Широкий пер., 1","ул. Азина, 20/3",221,221,151,199,300,221,,few clouds,3.77C,100%
2024-09-01 06:20,5.6 км,"ул. Шевченко, 27","ул. Старых Большевиков, 77",437,437,114,199,414,437,,scattered clouds,4.77C,100%
2024-09-01 06:31,5.8 км,"ул. Готвальда, 19б","ул. Комсомольская, 59в",167,167,141,199,300,167,,scattered clouds,4.77C,100%
2024-09-01 06:42,10.4 км,"ул. Ломоносова, 61","ул. Новгородцевой, 35",177,177,114,199,300,177,,scattered clouds,4.77C,100%
2024-09-01 06:53,14.4 км,"Выходной пер., 5 корпус 5","ул. Пехотинцев, 3 корпус 2",95,95,114,199,300,95,,scattered clouds,4.77C,100%
2024-09-01 07:04,4.4 км,"ул. Посадская, 28 корпус 6","ул. Стрелочников, 8",348,348,193,199,300,348,,scattered clouds,4.77C,100%
2024-09-01 07:15,8.8 км,"ул. Современников, 3","ул. Стрелочников, 33 корпус 1",320,320,151,199,300,320,,scattered clouds,4.77C,100%
2024-09-01 07:26,9.6 км,"ул. Железнодорожников, 1","ул. Патриса Лумумбы, 23",95,95,114,199,300,95,,scattered clouds,4.77C,100%
2024-09-01 07:37,10.6 км,"ул. Академика Вонсовского, 75","ул. Машиностроителей, 43",123,123,114,199,300,123,,scattered clouds,4.77C,100%
2024-09-01 07:48,12.5 км,"ул. Баумана, 15","ул. Звездная, 7",95,95,125,199,300,95,,scattered clouds,5.77C,100%
2024-09-01 07:59,2.9 км,"ул. Симферопольская, 33","ул. Бисертская, 129",203,203,114,199,300,203,,scattered clouds,5.77C,100%
2024-09-01 08:10,5.2 км,"Парковый пер., 39 корпус 4","ул. Бебеля, 156",141,141,114,199,300,141,,scattered clouds,5.77C,100%
2024-09-01 08:21,3.7 км,"ул. Белореченская, 15 корпус 3","ул. Луначарского, 225",123,123,114,199,300,123,,scattered clouds,5.77C,100%
2024-09-01 08:32,8.0 км,"ул. Расточная, 31а","ул. Первомайская, 59",167,167,204,199,300,167,,scattered clouds,6.77C,100%
2024-09-01 08:43,5.7 км,"ул. Начдива Онуфриева, 36","Базовый пер., 4",239,239,114,199,300,239,,scattered clouds,6.77C,100%
2024-09-01 08:54,9.8 км,"ул. Ухтомская, 26а","ул. Избирателей, 13",123,123,114,199,300,123,,clear sky,7.77C,100%
2024-09-01 09:05,18.5 км,"ул. Авиаторов, 7","ул. Бабушкина, 20а",95,95,114,199,300,95,,clear sky,7.77C,100%
2024-09-01 09:16,3.7 км,"ул. Звездная, 7","ул. Чайковского, 56",203,203,125,199,300,203,,clear sky,8.77C,100%
2024-09-01 09:27,7.9 км,"ул. Билимбаевская, 19","ул. Московская, 68",195,195,212,199,300,195,,clear sky,8.77C,100%
2024-09-01 09:38,5.9 км,"ул. Шефская, 108","ул. Бебеля, 164",213,213,193,199,300,213,,clear sky,8.77C,100%
2024-09-01 09:49,11.7 км,"ул. Зои Космодемьянской, 42а","ул. Серафимы Дерябиной, 19 корпус 1",221,221,193,199,300,221,,clear sky,10.77C,82%
2024-09-01 10:00,3.4 км,"пр-кт Космонавтов, 101","ул. Стачек, 33",95,95,125,199,300,95,,clear sky,10.77C,82%
2024-09-01 10:11,3.4 км,"ул. Сулимова, 30","ул. Тагильская, 15а",95,95,114,199,300,95,,clear sky,11.77C,76%
2024-09-01 10:22,1.5 км,"ул. Машинная, 1б/5","ул. Авиационная, 63 корпус 1",95,95,114,199,300,95,,clear sky,11.77C,76%
2024-09-01 10:33,5.8 км,"ул. Армавирская, 19","Замятина пер., 45",95,95,125,199,300,95,,clear sky,11.77C,76%
2024-09-01 10:45,978.6 м,"ул. Боровая, 23","Парковый пер., 41 корпус 3",141,141,125,199,300,141,,clear sky,12.77C,58%
2024-09-01 10:56,5.9 км,"ул. Луначарского, 77","Замятина пер., 29а",95,95,114,199,300,95,,clear sky,12.77C,58%
2024-09-01 11:07,6.2 км,"ул. Минометчиков, 42","ул. Красноармейская, 4а",113,113,114,199,300,113,,clear sky,12.77C,58%
2024-09-01 11:18,5.6 км,"ул. Шефская, 12а","ул. Мамина-Сибиряка, 56",149,149,125,199,300,149,,clear sky,12.77C,58%
2024-09-01 11:29,4.9 км,"ул. Коуровская, 24","ул. Индустрии, 32",167,167,167,199,300,167,,clear sky,12.77C,47%
2024-09-01 11:40,1.7 км,"ул. Симферопольская, 17","ул. Санаторная, 14",167,167,230,199,300,167,,clear sky,13.77C,47%
2024-09-01 11:51,2.2 км,"ул. Индустрии, 96","ул. Корепина, 14",239,239,290,199,300,239,,clear sky,13.77C,47%
2024-09-01 12:02,13.5 км,"Зерновой пер., 5","ул. Хмелева, 4",95,95,193,199,300,95,,clear sky,13.77C,47%
2024-09-01 12:13,5.3 км,"ул. Майкопская, 5б","ул. Ухтомская, 14а",113,113,114,199,300,113,,clear sky,13.77C,47%
2024-09-01 12:24,6.6 км,"ул. Студенческая, 42а","ул. Таганская, 52 корпус 2",131,131,114,199,300,131,,clear sky,14.77C,44%
2024-09-01 12:35,13.1 км,"пр-кт Ленина, 5 корпус 3","ул. Новая, 6",123,123,114,199,300,123,,clear sky,14.77C,44%
2024-09-01 12:46,10.9 км,"ул. Сыромолотова, 20","ул. Краснолесья, 117",149,149,167,199,300,149,,clear sky,14.77C,44%
2024-09-01 12:57,7.7 км,"ул. Хохрякова, 75","ул. Энтузиастов, 30а",95,95,114,199,300,95,,clear sky,14.77C,47%
2024-09-01 13:08,7.9 км,"Сиреневый б-р, 5","ул. Красных командиров, 72",167,167,177,199,300,167,,clear sky,14.77C,44%
2024-09-01 13:19,2.8 км,"ул. Сортировочная, 21","ул. Донбасская, 24",131,131,238,199,300,131,,clear sky,14.76C,44%
2024-09-01 13:30,490.3 м,"ул. Амундсена, 73","ул. Академика Бардина, 47",159,159,125,199,300,159,,clear sky,14.77C,44%
2024-09-01 13:41,9.9 км,"ул. Рощинская, 69А","ул. Менжинского, 2в",231,231,167,199,300,231,,clear sky,14.77C,44%
2024-09-01 13:52,23.0 км,"ул. Бахчиванджи, 19/7","ул. Техническая, 78",95,95,114,199,300,95,,clear sky,14.77C,44%
2024-09-01 14:03,12.7 км,"ул. Современников, 4","ул. Баумана, 26",213,213,114,199,300,213,,clear sky,14.77C,44%
2024-09-01 14:15,1.1 км,"ул. Пионеров, 4","ул. Советская, 47г",149,149,114,199,300,149,,clear sky,15.77C,44%
2024-09-01 14:26,7.1 км,"ул. Вилонова, 3","ул. Авиационная, 75",249,249,114,199,300,249,,clear sky,15.77C,44%
2024-09-01 14:37,3.9 км,"ул. Уральская, 75","ул. Папанина, 14",213,213,193,199,300,213,,clear sky,15.77C,41%
2024-09-01 14:48,7.6 км,"ул. Восстания, 95","пр-кт Ленина, Сооружение 93",231,231,193,199,300,231,,clear sky,15.77C,41%
2024-09-01 14:59,2.8 км,"ул. Стрелочников, 6","ул. Вайнера, 15",113,113,114,199,300,113,,clear sky,15.77C,41%
2024-09-01 15:10,11.5 км,"ул. Уральская, 78","ул. Грибоедова, 17",105,105,114,199,300,105,,clear sky,16.77C,45%
2024-09-01 15:21,1.4 км,"пр-кт Академика Сахарова, 87","ул. Краснолесья, 107",167,167,204,235,300,167,,clear sky,16.77C,45%
2024-09-01 15:32,9.8 км,"ул. Машиностроителей, 77","ул. Белинского, 218 корпус 2",231,231,193,199,300,231,,clear sky,16.77C,45%
2024-09-01 15:43,3.1 км,"ул. Ярославская, 27","Замятина пер., 43а",310,310,432,199,300,310,,clear sky,16.77C,42%
2024-09-01 15:54,3.3 км,"Теплогорский пер., 8","ул. Искровцев, 21",203,203,204,199,300,203,,clear sky,16.77C,42%
2024-09-01 16:05,7.2 км,"ул. Техническая, 142","ул. Баумана, 17а",195,195,193,199,300,195,,,,
2024-09-01 16:16,18.5 км,"ул. Титова, Строение 25а","ул. Алая, 3",141,141,114,199,300,141,,,,
2024-09-01 16:27,6.2 км,"ул. Армавирская, 26а","ул. Чкалова, 18",105,105,114,199,300,105,,clear sky,16.77C,45%
2024-09-01 16:38,3.4 км,"ул. Белинского, 190","ул. Вишневая, 38",141,141,114,199,300,141,,,,
2024-09-01 16:49,1.2 км,"пр-кт Ленина, 69 корпус 6","ул. Мамина-Сибиряка, 45",95,95,114,199,300,95,,,,
2024-09-01 17:00,4.0 км,"ул. Союзная, 27","ул. Патриса Лумумбы, 41",141,141,125,199,300,141,,clear sky,16.77C,42%
2024-09-01 17:11,5.2 км,"ул. Корепина, 46","пр-кт Ленина, 99а",105,105,114,199,300,105,,,,
2024-09-01 17:24,7.8 км,"ул. Ильича, 13","ул. Посадская, 28 корпус 1",159,159,114,199,300,159,,,,
2024-09-01 17:38,2.4 км,"ул. Ткачей, 16","ул. Щорса, 109",141,141,114,199,300,141,,clear sky,16.77C,45%
2024-09-01 17:49,8.7 км,"ул. Мамина-Сибиряка, 193","ул. Мостовая, 53а",131,131,114,199,300,131,,clear sky,16.77C,48%
2024-09-01 18:00,5.7 км,"ул. Пехотинцев, 21","ул. Фрезеровщиков, 39б",167,167,114,199,300,167,,clear sky,16.77C,48%
2024-09-01 18:11,8.1 км,"ул. Байкальская, 48","ул. Патриса Лумумбы, 46",113,113,114,199,300,113,,,,
2024-09-01 18:22,3.7 км,"Замятина пер., 22","ул. Культуры, 10",195,195,151,199,300,195,,clear sky,16.77C,48%
2024-09-01 18:33,9.0 км,"ул. Билимбаевская, 7","ул. Чкалова, 119",105,105,114,199,300,105,,clear sky,16.77C,45%
2024-09-01 18:44,3.7 км,"ул. Родонитовая, 35","ул. Симферопольская, 20",302,302,114,199,300,302,,clear sky,16.77C,45%
2024-09-01 18:55,8.1 км,"ул. Баумана, 48","Сергея Есенина б-р, 20",231,231,114,199,300,231,,,,
2024-09-01 19:09,1.9 км,"Переходный пер., 4","ул. Мичурина, 216",231,231,114,199,300,231,,clear sky,14.77C,58%
2024-09-01 19:20,8.3 км,"ул. Байкальская, 36","ул. Красных командиров, 130",131,131,114,199,300,131,,clear sky,14.77C,58%
2024-09-01 19:31,2.9 км,"ул. Краснофлотцев, 2а","ул. Машиностроителей, 63",149,149,125,199,300,149,,,,
2024-09-01 19:42,1.4 км,"ул. Малышева, 90","ул. Бажова, 39",249,249,125,199,300,249,,clear sky,14.77C,58%
2024-09-01 19:53,2.7 км,"ул. Сакко и Ванцетти, 111а","ул. Печерская, 2",284,284,125,199,300,284,,,,
2024-09-01 20:04,12.7 км,"ул. Ползунова, 20","ул. Академика Постовского, 17а",185,185,114,199,300,185,,clear sky,12.77C,67%
2024-09-01 20:15,12.2 км,"ул. Червонная, 19","Сиреневый б-р, 19а",105,105,125,199,338,105,,,,
2024-09-01 20:27,7.3 км,"ул. Крауля, 68","ул. Вилонова, 90 корпус 2",123,123,114,199,300,123,,,,
2024-09-01 20:40,5.7 км,"ул. Студенческая, 64","ул. Электриков, 29",203,203,301,199,338,203,,clear sky,11.77C,71%
2024-09-01 20:51,14.4 км,"пр-кт Космонавтов, 49а","ул. Алтайская, 70",105,105,114,199,300,105,,,,
2024-09-01 21:02,5.0 км,"ул. Авиаторов, 14","ул. Яскина, 8",95,95,114,199,300,95,,,,
2024-09-01 21:13,8.4 км,"ул. Родонитовая, 36","ул. Летчиков, 10а",348,348,114,199,338,348,,,,
2024-09-01 21:24,2.7 км,"ул. Белореченская, 14","пр-кт Ленина, 29",105,105,141,199,452,105,,clear sky,10.77C,82%
2024-09-01 21:35,969.4 м,"пр-кт Ленина, 103","ул. Восточная, 62",113,113,141,199,414,113,,clear sky,8.77C,87%
2024-09-01 21:47,13.6 км,"Короткий пер., 5 корпус 2","ул. Шефская, 61",185,185,114,199,300,185,,clear sky,8.77C,87%
2024-09-01 21:58,8.3 км,"ул. Сортировочная, 4","ул. Декабристов, 1",95,95,125,199,300,95,,,,
2024-09-01 22:11,6.8 км,"ул. Бебеля, 119","ул. Декабристов, 16/18Ж",195,195,238,199,300,195,,clear sky,9.77C,87%
2024-09-01 22:22,13.7 км,"ул. Бабушкина, 20","ул. Евгения Савкова, 35",203,203,125,263,300,203,,clear sky,9.77C,87%
2024-09-01 22:33,5.0 км,"ул. Бебеля, 156","ул. Корепина, 20",131,131,125,199,376,131,,clear sky,9.77C,87%
2024-09-01 22:45,8.1 км,"ул. Кунарская, 6А","ул. Мичурина, 68",95,95,114,199,300,95,,clear sky,8.77C,87%
2024-09-01 22:56,5.2 км,"ул. Советская, 7 корпус 3","ул. Крауля, 68",266,266,114,199,300,266,,,,
2024-09-01 23:09,2.9 км,"ул. Старых Большевиков, 13","ул. Ломоносова, 55",239,239,114,199,300,239,,,,
2024-09-01 23:23,5.6 км,"ул. Коуровская, 24","ул. Стахановская, 58",105,105,141,199,338,105,,,,
2024-09-01 23:34,5.1 км,"ул. Симферопольская, 31","ул. Машинная, 31д",131,131,114,199,300,131,,,,
2024-09-01 23:45,8.6 км,"ул. Современников, 19","ул. Готвальда, 19в",141,141,114,199,300,141,,clear sky,7.77C,93%
2024-09-01 23:56,7.3 км,"ул. Крауля, 80 корпус 2","ул. Академическая, 23а",141,141,114,199,300,141,,clear sky,8.77C,87%
2024-09-02 00:07,5.2 км,"ул. Куйбышева, 4","ул. Щербакова, 3 корпус 2",231,231,114,199,300,231,,clear sky,7.77C,87%
2024-09-02 00:19,6.4 км,"ул. Малышева, 139","Теплогорский пер., 6",123,123,114,199,300,123,,,,
2024-09-02 00:30,7.1 км,"ул. Куйбышева, 177","ул. Репина, 101",149,149,114,199,300,149,,clear sky,7.77C,87%
2024-09-02 00:41,1.8 км,"ул. Аптекарская, 47","ул. Звездная, 16",95,95,114,199,300,95,,clear sky,7.77C,87%
2024-09-02 00:53,13.1 км,"ул. Кировградская, 51а","ул. Чкалова, 245",113,113,114,199,300,113,,clear sky,6.77C,93%
2024-09-02 01:04,15.8 км,"ул. Корепина, 11","ул. Зои Космодемьянской, 44",105,105,125,199,300,105,,,,
2024-09-02 01:15,8.3 км,"ул. Лобкова, 40","Сибирский тракт, 29а",95,95,114,199,300,95,,,,
2024-09-02 01:28,8.4 км,"ул. 40-летия Октября, 60","ул. Народной воли, 23",95,95,114,199,300,95,,clear sky,7.77C,87%
2024-09-02 01:40,4.6 км,"ул. Армавирская, 22А","ул. Академическая, 23а",131,131,114,199,300,131,,,,
2024-09-02 01:53,4.2 км,"ул. Амундсена, 51а","ул. Аптекарская, 39",113,113,114,199,300,113,,,,
2024-09-02 02:04,11.7 км,"ул. Родонитовая, 24","пр-кт Космонавтов, 29",149,149,114,199,300,149,,clear sky,7.77C,87%
2024-09-02 02:15,8.0 км,"ул. Ухтомская, 16б","ул. Хмелева, 10",95,95,125,199,300,95,,,,
2024-09-02 02:27,10.6 км,"ул. Баумана, 3","ул. Крестинского, 13",95,95,114,199,300,95,,clear sky,6.77C,93%
2024-09-02 02:38,12.4 км,"ул. Викулова, 46а","ул. Профсоюзная, 51",123,123,114,199,300,123,,clear sky,6.77C,93%
2024-09-02 02:49,4.5 км,"ул. Академическая, 8","ул. Московская, 40",203,203,114,199,300,203,,,,
2024-09-02 03:03,7.4 км,"ул. Бажова, 99","ул. 40-летия Октября, 88",257,257,125,199,300,257,,,,
2024-09-02 03:16,3.2 км,"ул. 40-летия Октября, 15","ул. Лобкова, 34",159,159,151,199,300,159,,,,
2024-09-02 03:27,14.9 км,"ул. Кварцевая, 15","ул. Коммунистическая, 121",159,159,114,199,300,159,,,,
2024-09-02 03:41,4.7 км,"ул. Билимбаевская, 24","ул. Опалихинская, 22",177,177,151,199,300,177,,,,
2024-09-02 03:52,8.7 км,"ул. Крауля, 87 корпус 1","ул. Новгородцевой, 19 корпус 2",177,177,125,199,300,177,,clear sky,6.77C,93%
2024-09-02 04:03,15.8 км,"Высокий пер., 2","ул. Таганская, 9а",95,95,114,199,300,95,,clear sky,6.77C,93%
2024-09-02 04:14,3.4 км,"ул. Азина, 42","ул. Восточная, 160",95,95,114,199,300,95,,,,
2024-09-02 04:26,2.6 км,"ул. Электриков, 29","ул. Красина, 6",356,356,230,199,300,356,,clear sky,6.77C,93%
2024-09-02 04:37,8.1 км,"ул. Токарей, 58 корпус 2","ул. Калинина, 70",105,105,114,199,300,105,,clear sky,6.77C,93%
2024-09-02 04:48,7.3 км,"ул. Академика Бардина, 13 корпус 1","ул. Бебеля, 166",95,95,114,199,338,95,,,,
2024-09-02 04:59,8.0 км,"ул. Кунарская, 20","ул. Серафимы Дерябиной, 33",131,131,230,199,300,131,,,,
2024-09-02 05:10,2.6 км,"ул. Учителей, 26","пр-кт Ленина, 62 корпус 3",177,177,317,199,338,177,,clear sky,6.77C,93%
2024-09-02 05:22,8.1 км,"пр-кт Космонавтов, 80","ул. Белинского, 35",113,113,361,199,300,113,,clear sky,6.77C,93%
2024-09-02 05:33,6.5 км,"ул. Белинского, 175","ул. Пионеров, 12 корпус 2",149,149,114,199,300,149,,clear sky,6.77C,93%
2024-09-02 05:44,7.0 км,"ул. Родонитовая, 1","ул. Уральская, 66 корпус 2",123,123,141,199,300,123,,clear sky,7.77C,93%
2024-09-02 05:55,7.7 км,"ул. Мраморская, 6","ул. Павла Шаманова, 5/3",221,221,114,199,300,221,,clear sky,7.77C,93%
2024-09-02 06:07,5.5 км,"ул. Уральская, 55","ул. Парниковая, 8",257,257,238,199,300,257,,clear sky,7.77C,93%
2024-09-02 06:18,11.7 км,"ул. Баумана, 1","ул. Академика Вонсовского, 77",159,159,256,199,300,159,,,,
2024-09-02 06:31,3.8 км,"ул. 40-летия Октября, 48","ул. Летчиков, 30",310,310,317,199,300,310,,clear sky,7.77C,87%
2024-09-02 06:42,9.0 км,"ул. Коуровская, 22","ул. Павла Шаманова, 40",302,302,114,199,300,302,,,,
2024-09-02 06:54,2.6 км,"Красный пер., 19","ул. Менжинского, 1а",131,131,114,199,300,131,,,,
2024-09-02 07:07,7.3 км,"ул. Комсомольская, 45 корпус 6","ул. Походная, 7б",374,374,230,199,300,374,,,,
2024-09-02 07:18,2.1 км,"ул. Серова, 27","ул. Декабристов, 16/18Б",402,402,114,199,338,402,,,,
2024-09-02 07:32,5.3 км,"ул. Советская, 20","ул. Посадская, 28 корпус 2",274,274,114,199,300,274,,clear sky,8.77C,87%
2024-09-02 07:43,5.5 км,"ул. Камчатская, 47","ул. Ломоносова, 57а",274,274,125,199,300,274,,,,
2024-09-02 07:57,1.1 км,"ул. 40-летия Октября, 88","ул. Народного фронта, 91а",312,312,114,199,300,312,,clear sky,9.77C,81%
2024-09-02 08:08,3.6 км,"ул. Розы Люксембург, 40","ул. Советская, 49",177,177,151,199,300,177,,,,
2024-09-02 08:19,7.9 км,"Низовой пер., 8а","ул. Братская, 8",266,266,230,199,300,266,,,,
2024-09-02 08:33,12.9 км,"ул. Инженерная, 26","ул. Хомякова, 6",320,320,114,199,300,320,,,,
2024-09-02 08:44,9.7 км,"ул. Фрунзе, 24","ул. Кишиневская, 54",302,302,167,199,674,302,,clear sky,11.77C,76%
2024-09-02 08:55,3.8 км,"ул. Серафимы Дерябиной, 35","ул. Кольцевая, 32",274,274,114,199,338,274,,,,
2024-09-02 09:08,12.8 км,"ул. Симферопольская, 40а","ул. Машиностроителей, 33",249,249,114,199,452,249,,,,
2024-09-02 09:22,1.1 км,"ул. Эскадронная, 35","ул. Симферопольская, 24",231,231,114,199,300,231,,clear sky,12.77C,71%
2024-09-02 09:33,6.9 км,"ул. Старых Большевиков, 17","ул. Расточная, 41",292,292,343,391,300,292,,clear sky,12.77C,71%
2024-09-02 09:44,7.2 км,"ул. Декабристов, 27","ул. Патриса Лумумбы, 81",159,159,141,199,376,159,,clear sky,14.77C,63%
2024-09-02 09:56,5.3 км,"ул. Чердынская, 52","ул. Свердлова, 22",131,131,114,199,300,131,,clear sky,14.77C,63%
2024-09-02 10:07,1.2 км,"ул. Ирбитская, 68","ул. Уральская, 56а",95,95,114,199,300,95,,,,
2024-09-02 10:18,3.3 км,"ул. Пионеров, 12 корпус 3","ул. Малышева, 21/1",95,95,114,199,300,95,,,,
2024-09-02 10:29,10.6 км,"ул. Волгоградская, 18","ул. Лобкова, 8",131,131,141,199,300,131,,clear sky,14.77C,63%
2024-09-02 10:41,2.2 км,"ул. Шаумяна, 102","ул. Чкалова, 131",131,131,114,199,300,131,,,,
2024-09-02 10:52,3.4 км,"ул. Чайковского, 78","ул. Белинского, 12",131,131,114,199,300,131,,,,
2024-09-02 11:06,4.4 км,"ул. Цвиллинга, 7а/2","ул. 40-летия Комсомола, 18",95,95,114,199,300,95,,clear sky,15.77C,63%
2024-09-02 11:17,3.6 км,"ул. Педагогическая, 8","ул. Сакко и Ванцетти, 111а",95,95,114,199,300,95,,,,
2024-09-02 11:28,1.1 км,"ул. Новаторов, 11","ул. Бакинских комиссаров, 99",141,141,230,263,300,141,,clear sky,16.77C,59%
2024-09-02 11:39,6.0 км,"ул. Серафимы Дерябиной, 19 корпус 2","ул. Уральская, 54",185,185,141,199,300,185,,clear sky,16.77C,59%
2024-09-02 11:51,5.0 км,"ул. Ляпустина, 60","ул. Луганская, 3 корпус 1",149,149,301,199,300,149,,,,
2024-09-02 12:04,7.8 км,"ул. Барвинка, 20","ул. Карла Маркса, 30",195,195,193,199,300,195,,,,
2024-09-02 12:18,9.3 км,"ул. Расточная, 15 корпус 2","ул. Раевского, 8",113,113,264,199,300,113,,clear sky,17.77C,55%
2024-09-02 12:29,11.7 км,"ул. Ракетная, 3","Сибирский тракт, 39а",105,105,141,199,338,105,,,,
2024-09-02 12:40,9.9 км,"ул. Варшавская, 8","ул. Чкалова, 45",159,159,114,199,300,159,,,,
2024-09-02 12:52,6.4 км,"ул. Шефская, 15","ул. Коминтерна, 11а",149,149,114,199,300,149,,,,
2024-09-02 13:03,9.4 км,"Зерновой пер., 10","ул. Хохрякова, 32",113,113,125,199,300,113,,,,
2024-09-02 13:16,1.9 км,"ул. Токарей, 54 корпус 1","ул. Волгоградская, 186",131,131,114,199,300,131,,clear sky,18.77C,52%
2024-09-02 13:28,1.6 км,"ул. Бажова, 51","ул. Малышева, 128",123,123,114,199,300,123,,,,
2024-09-02 13:40,8.2 км,"ул. Торговая, 12","ул. Циолковского, 36",131,131,125,199,300,131,,clear sky,18.77C,52%
2024-09-02 13:53,11.8 км,"ул. Походная, 72","пр-кт Седова, 25",123,123,114,199,300,123,,clear sky,18.77C,52%
2024-09-02 14:04,10.1 км,"ул. Латвийская, 45","ул. Военная, 18",95,95,114,199,300,95,,,,
2024-09-02 14:17,7.6 км,"ул. Громова, 134 корпус 1","ул. Комсомольская, 52",159,159,114,199,300,159,,clear sky,18.77C,52%
2024-09-02 14:28,11.1 км,"Замятина пер., 45а","Трактористов пер., 9",159,159,167,199,300,159,,clear sky,19.77C,52%
2024-09-02 14:38,2.1 км,"пр-кт Ленина, 46","ул. Челюскинцев, 23",131,131,125,199,300,131,,clear sky,19.77C,52%
2024-09-02 14:49,16.6 км,"ул. Чемпионов, 4","пр-кт Орджоникидзе, 21",105,105,114,199,300,105,,clear sky,18.77C,52%
2024-09-02 15:00,11.3 км,"ул. Автомагистральная, 25","ул. Титова, 40",131,131,167,199,300,131,,clear sky,18.77C,52%
2024-09-02 15:11,13.5 км,"ул. Энтузиастов, 26а","ул. Агрономическая, 41",167,167,114,199,300,167,,clear sky,19.77C,49%
2024-09-02 15:22,4.8 км,"ул. Родонитовая, 30","ул. Гурзуфская, 18",131,131,114,199,300,131,,clear sky,19.77C,49%
2024-09-02 15:32,3.7 км,"ул. Блюхера, 21а","Сергея Есенина б-р, 10",123,123,167,199,300,123,,clear sky,19.77C,49%
2024-09-02 15:43,9.8 км,"пр-кт Ленина, 54 корпус 5","ул. Кутузова, 108",195,195,151,199,300,195,,clear sky,19.77C,49%
2024-09-02 15:54,2.6 км,"ул. 40-летия Октября, 9","ул. Стачек, 62",105,105,114,199,300,105,,clear sky,19.77C,49%
2024-09-02 16:05,13.7 км,"ул. Латвийская, 51","ул. Таганская, Сооружение 17а",95,95,114,199,300,95,,clear sky,19.77C,49%
2024-09-02 16:15,14.7 км,"ул. Колхозников, 82","ул. Машиностроителей, 43",113,113,114,199,300,113,,clear sky,18.77C,52%
2024-09-02 16:26,5.5 км,"Волчанский пер., 3А","ул. Родонитовая, 36",105,105,114,199,300,105,,clear sky,18.77C,52%
2024-09-02 16:37,3.0 км,"ул. Надеждинская, 8","ул. Билимбаевская, 34 корпус 4",123,123,114,199,300,123,,clear sky,18.77C,52%
2024-09-02 16:48,4.0 км,"ул. Уральская, 52 корпус 3","ул. Автомагистральная, 11",213,213,193,199,300,213,,clear sky,19.77C,49%
2024-09-02 16:58,3.2 км,"ул. Декабристов, 4","ул. Февральской революции, Строение 15",213,213,141,199,300,213,,clear sky,19.77C,49%
2024-09-02 17:09,7.2 км,"ул. Старых Большевиков, 26","ул. Попова, 27",123,123,141,199,300,123,,clear sky,17.77C,59%
2024-09-02 17:20,7.9 км,"ул. Белореченская, 23 корпус 1","Суворовский пер., 3",105,105,167,199,300,105,,clear sky,17.77C,59%
2024-09-02 17:31,6.2 км,"ул. Корепина, 49","ул. Малышева, 116",123,123,256,263,300,123,,clear sky,17.77C,59%
2024-09-02 17:42,4.3 км,"ул. Якутская, 10","ул. Титова, 42",105,105,114,199,300,105,,clear sky,17.77C,59%
2024-09-02 17:52,3.1 км,"ул. Павлодарская, 50","ул. Дорожная, 15",95,95,114,199,300,95,,broken clouds,17.77C,59%
2024-09-02 18:03,8.5 км,"ул. Металлургов, 14а","ул. Индустрии, 41",113,113,114,199,300,113,,broken clouds,17.77C,59%
2024-09-02 18:14,6.3 км,"ул. Пехотинцев, 2 корпус 3","ул. Луначарского, 182",95,95,114,199,300,95,,broken clouds,17.77C,59%
2024-09-02 18:25,8.6 км,"Денисова-Уральского б-р, 13","пр-кт Седова, 38а",239,239,141,199,300,239,,scattered clouds,18.77C,59%
2024-09-02 18:35,2.9 км,"ул. Сулимова, 65","ул. Баумана, 4а",95,95,125,199,300,95,,scattered clouds,18.77C,59%
2024-09-02 18:46,8.9 км,"ул. Избирателей, 22","ул. Посадская, 63",95,95,114,199,300,95,,scattered clouds,17.77C,63%
2024-09-02 18:57,5.5 км,"ул. Фурманова, 24","ул. Санаторная, 5б",131,131,114,199,300,131,,scattered clouds,17.77C,63%
2024-09-02 19:08,7.2 км,"Короткий пер., 6","ул. Первомайская, 70",95,95,114,199,300,95,,scattered clouds,17.77C,63%
2024-09-02 19:18,7.3 км,"ул. Агрономическая, 26","ул. Соболева, 12",105,105,114,199,300,105,,scattered clouds,17.77C,63%
2024-09-02 19:29,12.3 км,"ул. Гурзуфская, 24","ул. Белоярская, 17",167,167,114,199,300,167,,scattered clouds,17.77C,63%
2024-09-02 19:40,6.8 км,"ул. Расточная, 15 корпус 7","ул. Индустрии, 96",95,95,114,199,300,95,,scattered clouds,17.77C,68%
2024-09-02 19:51,4.8 км,"ул. Газетная, 34","ул. Волгоградская, 43",95,95,114,199,300,95,,scattered clouds,17.77C,68%
2024-09-02 20:02,8.6 км,"ул. 22 Партсъезда, 17","ул. Владимира Высоцкого, 36",95,95,114,199,300,95,,scattered clouds,17.77C,68%
2024-09-02 20:12,1.8 км,"ул. Военная, 9","Малахитовый пер., 1",105,105,125,199,300,105,,scattered clouds,17.77C,68%
2024-09-02 20:23,17.1 км,"Угловой пер., 4","ул. Уральских рабочих, 55",159,159,114,199,300,159,,scattered clouds,17.77C,68%
2024-09-02 20:34,7.3 км,"ул. Луначарского, 181","ул. 40-летия Октября, 36",167,167,151,199,300,167,,scattered clouds,16.77C,72%
2024-09-02 20:45,2.1 км,"ул. Щербакова, Строение 149","ул. Орденоносцев, 6",95,95,114,199,300,95,,scattered clouds,16.77C,72%
2024-09-02 20:55,8.3 км,"ул. Искровцев, 15","ул. Куйбышева, 2",167,167,114,199,300,167,,scattered clouds,16.77C,72%
2024-09-02 21:06,10.8 км,"ул. Славянская, 52","ул. Комсомольская, 6-б",95,95,114,199,300,95,,scattered clouds,16.77C,72%
2024-09-02 21:17,7.2 км,"ул. Ферганская, 4","ул. Бажова, 130",113,113,114,199,300,113,,scattered clouds,16.77C,72%
2024-09-02 21:28,9.9 км,"ул. Агрономическая, 22","ул. Латвийская, 55",113,113,114,199,300,113,,scattered clouds,17.77C,68%
2024-09-02 21:39,11.3 км,"ул. Славянская, 52","ул. Восточная, 26а",95,95,114,199,300,95,,broken clouds,17.77C,68%
2024-09-02 21:49,97.1 м,"ул. Красноармейская, 66","ул. Карла Маркса, 22",266,266,141,199,300,266,,broken clouds,17.77C,68%
2024-09-02 22:00,3.7 км,"ул. Чапаева, 80 корпус 2","ул. Восточная, 74",167,167,125,199,300,167,,broken clouds,17.77C,68%
2024-09-02 22:11,11.4 км,"ул. Славянская, 35","ул. Сакко и Ванцетти, 37",95,95,114,199,300,95,,broken clouds,17.77C,68%
2024-09-02 22:22,7.4 км,"ул. Машиностроителей, 32","ул. Куйбышева, 76",131,131,114,199,300,131,,broken clouds,16.77C,72%
2024-09-02 22:32,7.5 км,"ул. Тверитина, 34","ул. Плодородия, 11",266,266,141,199,300,266,,broken clouds,16.77C,72%
2024-09-02 22:43,12.9 км,"ул. Ясная, 6","ст. Исток, 8",105,105,125,199,300,105,,broken clouds,16.77C,72%
2024-09-02 22:54,9.0 км,"ул. Сакко и Ванцетти, 58","ул. Бисертская, 141",213,213,125,199,300,213,,broken clouds,17.77C,72%
2024-09-02 23:05,4.8 км,"ул. Щорса, 132","ул. Луначарского, 57",185,185,114,199,300,185,,broken clouds,17.77C,72%
2024-09-02 23:16,15.0 км,"Звонкий пер., 12","ул. Краснофлотцев, 2а",159,159,125,199,300,159,,broken clouds,16.77C,77%
2024-09-02 23:26,1.4 км,"ул. Комсомольская, 6а","ул. Чекистов, 18",167,167,167,199,300,167,,broken clouds,16.77C,77%
2024-09-02 23:37,5.4 км,"ул. Папанина, 26А","ул. Белинского, 167",330,330,114,199,300,330,,broken clouds,16.77C,77%
2024-09-02 23:48,7.3 км,"ул. Косарева, 11","ул. Бахчиванджи, 19 корпус 8",95,95,114,199,300,95,,broken clouds,16.77C,77%
2024-09-02 23:59,1.6 км,"ул. Народной воли, 18","ул. Фрунзе, 40",,,,,,,,broken clouds,16.77C,77%
2024-09-03 00:09,3.9 км,"ул. Авиационная, 69","ул. Патриса Лумумбы, 6",213,213,141,199,300,213,,broken clouds,16.77C,77%
2024-09-03 00:20,7.5 км,"ул. Щорса, 37","ул. Счастливая, 16",249,249,114,199,300,249,,broken clouds,16.77C,77%
2024-09-03 00:31,6.0 км,"ул. Московская, 37","ул. Донбасская, 20",330,330,114,199,300,330,,broken clouds,16.77C,77%
2024-09-03 00:42,12.2 км,"ул. Тюльпановая, 5","ул. Декабристов, 16/18Б",95,95,125,199,300,95,,broken clouds,16.77C,77%
2024-09-03 00:52,4.4 км,"ул. Папанина, 4А","ул. Минометчиков, 58",231,231,114,199,300,231,,broken clouds,16.77C,77%
2024-09-03 01:03,4.3 км,"ул. Менделеева, 16","ул. Энергостроителей, 19",113,113,114,199,300,113,,broken clouds,16.77C,77%
2024-09-03 01:14,5.3 км,"ул. Маршала Жукова, 13","ул. 22 Партсъезда, 20",231,231,114,199,300,231,,broken clouds,16.77C,82%
2024-09-03 01:25,4.7 км,"ул. Победы, 7","ул. Кимовская, 6",95,95,114,199,300,95,,broken clouds,16.77C,82%
2024-09-03 01:36,14.3 км,"ул. Селькоровская, 18","ул. Краснофлотцев, 35",95,95,193,199,300,95,,broken clouds,16.77C,82%
2024-09-03 01:46,3.9 км,"ул. Академика Бардина, 3 корпус 3","ул. Степана Разина, 56",141,141,114,199,300,141,,light intensity shower rain,16.77C,82%
2024-09-03 01:57,6.7 км,"ул. Ползунова, 18","ул. Владимира Высоцкого, 8",95,95,141,199,300,95,,light intensity shower rain,16.77C,82%
2024-09-03 02:08,4.2 км,"ул. Посадская, 44 корпус 3","ул. Онежская, 8а",195,195,230,199,300,195,,light intensity shower rain,16.7C,82%
2024-09-03 02:19,9.3 км,"ст. Аппаратная, 6","ул. Шаумяна, 105 корпус 1",231,231,141,199,300,231,,light intensity shower rain,16.77C,82%
2024-09-03 02:29,11.8 км,"ул. 40-летия Комсомола, 31","ул. Вильгельма де Геннина, 45",95,95,114,199,300,95,,scattered clouds,15.77C,88%
2024-09-03 02:40,6.1 км,"ул. Походная, 63","ул. Восточная, 19",239,239,256,199,300,239,,scattered clouds,15.77C,88%
2024-09-03 02:51,16.1 км,"ул. Агрономическая, 56","ул. Бакинских комиссаров, 169б",249,249,212,199,300,249,,scattered clouds,16.77C,82%
2024-09-03 03:02,6.6 км,"ул. Авиационная, 82","ул. Боровая, 21а",95,95,114,199,300,95,,scattered clouds,16.77C,82%
2024-09-03 03:13,2.6 км,"ул. Донбасская, 20","ул. Стахановская, 51",113,113,114,199,300,113,,scattered clouds,16.77C,82%
2024-09-03 03:23,11.7 км,"ул. Старых Большевиков, 52","Самоцветный б-р, 5",95,95,114,199,300,95,,scattered clouds,16.77C,82%
2024-09-03 03:34,7.8 км,"ул. Ильича, 37","ул. Гурзуфская, 9в",95,95,193,199,300,95,,scattered clouds,16.77C,82%
2024-09-03 03:45,5.2 км,"ул. Уральская, 82","ул. Таганская, 9",231,231,177,199,300,231,,broken clouds,15.77C,88%
2024-09-03 03:56,5.1 км,"ул. Вилонова, 10","ул. Радищева, 33",131,131,114,199,300,131,,broken clouds,15.77C,88%
2024-09-03 04:07,5.2 км,"ул. Краснофлотцев, 30а","Курьинский пер., 5",185,185,114,199,300,185,,broken clouds,15.77C,88%
2024-09-03 04:17,5.7 км,"ул. Краснолесья, 72","ул. Заводская, 18",131,131,141,199,300,131,,broken clouds,15.77C,88%
2024-09-03 04:28,14.5 км,"ул. Краснолесья, 10/3","ул. Ползунова, 1б",428,428,167,199,338,428,,broken clouds,15.77C,88%
2024-09-03 04:39,11.4 км,"Волчанский пер., 2","ул. Стачек, 59",266,266,230,199,300,266,,broken clouds,15.77C,88%
2024-09-03 04:50,7.2 км,"ул. Ярославская, 19","ул. Бажова, 57",95,95,114,199,300,95,,light intensity shower rain,15.77C,94%
2024-09-03 05:00,5.7 км,"Парковый пер., 41 корпус 2","ул. Белореченская, 7",167,167,151,199,300,167,,light intensity shower rain,15.77C,94%
2024-09-03 05:11,3.4 км,"ул. Рябинина, 49а","ул. Михеева М.Н., 8",123,123,114,199,300,123,,light intensity shower rain,15.77C,94%
2024-09-03 05:22,3.5 км,"ул. Гагарина, 61а","ул. Машинная, 42 корпус 2",231,231,114,199,300,231,,light intensity shower rain,15.77C,94%
2024-09-03 05:33,15.9 км,"ул. Авиаторов, 3","ул. 8 Марта, 4",95,95,114,199,300,95,,broken clouds,15.77C,94%
2024-09-03 05:44,12.5 км,"ул. 8 Марта, 181 корпус 5","ул. Коммунистическая, 115",177,177,151,199,300,177,,broken clouds,15.77C,94%
2024-09-03 05:54,1.8 км,"ул. Шарташская, 21","ул. Сулимова, 49",149,149,114,199,300,149,,broken clouds,15.77C,94%
2024-09-03 06:05,9.7 км,"ул. Шарташская, 14","ул. Академика Парина, 46",141,141,114,199,300,141,,broken clouds,15.77C,94%
2024-09-03 06:16,5.4 км,"ул. Мира, 50","ул. Чкалова, 45",95,95,114,199,300,95,,broken clouds,15.77C,94%
2024-09-03 06:27,1.6 км,"ул. Маршала Жукова, 13","ул. Крауля, 2",105,105,125,199,300,105,,broken clouds,15.77C,94%
2024-09-03 06:37,8.4 км,"ул. Лагерная, 14 корпус 2","ул. Московская, 50",95,95,167,199,300,95,,broken clouds,15.77C,94%
2024-09-03 06:48,9.4 км,"ул. Сыромолотова, 21а","ул. Симферопольская, 19",302,302,204,199,300,302,,broken clouds,15.77C,94%
2024-09-03 06:59,17.7 км,"ул. Уральских рабочих, 71а","ул. Грибоедова, 25",274,274,212,199,300,274,,broken clouds,15.77C,94%
2024-09-03 07:10,4.4 км,"Встречный пер., 5","ул. Машинная, 42 корпус 1",445,445,125,199,338,445,,broken clouds,15.77C,94%
2024-09-03 07:21,10.7 км,"ш. Елизаветинское, 24","ул. Малый Конный п-ов, 10",445,445,616,311,338,445,,light intensity shower rain,14.77C,94%
2024-09-03 07:31,11.8 км,"ул. Военная, 20в","ул. Кузнецова, 6",310,310,212,199,338,310,,light intensity shower rain,13.77C,94%
2024-09-03 07:42,4.3 км,"ул. Майкопская, 25","ул. Ломоносова, 34",420,420,167,199,338,420,,light intensity shower rain,13.77C,94%
2024-09-03 07:53,14.9 км,"ул. Далекая, 22","ул. Фрезеровщиков, 38",266,266,204,199,300,266,,light intensity shower rain,12.77C,100%
2024-09-03 08:04,13.3 км,"ул. Ильича, 71","Короткий пер., 18",123,123,114,199,300,123,,light intensity shower rain,12.77C,100%
2024-09-03 08:15,11.3 км,"ул. Хомякова, 8","ул. Химмашевская, 11",348,348,177,199,338,348,,light intensity shower rain,12.77C,100%
2024-09-03 08:25,8.2 км,"ул. 40-летия Октября, 36","ул. Заводская, Сооружение 83а",113,113,114,199,300,113,,overcast clouds,12.77C,94%
2024-09-03 08:36,5.9 км,"пр-кт Седова, 38","пр-кт Ленина, 53",195,195,141,199,300,195,,overcast clouds,11.76C,87%
2024-09-03 08:47,5.4 км,"ул. Стахановская, 10","ул. Бажова, 72",149,149,114,199,300,149,,overcast clouds,11.77C,87%
2024-09-03 08:58,16.4 км,"ул. Лобкова, 131","ул. Славянская, 27",177,177,114,199,300,177,,overcast clouds,11.77C,87%
2024-09-03 09:08,2.1 км,"ул. Мичурина, 23а","ул. Восточная, 23",105,105,114,199,300,105,,overcast clouds,11.77C,87%
2024-09-03 09:19,1.4 км,"ул. Софьи Перовской, 113","пр-кт Седова, 31",213,213,151,199,300,213,,overcast clouds,11.77C,87%
2024-09-03 09:30,9.7 км,"ул. Начдива Онуфриева, 44","ул. Бородина, 15б",239,239,125,199,300,239,,overcast clouds,11.77C,87%
2024-09-03 09:41,5.3 км,"ул. Краснофлотцев, 39","ул. Первомайская, 90",167,167,141,199,300,167,,overcast clouds,11.77C,87%
2024-09-03 09:52,2.7 км,"ул. Московская, 190","ул. Московская, 46",185,185,114,199,300,185,,overcast clouds,11.77C,87%
2024-09-03 10:02,4.9 км,"ул. Мамина-Сибиряка, 23","ул. Ясная, 22г",123,123,114,199,300,123,,broken clouds,12.77C,82%
2024-09-03 10:13,5.8 км,"ул. Ползунова, 26д","ул. Азина, 31",149,149,125,199,300,149,,broken clouds,12.77C,82%
2024-09-03 10:24,19.4 км,"ул. Калинина, 66","Переходный пер., 8а",113,113,114,199,300,113,,broken clouds,12.77C,76%
2024-09-03 10:35,1.8 км,"ул. Индустрии, 66","ул. Шефская, 30",177,177,141,199,300,177,,broken clouds,12.77C,76%
2024-09-03 10:45,7.0 км,"ул. Кунарская, 16","ул. Кобозева, 12",149,149,141,199,300,149,,broken clouds,12.77C,76%
2024-09-03 10:56,6.1 км,"Замятина пер., 27а","ул. Первомайская, 71б",105,105,114,199,300,105,,broken clouds,12.77C,71%
2024-09-03 11:07,1.5 км,"ул. Белинского, 220 корпус 2","ул. Просторная, 85",105,105,114,199,300,105,,broken clouds,12.77C,71%
2024-09-03 11:18,12.1 км,"ул. Свердлова, 60","ул. Дагестанская, 20",95,95,114,199,300,95,,broken clouds,12.77C,71%
2024-09-03 11:29,5.6 км,"ул. Родонитовая, 14","пр-кт Ленина, 2",149,149,114,199,300,149,,broken clouds,12.77C,71%
2024-09-03 11:39,6.2 км,"ул. Кировградская, 55","ул. Папанина, 26",185,185,388,199,300,185,,broken clouds,12.77C,71%
2024-09-03 11:50,16.8 км,"ул. Мурзинская, Строение 26","ул. Профсоюзная, 51",95,95,114,199,300,95,,broken clouds,12.77C,71%
2024-09-03 12:01,3.5 км,"ул. Ухтомская, 22","ул. Уктусская, 31",159,159,125,199,300,159,,broken clouds,12.77C,71%
2024-09-03 12:12,12.2 км,"ул. Агрономическая, 56","ул. Сортировочная, 9",195,195,151,199,300,195,,broken clouds,12.77C,71%
2024-09-03 12:23,7.6 км,"ул. Ангарская, 66","ул. Красных командиров, 126",149,149,317,199,300,149,,broken clouds,12.77C,71%
2024-09-03 12:33,11.3 км,"ул. Амундсена, 54 корпус 3","ул. Старых Большевиков, 75",159,159,125,199,300,159,,broken clouds,12.77C,71%
2024-09-03 12:44,4.7 км,"ул. Фрунзе, 75","ул. Советская, 10",95,95,114,199,300,95,,broken clouds,12.77C,71%
2024-09-03 12:55,7.0 км,"Шорный пер., 13А","ул. Металлургов, 40 корпус 1",123,123,114,199,300,123,,overcast clouds,12.77C,71%
2024-09-03 13:06,4.8 км,"ул. Учителей, 6","Суворовский пер., 22",159,159,114,199,300,159,,overcast clouds,12.77C,71%
2024-09-03 13:16,1.2 км,"ул. Грибоедова, 16","ул. Славянская, 50",105,105,114,199,300,105,,overcast clouds,12.77C,71%
2024-09-03 13:27,5.5 км,"ул. Пальмиро Тольятти, 12А","ул. Симферопольская, 15",141,141,114,199,300,141,,overcast clouds,12.77C,71%
2024-09-03 13:38,6.9 км,"ул. Хмелева, 18","ул. Красноармейская, 41",141,141,212,199,300,141,,overcast clouds,12.77C,71%
2024-09-03 13:49,7.3 км,"ул. Техническая, 42","ул. Корепина, 46",149,149,141,199,300,149,,overcast clouds,12.77C,71%
2024-09-03 14:00,9.3 км,"ул. Латышская, 91","ул. Флотская, 43",113,113,151,199,300,113,,overcast clouds,12.77C,71%
2024-09-03 14:10,7.7 км,"ул. Уральских рабочих, 71а","ул. Татищева, 140",203,203,114,199,300,203,,overcast clouds,12.77C,71%
2024-09-03 14:21,3.1 км,"пр-кт Седова, 52","Медицинский пер., 3",105,105,125,199,300,105,,overcast clouds,12.77C,71%
2024-09-03 14:32,5.9 км,"ул. Ольховская, 23","ул. Старых Большевиков, 6",95,95,114,199,300,95,,overcast clouds,12.77C,71%
2024-09-03 14:43,6.6 км,"ул. Вилонова, 14","ул. Серова, 27",167,167,125,199,300,167,,overcast clouds,12.77C,71%
2024-09-03 14:54,7.1 км,"ул. Репина, 21","ул. Банникова, 8",131,131,114,199,300,131,,broken clouds,12.77C,71%
2024-09-03 15:04,5.4 км,"ул. Вайнера, 9а","ул. Крестинского, 53",105,105,125,199,300,105,,broken clouds,12.77C,71%
2024-09-03 15:15,5.4 км,"ул. Крестинского, 2","ул. Павла Шаманова, 9",123,123,114,199,300,123,,broken clouds,12.77C,71%
2024-09-03 15:26,13.2 км,"ул. Викулова, 28","ул. Грибоедова, 23",149,149,125,199,300,149,,scattered clouds,12.77C,71%
2024-09-03 15:37,4.9 км,"ул. Окраинная, 37","ул. Белинского, 157",95,95,114,199,300,95,,scattered clouds,12.77C,71%
2024-09-03 15:48,17.1 км,"ул. Техническая, 41","ул. Инженерная, 11",123,123,114,199,300,123,,scattered clouds,12.77C,71%
2024-09-03 15:58,3.6 км,"ул. Белинского, 12","ул. Машинная, 51",159,159,125,199,300,159,,scattered clouds,12.77C,71%
2024-09-03 16:09,3.5 км,"ул. Июльская, 43","ул. Баумана, 20",123,123,114,199,300,123,,scattered clouds,12.77C,71%
2024-09-03 16:20,6.7 км,"ул. Агрономическая, 26А","ул. Заводская, 45а",105,105,114,199,300,105,,scattered clouds,12.77C,71%
2024-09-03 16:31,2.9 км,"ул. 8 Марта, 18","ул. Стрелочников, 6а",213,213,114,199,300,213,,scattered clouds,12.77C,71%
2024-09-03 16:42,5.5 км,"ул. Академическая, 23","ул. Уктусская, 46",195,195,167,199,300,195,,scattered clouds,12.77C,71%
2024-09-03 16:52,12.1 км,"ул. Кунарская, 49","ул. Листопадная, 16",123,123,114,199,300,123,,scattered clouds,13.77C,67%
2024-09-03 17:03,6.8 км,"ул. Уральская, 76","ул. Ломоносова, 157",209,209,125,199,300,209,,scattered clouds,13.77C,67%
2024-09-03 17:14,8.3 км,"ул. Малышева, 160","ул. Уральских рабочих, 77",209,209,167,235,300,209,,scattered clouds,14.77C,63%
2024-09-03 17:25,9.7 км,"ул. Латвийская, 49","ул. Малышева, 71а",95,95,141,199,300,95,,scattered clouds,14.77C,63%
2024-09-03 17:36,14.5 км,"ул. Амундсена, 118","ул. Победы, 53",157,157,114,199,300,157,,scattered clouds,14.77C,63%
2024-09-03 17:46,10.2 км,"ул. Посадская, 28 корпус 4","ул. Восстания, 124",235,235,125,199,300,235,,broken clouds,12.77C,71%
2024-09-03 17:57,4.0 км,"ул. Кировградская, 64","ул. Крупносортщиков, 10",175,175,114,199,300,175,,broken clouds,12.77C,71%
2024-09-03 18:08,10.2 км,"ул. 40-летия Октября, 17","ул. Машинная, 46",157,157,125,199,376,157,,broken clouds,12.77C,71%
2024-09-03 18:19,3.4 км,"ул. Даниловская, 2г","ул. Ломоносова, 26",121,121,151,199,300,121,,broken clouds,12.77C,71%
2024-09-03 18:30,6.3 км,"ул. Советская, 13 корпус 1","ул. Волгоградская, 39",139,139,114,199,300,139,,broken clouds,12.77C,71%
2024-09-03 18:40,5.3 км,"ул. Комсомольская, 25","ул. Энтузиастов, 30б",131,131,141,199,300,131,,scattered clouds,12.77C,71%
2024-09-03 18:51,15.3 км,"ул. Умельцев, 11","ул. Энтузиастов, 34б",165,165,141,199,300,165,,scattered clouds,12.77C,71%
2024-09-03 19:02,1.8 км,"ул. Чердынская, 16","ул. Посадская, 46 корпус 1",157,157,114,199,300,157,,scattered clouds,12.77C,71%
2024-09-03 19:13,11.7 км,"пр-кт Академика Сахарова, 73","ул. Владимира Высоцкого, 4 корпус 1",131,131,125,199,300,131,,scattered clouds,12.77C,71%
2024-09-03 19:24,9.3 км,"ул. Прибалтийская, 19","Переходный пер., 7",105,105,114,199,300,105,,scattered clouds,12.77C,71%
2024-09-03 19:34,10.8 км,"ул. Академика Бардина, 31","ул. Лобкова, 14",105,105,141,199,300,105,,scattered clouds,12.77C,71%
2024-09-03 19:45,7.7 км,"ул. Белинского, 121","ул. Профсоюзная, 83",139,139,114,199,300,139,,scattered clouds,12.77C,71%
2024-09-03 19:56,7.9 км,"ул. 22 Партсъезда, 18б","ул. Московская, 80",95,95,114,199,300,95,,scattered clouds,11.77C,71%
2024-09-03 20:07,9.3 км,"ул. Павла Шаманова, 5/1","ул. Техническая, 48",95,95,114,199,300,95,,scattered clouds,11.77C,71%
2024-09-03 20:18,6.8 км,"ул. Восточная, 166","ул. Техническая, 14 корпус 1",235,235,204,219,300,235,,scattered clouds,11.77C,71%
2024-09-03 20:28,10.3 км,"ул. Тимирязева, 13","ул. Центральная, 9",209,209,114,199,338,209,,scattered clouds,11.77C,71%
2024-09-03 20:39,6.7 км,"ул. Печерская, 2","Замятина пер., 38 корпус 1",175,175,141,199,300,175,,scattered clouds,11.77C,71%
2024-09-03 20:50,11.8 км,"ул. Блюхера, 21","ул. Инженерная, 28а",157,157,114,199,300,157,,scattered clouds,11.77C,71%
2024-09-03 21:01,15.5 км,"ул. Молотобойцев, 14","ул. Красных командиров, 32",121,121,114,199,300,121,,scattered clouds,11.77C,71%
2024-09-03 21:12,3.6 км,"ул. Энтузиастов, 31","ул. Кировградская, 71",131,131,114,199,300,131,,scattered clouds,11.77C,71%
2024-09-03 21:22,8.0 км,"ул. Листопадная, 7","ул. Восточная, 26а",131,131,114,199,300,131,,scattered clouds,11.77C,71%
2024-09-03 21:33,8.0 км,"ул. 40-летия Комсомола, 24","ул. Серафимы Дерябиной, 15 корпус 2",131,131,141,199,300,131,,scattered clouds,10.77C,76%
2024-09-03 21:44,13.4 км,"ул. Титова, 54","ул. Старых Большевиков, 19а",95,95,114,199,300,95,,scattered clouds,10.77C,76%
2024-09-03 21:55,6.7 км,"Рижский пер., 6","ул. Викулова, 32",95,95,114,199,300,95,,scattered clouds,10.77C,76%
2024-09-03 22:06,6.9 км,"ул. Малышева, 107 корпус 2","ул. Донбасская, 37",305,305,204,199,300,305,,scattered clouds,10.77C,76%
2024-09-03 22:16,6.5 км,"Шорный пер., 13А","ул. Чердынская, 48",227,227,114,199,300,227,,scattered clouds,10.77C,76%
2024-09-03 22:27,3.0 км,"ул. Софьи Перовской, 117","ул. 22 Партсъезда, 19",121,121,114,199,300,121,,scattered clouds,10.77C,76%
2024-09-03 22:38,5.4 км,"Денисова-Уральского б-р, 7","ул. Колхозников, 48",157,157,114,199,300,157,,scattered clouds,10.77C,76%
2024-09-03 22:49,6.7 км,"Переходный пер., 2а","ул. Самаркандская, 17",131,131,114,199,300,131,,scattered clouds,10.77C,82%
2024-09-03 23:00,1.6 км,"ул. Крылова, 1/2","ул. Некрасова, 12",165,165,114,199,300,165,,scattered clouds,10.76C,82%
2024-09-03 23:10,4.3 км,"ул. Билимбаевская, 37","ул. Софьи Перовской, 106",95,95,114,199,300,95,,broken clouds,10.77C,82%
2024-09-03 23:21,4.9 км,"ул. Луначарского, 76","ул. 22 Партсъезда, 5а",297,297,114,199,300,297,,broken clouds,10.77C,82%
2024-09-03 23:32,10.3 км,"ул. Фрунзе, Сооружение 39","ул. Даниловская, 46",121,121,114,199,300,121,,broken clouds,10.77C,82%
2024-09-03 23:43,4.1 км,"ул. Уральских рабочих, 19","ул. Июльская, 24",95,95,114,199,300,95,,broken clouds,10.77C,76%
2024-09-03 23:54,18.3 км,"ул. Бахчиванджи, 1а","ул. Агриппины Полежаевой, 43а",95,95,125,199,300,95,,broken clouds,10.77C,76%
2024-09-04 00:04,10.9 км,"пр-кт Ленина, 69 корпус 13","ул. Грибоедова, 23",175,175,141,199,300,175,,broken clouds,9.77C,81%
2024-09-04 00:15,3.2 км,"ул. Народной воли, 25","ул. Академика Бардина, 39",227,227,114,199,300,227,,broken clouds,9.77C,81%
2024-09-04 00:26,7.3 км,"пр-кт Ленина, Сооружение 36","ул. Лагерная, 8",279,279,114,199,300,279,,broken clouds,9.77C,81%
2024-09-04 00:37,1.8 км,"ул. Пехотинцев, 3 корпус 4","ул. Билимбаевская, 7",157,157,114,199,300,157,,broken clouds,9.77C,81%
2024-09-04 00:48,1.7 км,"ул. Умельцев, 9","ул. Патриса Лумумбы, 33а",105,105,125,199,300,105,,broken clouds,9.76C,81%
2024-09-04 00:58,4.9 км,"ул. Фрунзе, Сооружение 60","ул. Стрелочников, 22",105,105,125,199,300,105,,broken clouds,9.77C,81%
2024-09-04 01:09,6.9 км,"ул. Ясная, 35","ул. Пехотинцев, 4 корпус 2",105,105,114,199,300,105,,broken clouds,9.77C,81%
2024-09-04 01:20,9.6 км,"ул. Энтузиастов, 30","ул. Щорса, 92а корпус 2",105,105,141,199,300,105,,broken clouds,9.77C,81%
2024-09-04 01:31,6.4 км,"ул. Маневровая, 25а","ул. Восточная, 8",95,95,114,199,300,95,,broken clouds,9.77C,81%
2024-09-04 01:42,8.8 км,"ул. Уральских рабочих, 2","ул. Серова, 21",105,105,114,199,300,105,,broken clouds,9.77C,81%
2024-09-04 01:52,1.3 км,"ул. Большакова, 95","ул. Посадская, 77",139,139,114,199,300,139,,broken clouds,9.77C,81%
2024-09-04 02:03,4.8 км,"ул. Рощинская, 74","ул. Белинского, 165а",95,95,114,199,300,95,,broken clouds,9.77C,81%
2024-09-04 02:14,9.5 км,"ул. 22 Партсъезда, 20а","ул. Сыромолотова, 34",95,95,256,199,300,95,,broken clouds,9.77C,81%
2024-09-04 02:25,9.5 км,"ул. Викулова, 44 корпус 3","ул. Краснофлотцев, 59",514,514,114,199,300,514,,broken clouds,9.77C,81%
2024-09-04 02:36,16.6 км,"ул. Ползунова, 24","ул. Грибоедова, 18",131,131,125,199,300,131,,broken clouds,9.77C,81%
2024-09-04 02:46,4.5 км,"ул. Белинского, 152 корпус 4","ул. Академическая, 10",227,227,114,199,300,227,,broken clouds,9.77C,81%
2024-09-04 02:57,6.4 км,"ул. Донбасская, 24","ул. Крауля, 61 корпус 1",95,95,114,199,300,95,,broken clouds,9.77C,81%
2024-09-04 03:08,5.9 км,"Короткий пер., 4","ул. Белореченская, 27 корпус 1",95,95,114,199,300,95,,broken clouds,9.77C,81%
2024-09-04 03:19,6.8 км,"ул. Лобкова, 26","ул. Луначарского, 182",95,95,114,199,300,95,,broken clouds,9.77C,81%
2024-09-04 03:30,12.9 км,"ул. Кировградская, 69а","ул. Академика Парина, 46/6",95,95,141,199,300,95,,broken clouds,9.77C,81%
2024-09-04 03:41,6.4 км,"ул. Титова, 12","ул. Викулова, 48",165,165,125,199,300,165,,broken clouds,9.77C,81%
2024-09-04 03:51,1.1 км,"ул. Войкова, 27","ул. Ильича, 71в",165,165,282,199,300,165,,broken clouds,9.77C,81%
2024-09-04 04:02,6.7 км,"ул. Ильича, 4","ул. Викулова, 26",139,139,177,199,300,139,,broken clouds,9.77C,81%
2024-09-04 04:13,8.0 км,"ул. Металлургов, 44а","ул. Самолетная, 23",95,95,141,199,300,95,,broken clouds,9.77C,81%
2024-09-04 04:24,4.3 км,"ул. Крестинского, 37 корпус 2","ул. Начдива Онуфриева, 34",245,245,177,199,300,245,,overcast clouds,9.77C,81%
2024-09-04 04:35,4.4 км,"ул. Челюскинцев, 9","ул. Московская, 215а",95,95,114,199,300,95,,overcast clouds,9.77C,81%
2024-09-04 04:45,5.3 км,"ул. Агрономическая, 30","ул. Павла Шаманова, 6",139,139,114,199,300,139,,overcast clouds,9.77C,81%
2024-09-04 04:56,7.2 км,"ул. Черноярская, 30а","ул. Комсомольская, 12",95,95,204,199,300,95,,overcast clouds,9.77C,81%
2024-09-04 05:07,9.2 км,"ул. Амундсена, 55 корпус 1","ул. Техническая, 79",139,139,114,199,300,139,,broken clouds,9.77C,87%
2024-09-04 05:18,12.1 км,"ул. Щербакова, 5а","ул. Культуры, 25",95,95,114,199,300,95,,broken clouds,9.76C,87%
2024-09-04 05:29,10.3 км,"ул. Лобкова, 78","ул. Металлургов, 34",95,95,151,199,300,95,,broken clouds,9.77C,87%
2024-09-04 05:39,2.3 км,"ул. Менделеева, 16","ул. Генеральская, 12",165,165,114,199,300,165,,broken clouds,9.77C,87%
2024-09-04 05:50,8.3 км,"ул. Восстания, 99","ул. Малышева, 111а",271,271,114,199,300,271,,broken clouds,9.77C,81%
2024-09-04 06:01,17.4 км,"ул. Симферопольская, 39","ул. Энергостроителей, 5",175,175,151,199,300,175,,broken clouds,9.77C,81%
2024-09-04 06:12,5.5 км,"ул. 8 Марта, 179","ул. Амундсена, 139",121,121,114,199,300,121,,broken clouds,9.77C,81%
2024-09-04 06:23,146.1 м,"ул. Энтузиастов, 32","ул. Старых Большевиков, 28",139,139,114,199,300,139,,broken clouds,9.77C,81%
2024-09-04 06:34,4.1 км,"ул. Академика Бардина, 11 корпус 2","ул. Феофанова, Строение 8",209,209,177,199,300,209,,broken clouds,9.77C,81%
2024-09-04 06:44,10.7 км,"пр-кт Космонавтов, 68","ул. Советских женщин, 34б",105,105,114,199,300,105,,broken clouds,9.77C,81%
2024-09-04 06:55,4.1 км,"ул. Расточная, 15 корпус 2","ул. Машиностроителей, 51",191,191,151,199,300,191,,broken clouds,8.77C,87%
2024-09-04 07:06,14.2 км,"пр-кт Академика Сахарова, 95/2","ул. Баумана, 48",245,245,361,199,300,245,,broken clouds,9.77C,81%
2024-09-04 07:17,9.4 км,"ул. Академика Шварца, 16 корпус 1","ул. Техническая, 25",428,428,141,235,300,428,,broken clouds,9.77C,81%
2024-09-04 07:28,4.1 км,"ул. Луначарского, 21а","ул. Мельникова, 48",139,139,125,199,300,139,,broken clouds,9.77C,81%
2024-09-04 07:38,1.9 км,"ул. Калинина, 57","ул. Красных командиров, 12",514,514,193,199,300,514,,broken clouds,9.77C,81%
2024-09-04 07:49,5.2 км,"ул. Кузнецова, 7","ул. Комвузовская, 19",279,279,114,199,300,279,,broken clouds,9.77C,81%
2024-09-04 08:00,1.8 км,"пр-кт Ленина, 70","ул. Энгельса, 30",175,175,177,199,300,175,,broken clouds,9.77C,81%
2024-09-04 08:11,8.3 км,"ул. Ясная, 36 корпус 1","ул. Данилы Зверева, 28",374,374,193,199,300,374,,broken clouds,9.77C,81%
2024-09-04 08:22,5.9 км,"ул. Пилотная, 7","ул. Парниковая, 5",261,261,114,199,300,261,,broken clouds,9.77C,81%
2024-09-04 08:33,16.2 км,"ул. Бебеля, 173","ул. Грибоедова, 2а",165,165,114,199,300,165,,broken clouds,9.77C,81%
2024-09-04 08:43,7.7 км,"ул. Куйбышева, 2","ул. Рощинская, 69",175,175,114,199,338,175,,broken clouds,9.77C,81%
2024-09-04 08:54,6.2 км,"ул. Заводская, 94","ул. Вишневая, 51",175,175,114,199,300,175,,scattered clouds,9.77C,81%
2024-09-04 09:05,13.2 км,"ул. Ухтомская, 18","ул. Фабричная, 44",105,105,114,199,300,105,,scattered clouds,9.77C,81%
2024-09-04 09:16,10.8 км,"ул. Таватуйская, 19","ул. Белинского, 232",201,201,114,199,300,201,,scattered clouds,9.77C,81%
2024-09-04 09:27,17.0 км,"пр-кт Космонавтов, 45","ул. Славянская, 27",175,175,151,199,300,175,,scattered clouds,9.77C,81%
2024-09-04 09:38,9.0 км,"ул. Большакова, 13в","ул. Прибалтийская, 58",95,95,114,199,300,95,,scattered clouds,9.77C,81%
2024-09-04 09:48,8.8 км,"пр-кт Космонавтов, 27б","ул. Металлургов, 28",105,105,151,199,300,105,,scattered clouds,10.77C,71%
2024-09-04 09:59,9.4 км,"ул. Краснофлотцев, 53а","ул. Фрунзе, 63",95,95,114,199,300,95,,scattered clouds,10.77C,71%
2024-09-04 10:10,2.3 км,"ул. Амундсена, 52","ул. Пальмиро Тольятти, 15Б",95,95,114,199,300,95,,scattered clouds,10.77C,71%
2024-09-04 10:21,16.3 км,"ул. Испытателей, 12","ул. Громова, 148",95,95,114,199,300,95,,scattered clouds,10.77C,71%
2024-09-04 10:32,14.3 км,"ул. Красных командиров, 72","ул. Кольцевая, 39",165,165,151,199,300,165,,scattered clouds,10.77C,71%
2024-09-04 10:43,13.3 км,"ул. Рябинина, 18","ул. Новаторов, 9",131,131,114,199,300,131,,scattered clouds,10.77C,71%
2024-09-04 10:54,8.2 км,"ул. Татищева, 60","ул. Гастелло, 32а",95,95,114,199,300,95,,broken clouds,10.77C,71%
2024-09-04 11:04,4.4 км,"ул. Корепина, 35","ул. Донбасская, 28",157,157,125,199,300,157,,broken clouds,10.77C,71%
2024-09-04 11:15,6.0 км,"пр-кт Академика Сахарова, 76","ул. Фрунзе, 76а",139,139,167,199,300,139,,broken clouds,10.77C,71%
2024-09-04 11:26,6.1 км,"ул. Энтузиастов, 29","ул. Техническая, 18",175,175,290,199,300,175,,broken clouds,10.77C,71%
2024-09-04 11:38,5.6 км,"ул. Белинского, 206","ул. Советская, 25",175,175,151,199,300,175,,broken clouds,10.77C,71%
2024-09-04 11:49,2.6 км,"ул. Белинского, 181","ул. Военная, 8а",105,105,114,199,300,105,,broken clouds,10.77C,71%
2024-09-04 12:00,14.6 км,"ул. Мурзинская, 30","ул. Щербакова, 74",105,105,114,199,300,105,,broken clouds,10.77C,71%
2024-09-04 12:10,13.3 км,"ул. Уральских рабочих, 75","ул. Михеева М.Н., 2",201,201,450,199,300,201,,broken clouds,10.77C,66%
2024-09-04 12:21,1413.2 км,"ул. Ферганская, 2","ул. Белинского, 206б",232,225,257,269,419,225,367,,broken clouds,10.77C,66%
2024-09-04 12:32,6.3 км,"ул. Раевского, 8","ул. Пехотинцев, 9",121,121,114,199,300,121,,broken clouds,10.77C,66%
2024-09-04 12:43,8.7 км,"ул. Бабушкина, 20а","ул. Заводская, 83",175,175,114,199,300,175,,light rain,10.77C,71%
2024-09-04 12:54,1.4 км,"ул. Токарей, 46","Встречный пер., 5",95,95,114,199,300,95,,light rain,10.77C,71%
2024-09-04 13:05,1.2 км,"ул. Кировградская, 9","ул. Калинина, 77",95,95,125,199,300,95,,light rain,10.77C,71%
2024-09-04 13:16,4.8 км,"ул. Бабушкина, 12","ул. Первомайская, 33",139,139,141,199,300,139,,light rain,10.77C,71%
2024-09-04 13:26,16.0 км,"ул. Надеждинская, 23","ул. Славянская, 54",175,175,141,199,300,175,,light rain,10.77C,71%
2024-09-04 13:37,13.2 км,"ул. Вилонова, 20","ул. Зои Космодемьянской, 44",131,131,151,219,300,131,,light rain,10.77C,71%
2024-09-04 13:48,10.0 км,"ул. Майкопская, 22А","ул. Братская, 9",131,131,114,199,300,131,,light rain,10.77C,71%
2024-09-04 13:59,2.5 км,"ул. Челюскинцев, 110а","ул. Ереванская, 67",131,131,114,199,300,131,,light rain,10.77C,71%
2024-09-04 14:10,8.7 км,"ул. Посадская, 32 корпус 2","ул. Лобкова, 10",105,105,114,199,300,105,,light rain,11.77C,66%
2024-09-04 14:21,5.7 км,"ул. Декабристов, 45","ул. Рощинская, 46/2",121,121,114,199,300,121,,light rain,11.77C,66%
2024-09-04 14:32,8.0 км,"ул. Амундсена, 68б","мкр. Светлый, 3",235,235,114,199,300,235,,broken clouds,11.77C,66%
2024-09-04 14:42,5.8 км,"пр-кт Космонавтов, 56","пр-кт Ленина, 103",157,157,141,199,300,157,,broken clouds,11.77C,66%
2024-09-04 14:53,1.3 км,"ул. Фурманова, 62","ул. Пальмиро Тольятти, 15Д",95,95,114,199,300,95,,broken clouds,10.77C,71%
2024-09-04 15:04,6.1 км,"ул. Данилы Зверева, 21","ул. Бакинских комиссаров, 17",139,139,114,199,300,139,,broken clouds,10.77C,71%
2024-09-04 15:15,5.0 км,"ул. Ильича, 5","ул. Студенческая, 4а",95,95,114,199,300,95,,broken clouds,10.77C,71%
2024-09-04 15:26,8.6 км,"Красный пер., 8","пр-кт Космонавтов, 103",105,105,114,199,300,105,,broken clouds,10.77C,71%
2024-09-04 15:37,9.0 км,"ул. Индустрии, 100","Сиреневый б-р, 4 корпус 1",95,95,125,199,300,95,,broken clouds,10.77C,71%
2024-09-04 15:48,12.2 км,"ул. Шефская, 89 корпус 3","Решетникова проезд, 4",95,95,114,199,300,95,,broken clouds,10.77C,76%
2024-09-04 15:58,7.8 км,"ул. Восточная, 6","ул. Техническая, 156",131,131,114,199,300,131,,broken clouds,10.77C,76%
2024-09-04 16:09,5.2 км,"пр-кт Ленина, 2","ул. Машиностроителей, 31",139,139,151,199,300,139,,broken clouds,10.77C,76%
2024-09-04 16:20,5.6 км,"ул. Гурзуфская, 5","ул. Анатолия Мехренцева, 42",165,165,114,199,300,165,,broken clouds,10.77C,82%
2024-09-04 16:31,4.2 км,"ул. Рощинская, 37","ул. Молотобойцев, 12",95,95,125,199,300,95,,light rain,10.77C,82%
2024-09-04 16:42,5.0 км,"ул. Белореченская, 17 корпус 2","ул. Дорожная, 12",235,235,125,199,300,235,,broken clouds,10.77C,82%
2024-09-04 16:53,12.8 км,"ул. Гастелло, 28а","ул. Лобкова, 50",165,165,114,199,300,165,,broken clouds,11.77C,71%
2024-09-04 17:04,7.7 км,"ул. Новгородцевой, 41","ул. Корепина, 13а",139,139,141,199,300,139,,broken clouds,11.77C,71%
2024-09-04 17:14,12.8 км,"ул. Индустрии, Строение 64","ул. Родонитовая, 32",105,105,204,199,300,105,,light intensity shower rain,10.77C,82%
2024-09-04 17:25,10.2 км,"ул. Фрунзе, 24","ул. Индустрии, 104",165,165,193,199,300,165,,light intensity shower rain,10.77C,82%
2024-09-04 17:36,3.7 км,"ул. Серафимы Дерябиной, 31 корпус 3","ул. Готвальда, 3",201,201,238,199,300,201,,light intensity shower rain,10.77C,82%
2024-09-04 17:47,8.3 км,"ул. Академика Бардина, 13 корпус 2","Сиреневый б-р, 17",209,209,114,199,300,209,,light intensity shower rain,10.77C,82%
2024-09-04 17:58,12.2 км,"ул. Латвийская, 47","ул. Ясная, 35",95,95,125,199,300,95,,broken clouds,10.77C,76%
2024-09-04 18:09,11.5 км,"ул. Трактовая, 9 корпус 2","ул. Крестинского, 8",165,165,114,199,300,165,,broken clouds,10.77C,76%
2024-09-04 18:20,13.9 км,"ул. Фролова, 19 корпус 1","ул. Латвийская, 58/2",191,191,167,199,376,191,,broken clouds,10.77C,76%
2024-09-04 18:30,6.8 км,"ул. Папанина, 27","ул. Кобозева, 69",374,374,125,199,300,374,,broken clouds,10.77C,76%
2024-09-04 18:41,6.5 км,"ул. Листопадная, 9","ул. Малышева, 100",271,271,125,199,338,271,,broken clouds,10.77C,76%
2024-09-04 18:52,9.6 км,"ул. Большакова, 149","ул. Дагестанская, 32",165,165,141,199,338,165,,broken clouds,10.77C,76%
2024-09-04 19:03,11.0 км,"ул. Бажова, 72","ул. Карельская, 68",227,227,177,199,300,227,,broken clouds,10.77C,76%
2024-09-04 19:14,4.2 км,"Черниговский пер., 3","ул. Шефская, 12а",131,131,125,199,300,131,,broken clouds,9.77C,81%
2024-09-04 19:25,6.7 км,"ул. Малышева, 156","ул. Софьи Перовской, 106",105,105,167,199,300,105,,broken clouds,9.77C,81%
2024-09-04 19:36,2.3 км,"Чаадаева пер., 3Б","ул. Блюхера, 55а",131,131,125,199,300,131,,broken clouds,9.77C,81%
2024-09-04 19:46,14.2 км,"ул. Краснолесья, 139","ул. Ползунова, 11",95,95,114,199,300,95,,broken clouds,9.77C,81%
2024-09-04 19:57,9.9 км,"ул. Мартовская, 1","ул. Бетонщиков, 1",95,95,114,199,300,95,,scattered clouds,9.77C,81%
2024-09-04 20:08,12.1 км,"ул. Щербакова, Строение 113","ул. Софьи Перовской, 115",95,95,114,199,300,95,,scattered clouds,9.77C,81%
2024-09-04 20:19,5.7 км,"ул. Победы, 26","ул. Блюхера, 16а",95,95,114,199,300,95,,scattered clouds,9.77C,81%
2024-09-04 20:30,7.1 км,"ул. Техническая, 12","ул. Таганская, 52 корпус 3",95,95,114,199,300,95,,scattered clouds,9.77C,81%
2024-09-04 20:41,2.0 км,"пр-кт Ленина, 53","ул. Солнечная, 21",201,201,114,199,300,201,,scattered clouds,9.77C,81%
2024-09-04 20:52,12.8 км,"ул. Латвийская, 54","Калиновский пер., 3",95,95,114,199,300,95,,,,
2024-09-04 21:03,11.5 км,"ул. Победы, 70","ул. Онежская, 5",105,105,114,199,300,105,,scattered clouds,9.77C,81%
2024-09-04 21:14,12.2 км,"ул. Юмашева, 10","ул. Профсоюзная, 57",139,139,114,199,300,139,,scattered clouds,9.77C,81%
2024-09-04 21:24,9.1 км,"ул. Рощинская, 44","ул. Уральская, 48",95,95,114,199,300,95,,scattered clouds,9.77C,81%
2024-09-04 21:35,9.2 км,"ул. Грибоедова, 24","ул. Начдива Онуфриева, 60",95,95,114,199,300,95,,scattered clouds,9.77C,81%
2024-09-04 21:46,4.2 км,"ул. Машинистов, 12а","ул. Ильича, 20а",121,121,141,199,300,121,,scattered clouds,9.77C,81%
2024-09-04 21:57,8.7 км,"ул. Ангарская, 28","ул. Лобкова, 78",131,131,114,199,300,131,,scattered clouds,9.77C,81%
2024-09-04 22:08,6.1 км,"ул. Уральская, 78","ул. Шефская, 91 корпус 2",191,191,167,235,300,191,,,,
2024-09-04 22:21,11.3 км,"ул. Анатолия Муранова, 12","ул. 40-летия Комсомола, 16",105,105,114,199,300,105,,broken clouds,9.77C,81%
2024-09-04 22:32,9.0 км,"ул. Чайковского, 62","пр-кт Седова, 43",157,157,114,199,300,157,,broken clouds,9.77C,81%
2024-09-04 22:43,11.6 км,"ул. Данилы Зверева, 34","ул. Белоярская, 9",131,131,114,199,300,131,,,,
2024-09-04 22:54,23.4 км,"ул. Расточная, 35","ул. Бахчиванджи, 19 корпус 8",139,139,114,199,300,139,,,,
2024-09-04 23:07,15.7 км,"пр-кт Космонавтов, 61-б","ул. Латышская, 91",227,227,114,199,300,227,,broken clouds,9.77C,81%
2024-09-04 23:18,15.4 км,"ул. Ферганская, 5","ул. Парниковая, 10",105,105,114,199,300,105,,scattered clouds,9.77C,81%
2024-09-04 23:29,2.0 км,"ул. Гурзуфская, 23","ул. Февральской революции, Строение 15",209,209,114,199,300,209,,,,
2024-09-04 23:39,10.0 км,"ул. Первомайская, 99","ул. Дагестанская, 20",131,131,114,199,300,131,,scattered clouds,9.77C,81%
2024-09-04 23:50,770.7 м,"ул. Татищева, 14","ул. Юмашева, 3",201,201,114,199,300,201,,scattered clouds,9.77C,81%
2024-09-05 00:01,4.9 км,"ул. Самаркандская, 17","ул. Мраморская, 34 корпус 2",95,95,114,199,300,95,,scattered clouds,9.77C,81%
2024-09-05 00:12,4.3 км,"ул. Куйбышева, 94","ул. Посадская, 40 корпус 1",139,139,114,199,300,139,,scattered clouds,9.77C,81%
2024-09-05 00:23,7.5 км,"ул. Билимбаевская, 24","ул. Хохрякова, Строение 33",95,95,151,199,300,95,,,,
2024-09-05 00:34,1.6 км,"ул. Ткачей, 16","ул. Луганская, 3 корпус 1",131,131,114,199,300,131,,scattered clouds,8.77C,87%
2024-09-05 00:45,3.5 км,"ул. Луначарского, 34","ул. Тверитина, 42 корпус 3",95,95,114,199,300,95,,,,
2024-09-05 00:56,4.1 км,"ул. Волгоградская, 43","ул. Пушкина, 9",95,95,114,199,300,95,,scattered clouds,8.77C,87%
2024-09-05 01:07,7.2 км,"ст. Путевка, 1","ул. Гурзуфская, 23",95,95,114,199,300,95,,,,
2024-09-05 01:20,3.9 км,"ул. Первомайская, 63","ул. Фрунзе, 76а",121,121,114,199,300,121,,,,
2024-09-05 01:33,6.1 км,"ул. Ирбитская, 73","ул. Республиканская, 3",121,121,114,199,300,121,,,,
2024-09-05 01:46,9.9 км,"ул. Токарей, 60 корпус 2","ул. Черноярская, 28а",95,95,114,199,300,95,,,,
2024-09-05 01:57,8.0 км,"ул. Академика Бардина, 15","ул. Комсомольская, 6-б",95,95,114,199,300,95,,scattered clouds,8.77C,87%
2024-09-05 02:08,5.5 км,"ул. Восстания, 95","ул. Чекистов, 18",105,105,125,199,300,105,,,,
2024-09-05 02:19,4.7 км,"ул. Белинского, 163б","ул. Академика Бардина, 7 корпус 1",157,157,125,199,300,157,,scattered clouds,8.77C,87%
2024-09-05 02:29,12.8 км,"ул. Ярославская, 21","ул. Анатолия Муранова, 12",175,175,141,199,300,175,,,,
2024-09-05 02:40,1.8 км,"ул. Кировградская, 4","ул. Фестивальная, 20",105,105,114,199,300,105,,broken clouds,8.77C,87%
2024-09-05 02:51,12.1 км,"ул. Ирбитская, 4","ул. Исетская, 10",95,95,114,199,300,95,,broken clouds,8.77C,87%
2024-09-05 03:02,4.8 км,"ул. Серафимы Дерябиной, 13","ул. Шевченко, 29",157,157,114,199,300,157,,,,
2024-09-05 03:15,5.3 км,"Красный пер., 12","ул. Минометчиков, 56",157,157,114,199,300,157,,,,
2024-09-05 03:26,7.0 км,"ул. Чердынская, 12","ул. Советская, 45",105,105,114,199,300,105,,,,
2024-09-05 03:39,9.9 км,"ул. Шейнкмана, 122","Замятина пер., 40 корпус 1",121,121,114,199,300,121,,,,
2024-09-05 03:52,2.7 км,"ул. Крауля, 87 корпус 1","ул. Шаумяна, 86 корпус 2",201,201,114,199,300,201,,broken clouds,7.77C,93%
2024-09-05 04:03,4.4 км,"ул. Московская, 198","ул. Краснолесья, 125",131,131,114,199,300,131,,,,
2024-09-05 04:14,6.9 км,"ул. Ярославская, 31","Красный пер., 5 корпус 1",95,95,301,199,300,95,,scattered clouds,7.77C,93%
2024-09-05 04:25,2.0 км,"ул. Шаумяна, 96","ул. Викулова, 38б",157,157,125,199,300,157,,scattered clouds,7.77C,93%
2024-09-05 04:36,12.6 км,"ул. Новгородцевой, 9 корпус 3","ул. Круговая, 19",157,157,193,199,300,157,,,,
2024-09-05 04:47,6.1 км,"ул. Техническая, 67","ул. Электриков, 11",157,157,114,199,300,157,,,,
2024-09-05 05:00,17.7 км,"ул. Грибоедова, 6","ул. Уральских рабочих, 61",105,105,177,199,300,105,,,,
2024-09-05 05:11,6.0 км,"ул. Академика Бардина, 11 корпус 2","ул. Бажова, 89",209,209,114,199,300,209,,,,
2024-09-05 05:24,5.5 км,"ул. Военная, 4а","ул. Хохрякова, Сооружение 39",121,121,141,199,300,121,,,,
2024-09-05 05:37,9.5 км,"ул. Ереванская, 49","ул. Изоплитная, 18",157,157,141,199,300,157,,,,
2024-09-05 05:50,5.6 км,"ул. Луначарского, 34","ул. Белореченская, 36 корпус 2",121,121,151,219,300,121,,,,
2024-09-05 06:01,7.0 км,"ул. Билимбаевская, 7","ул. Солнечная, 37",157,157,167,199,300,157,,,,
2024-09-05 06:12,10.4 км,"ул. Белинского, 150","ул. Бакинских комиссаров, 60",105,105,114,199,300,105,,,,
2024-09-05 06:23,6.9 км,"ул. Донбасская, 36","ул. Репина, 58",209,209,282,199,300,209,,scattered clouds,7.77C,93%
2024-09-05 06:34,5.7 км,"ул. Шефская, 64","ул. Стрелочников, 9",121,121,114,199,300,121,,scattered clouds,7.77C,93%
2024-09-05 06:45,10.8 км,"ул. Краснофлотцев, 47","ул. Белинского, 183",191,191,141,199,300,191,,broken clouds,8.77C,87%
2024-09-05 06:56,7.6 км,"ул. Шейнкмана, 128","ул. Электриков, 22",165,165,114,199,300,165,,broken clouds,8.77C,87%
2024-09-05 07:07,14.8 км,"ул. Ракетная, 3","ул. Восточная, 54",95,95,114,199,300,95,,,,
2024-09-05 07:20,11.6 км,"ул. Кировградская, 73а","Денисова-Уральского б-р, 5а",235,235,282,263,300,235,,broken clouds,7.77C,93%
2024-09-05 07:31,6.0 км,"ул. Академика Шварца, 16 корпус 1","ул. Лермонтова, 17А",279,279,141,199,636,279,,,,
2024-09-05 07:44,7.0 км,"ул. Энгельса, 29","ул. Индустрии, 27",297,297,256,263,376,297,,,,
2024-09-05 07:55,10.2 км,"ул. Билимбаевская, 18","ул. Искровцев, 35",165,165,204,199,300,165,,,,
2024-09-05 08:06,6.1 км,"ул. Удельная, 13","ул. Посадская, 34",139,139,141,199,300,139,,scattered clouds,7.77C,93%
2024-09-05 08:17,7.8 км,"ул. Советская, 22 корпус 1","ул. Начдива Онуфриева, 8",235,235,141,199,300,235,,,,
2024-09-05 08:27,5.1 км,"ул. Лобкова, 76а","ул. Комсомольская, 4а",209,209,264,199,300,209,,scattered clouds,7.77C,93%
2024-09-05 08:38,15.6 км,"ул. Баумана, 17а","ул. Профсоюзная, 61",165,165,177,199,300,165,,,,
2024-09-05 08:49,8.2 км,"ул. Исетская, 14","ул. Большакова, 20",209,209,114,199,300,209,,scattered clouds,8.77C,87%
2024-09-05 09:00,7.0 км,"ул. Фурманова, 124","ул. Минометчиков, 44",121,121,114,199,300,121,,scattered clouds,8.77C,87%
2024-09-05 09:11,4.8 км,"ул. Заводская, 19а корпус 4","ул. Восточная, 88 Строение А",95,95,114,199,300,95,,,,
2024-09-05 09:24,10.5 км,"ул. Калинина, 22","ул. Белинского, 179",157,157,114,199,300,157,,,,
2024-09-05 09:37,4.0 км,"ул. Фурманова, 113","ул. Свердлова, 4",105,105,114,199,300,105,,,,
2024-09-05 09:51,7.6 км,"ул. Старых Большевиков, 77","ул. Педагогическая, 8",105,105,125,199,300,105,,scattered clouds,8.77C,87%
2024-09-05 10:01,905.1 м,"ул. Кунарская, 36","ул. Ангарская, 58",157,157,114,199,300,157,,scattered clouds,8.77C,87%
2024-09-05 10:12,8.6 км,"ул. Энгельса, 30","ул. Ломоносова, 153",95,95,114,199,300,95,,broken clouds,9.77C,81%
2024-09-05 10:23,8.3 км,"ул. Начдива Онуфриева, 24 корпус 1","ул. Новгородцевой, 9 корпус 1",121,121,114,199,300,121,,broken clouds,9.77C,81%
2024-09-05 10:34,7.9 км,"ул. Парниковая, 3","ул. Малышева, 128",139,139,151,199,300,139,,broken clouds,9.77C,81%
2024-09-05 10:45,1.4 км,"ул. Куйбышева, 31","ул. Фурманова, 110",95,95,114,199,300,95,,broken clouds,9.77C,81%
2024-09-05 10:56,12.0 км,"ул. Данилы Зверева, 7в","ул. Орденоносцев, 8",95,95,114,199,300,95,,broken clouds,9.77C,81%
2024-09-05 11:07,8.4 км,"ул. Академика Парина, 41/2","ул. Энергостроителей, 4/2",165,165,151,199,300,165,,broken clouds,9.77C,81%
2024-09-05 11:18,1.1 км,"ул. Комсомольская, 51а","ул. Владимира Высоцкого, 10",95,95,114,199,300,95,,broken clouds,9.77C,81%
2024-09-05 11:29,5.0 км,"ул. Черкасская, 39","ул. Азина, 59",105,105,114,199,300,105,,broken clouds,9.77C,81%
2024-09-05 11:40,5.4 км,"ул. Звездная, 5","ул. Декабристов, 27",279,279,167,199,300,279,,broken clouds,9.77C,76%
2024-09-05 11:51,13.0 км,"ул. Павлодарская, 15а","ул. Фрезеровщиков, 27",95,95,114,199,300,95,,broken clouds,9.77C,76%
2024-09-05 12:02,4.6 км,"ул. Татищева, 82","Кыштымский пер., 20 корпус 8",95,95,114,199,300,95,,broken clouds,9.77C,76%
2024-09-05 12:13,7.1 км,"Чаадаева пер., 4","ул. Кобозева, 40",95,95,114,199,300,95,,broken clouds,10.77C,76%
2024-09-05 12:24,2.7 км,"ул. Посадская, 47","ул. Чайковского, 45-а корпус 2",95,95,114,199,300,95,,broken clouds,10.77C,76%
2024-09-05 12:35,5.7 км,"ул. Родонитовая, 20","Волчанский пер., 3А",95,95,114,199,300,95,,,,
2024-09-05 12:46,6.7 км,"ул. Анри Барбюса, 15","ул. Палисадная, 4",95,95,114,199,300,95,,broken clouds,10.77C,71%
2024-09-05 12:57,3.7 км,"пр-кт Орджоникидзе, 18","ул. Летчиков, 11",165,165,114,199,300,165,,,,
2024-09-05 13:10,3.6 км,"ул. Амундсена, 73","ул. Вильгельма де Геннина, 40",121,121,114,199,300,121,,,,
2024-09-05 13:23,16.4 км,"Хибиногорский пер., 31","ул. Уральских рабочих, 25",105,105,125,199,300,105,,,,
2024-09-05 13:34,1.2 км,"ул. Ильича, 39","ул. Бабушкина, 30а",105,105,114,199,300,105,,overcast clouds,10.77C,71%
2024-09-05 13:45,5.9 км,"ул. Блюхера, 15","ул. Металлургов, 22",121,121,125,199,300,121,,,,
2024-09-05 13:56,4.0 км,"ул. Кузнецова, 7","ул. Гражданской войны, 3",105,105,125,199,300,105,,,,
2024-09-05 14:09,8.9 км,"ул. Металлургов, 40 корпус 3","ул. Победы, 102",95,95,114,199,300,95,,,,
2024-09-05 14:22,15.8 км,"ул. Кунарская, 49а","ул. Плодородия, 9",105,105,125,199,300,105,,,,
2024-09-05 14:35,7.4 км,"ул. Комсомольская, 49","ул. 22 Партсъезда, 19а",131,131,125,199,300,131,,,,
2024-09-05 14:48,8.9 км,"ул. Краснолесья, 109","ул. Ереванская, 61",105,105,114,199,300,105,,,,
2024-09-05 14:59,11.1 км,"ул. Советская, 15","ул. Прибалтийская, 56",95,95,114,199,300,95,,overcast clouds,11.77C,66%
2024-09-05 15:10,8.1 км,"ул. Донбасская, 27","ул. Белореченская, 23 корпус 3",95,95,114,199,300,95,,overcast clouds,11.77C,66%
2024-09-05 15:21,10.4 км,"ул. Коммунистическая, 10","ул. 40-летия Комсомола, 20",95,95,151,199,300,95,,overcast clouds,11.77C,66%
2024-09-05 15:32,13.4 км,"ул. 40-летия Октября, 30","ул. Симферопольская, 31а",95,95,114,199,300,95,,overcast clouds,11.77C,66%
2024-09-05 15:43,5.8 км,"ул. Стрелочников, 2д","ул. Таганская, Сооружение 17а",95,95,114,199,300,95,,,,
2024-09-05 15:54,8.3 км,"Красный пер., 8","пр-кт Космонавтов, 95",95,95,114,199,300,95,,,,
2024-09-05 16:07,14.5 км,"ул. Таватуйская, 4","ул. Бисертская, 18",131,131,114,199,300,131,,broken clouds,11.76C,66%
2024-09-05 16:18,7.9 км,"ул. Олега Кошевого, 44","ул. Комсомольская, 27",95,95,114,199,300,95,,,,
2024-09-05 16:29,5.4 км,"ул. Волгоградская, 45","ул. Куйбышева, 171",95,95,114,199,300,95,,,,
2024-09-05 16:40,5.1 км,"Московский тракт 9 км., 18","ул. Чкалова, 248",340,340,204,199,300,340,,,,
2024-09-05 16:53,16.1 км,"Газовый пер., 6","ул. Мурзинская, Строение 26",139,139,114,199,300,139,,broken clouds,11.77C,66%
2024-09-05 17:04,11.8 км,"ул. Крестинского, 49 корпус 1","ул. Синарская, 58Б",139,139,230,199,300,139,,broken clouds,11.77C,66%
2024-09-05 17:15,3.2 км,"ул. Армавирская, 22А","ул. Бажова, 41",165,165,114,199,300,165,,,,
2024-09-05 17:26,3.6 км,"ул. Советская, 2б","ул. Большакова, 15а",105,105,125,199,300,105,,,,
2024-09-05 17:39,2.7 км,"ул. Коммунистическая, 2","ул. Ползунова, 1б",105,105,230,199,300,105,,scattered clouds,12.77C,58%
2024-09-05 17:50,4.1 км,"ул. Испанских Рабочих, 45","ул. Баумана, 10а",121,121,141,199,300,121,,scattered clouds,11.77C,62%
2024-09-05 18:01,2.9 км,"ул. Маршала Жукова, 10","ул. Декабристов, 27",279,279,114,199,300,279,,scattered clouds,11.77C,62%
2024-09-05 18:12,16.6 км,"ул. Опытная, 15","ул. Крауля, 75 корпус 1",95,95,114,199,300,95,,,,
2024-09-05 18:23,3.2 км,"ул. Ленинградская, 30","ул. Хомякова, 6",131,131,114,199,338,131,,scattered clouds,11.77C,62%
2024-09-05 18:34,6.1 км,"ул. Академика Вонсовского, 75","Короткий пер., 13а",165,165,114,199,300,165,,,,
2024-09-05 18:45,18.7 км,"ул. Инженерная, 19а","пр-кт Космонавтов, 96",201,201,114,199,300,201,,scattered clouds,11.77C,66%
2024-09-05 18:56,6.9 км,"ул. Дорожная, 13","ул. Куйбышева, 177",95,95,151,199,300,95,,scattered clouds,11.77C,66%
2024-09-05 19:07,12.1 км,"ул. Бородина, 7","ул. Репина, 58",191,191,114,199,300,191,,,,
2024-09-05 19:20,20.3 км,"ул. 40-летия Октября, 28","ул. Ракетная, 8",95,95,114,199,300,95,,scattered clouds,11.77C,66%
2024-09-05 19:31,9.6 км,"ул. Красных командиров, 84","ул. Посадская, 56 корпус 2",95,95,114,199,300,95,,,,
2024-09-05 19:42,3.8 км,"Черниговский пер., 19","ул. Опалихинская, 31",95,95,114,199,300,95,,,,
2024-09-05 19:56,8.2 км,"ул. Крауля, 81","ул. Комвузовская, 21Ж",201,201,114,199,300,201,,scattered clouds,10.77C,71%
2024-09-05 20:07,3.3 км,"ул. Восточная, 84в","ул. Рассветная, 11а",95,225,174,239,300,175,,,,
2024-09-05 20:18,15.6 км,"ул. Малогородская, 2","ул. Миасская, 12",95,225,174,239,300,175,,,,
2024-09-05 20:31,7.5 км,"ул. Народной воли, 78","пр-кт Космонавтов, 60",227,227,114,199,300,227,,,,
2024-09-05 20:42,14.6 км,"ул. Отто Шмидта, 66","ул. Новокольцовская, 11",105,105,114,199,300,105,,,,
2024-09-05 20:55,8.6 км,"ул. 8 Марта, 121","ул. Ватутина, 8",131,131,114,199,300,131,,,,
2024-09-05 21:08,3.7 км,"ул. Стрелочников, 4","ул. Белореченская, 3а",139,139,114,199,300,139,,scattered clouds,5.77C,93%
2024-09-05 21:19,7.7 км,"ул. Мичурина, 212","ул. Ильича, 5",261,261,125,199,300,261,,scattered clouds,5.71C,93%
2024-09-05 21:30,17.7 км,"ул. 40-летия Октября, 58","ул. Бородина, 4",95,95,114,199,300,95,,,,
2024-09-05 21:43,2.8 км,"ул. Амундсена, 54 корпус 1","ул. Ухтомская, 16а",105,105,114,199,300,105,,scattered clouds,5.77C,100%
2024-09-05 21:54,14.7 км,"ул. Баумана, 30а","ул. Латвийская, 11А",121,121,114,199,300,121,,,,
2024-09-05 22:07,17.5 км,"ул. Реактивная, 2","ул. Войкова, 74",95,95,114,199,300,95,,,,
2024-09-05 22:21,8.8 км,"ул. Чапаева, 21","ул. Бородина, 15б",175,175,125,199,300,175,,,,
2024-09-05 22:32,6.4 км,"ул. Серафимы Дерябиной, 30","ул. Мичурина, 40",105,105,114,199,300,105,,scattered clouds,3.77C,100%
2024-09-05 22:43,3.2 км,"ул. Электриков, 16а","ул. Бакинских комиссаров, 58",157,157,114,199,300,157,,scattered clouds,3.77C,100%
2024-09-05 22:54,9.7 км,"ул. Амундсена, 59","ул. Донбасская, 36",95,95,114,199,300,95,,clear sky,3.77C,100%
2024-09-05 23:04,5.4 км,"ул. Фурманова, 24","ул. Раевского, 18а",175,175,114,199,300,175,,clear sky,3.77C,100%
2024-09-05 23:16,5.5 км,"ул. Комвузовская, 19А","Гаринский пер., 3",340,340,114,199,300,340,,,,
2024-09-05 23:29,4.3 км,"ул. Волгоградская, 188","ул. Военная, 9",131,131,114,199,300,131,,,,
2024-09-05 23:42,1.2 км,"пр-кт Космонавтов, 40","ул. Стачек, 55",95,95,114,199,300,95,,clear sky,3.77C,100%
2024-09-05 23:53,3.1 км,"ул. Народной воли, 74 корпус 2","ул. Онежская, 5",191,191,114,199,300,191,,scattered clouds,2.77C,100%
2024-09-06 00:04,6.3 км,"ул. Мира, 1","ул. Индустрии, 57 корпус 2",374,374,114,199,300,374,,scattered clouds,2.77C,100%
2024-09-06 00:15,2.1 км,"ул. Большакова, 25","ул. Шейнкмана, 118",209,209,114,199,300,209,,scattered clouds,2.77C,100%
2024-09-06 00:26,3.6 км,"ул. Фурманова, 35","Гаринский пер., 12",139,139,114,199,300,139,,,,
2024-09-06 00:37,3.1 км,"ул. Сортировочная, 9","ул. Донбасская, 24",95,95,114,199,300,95,,,,
2024-09-06 00:50,2.5 км,"ул. Машинная, 8","ул. Горького, 51",95,95,114,199,300,95,,,,
2024-09-06 01:03,6.9 км,"ул. Дошкольная, 5","ул. Рощинская, 46",95,95,114,199,300,95,,scattered clouds,2.77C,100%
2024-09-06 01:14,14.3 км,"ул. Селькоровская, 14","Изумрудный пер., 5",95,95,114,199,300,95,,scattered clouds,2.77C,100%
2024-09-06 01:25,2.3 км,"ул. Радищева, 31","пр-кт Ленина, 69 корпус 6",191,191,114,199,300,191,,,,
2024-09-06 01:36,16.7 км,"ул. Красных командиров, 32","ул. Грибоедова, 2а",95,95,114,199,300,95,,scattered clouds,1.77C,100%
2024-09-06 01:47,6.4 км,"ул. 22 Партсъезда, 14","ул. Малый Конный п-ов, 11",121,121,230,199,300,121,,scattered clouds,2.77C,100%
2024-09-06 01:58,6.4 км,"ул. Академика Парина, 43/2","ул. Татищева, 92",95,95,114,199,300,95,,,,
2024-09-06 02:09,1.8 км,"ул. Куйбышева, 98","ул. Малышева, 160",157,157,114,199,300,157,,fog,3.77C,100%
2024-09-06 02:21,5.1 км,"ул. Белинского, 86","ул. Современников, 5",131,131,114,199,300,131,,,,
2024-09-06 02:34,14.5 км,"ул. Дошкольная, 7","ул. Уральская, 75",95,95,114,199,300,95,,fog,1.77C,100%
2024-09-06 02:45,1.3 км,"ул. Гоголя, 15","ул. Бажова, 189",95,95,114,199,300,95,,,,
2024-09-06 02:56,13.4 км,"ул. Барвинка, 45","ул. Баумана, 10",95,95,114,199,300,95,,few clouds,1.77C,100%
2024-09-06 03:07,18.1 км,"ул. Очеретина, 7","ул. Спутников, 16/3",95,95,114,199,300,95,,fog,0.77C,100%
2024-09-06 03:18,7.4 км,"ул. Краснофлотцев, 10","ул. Панельная, 17А",95,95,114,199,300,95,,fog,0.77C,100%
2024-09-06 03:29,7.3 км,"ул. Таганская, 37","ул. Гагарина, 53а",95,95,151,199,300,95,,,,
2024-09-06 03:40,12.6 км,"ул. Свердлова, 30","ул. Тружеников, 2 Литер А",121,121,177,199,300,121,,,,
2024-09-06 03:51,4.0 км,"ст. Аппаратная, 2","ул. Кобозева, 120",95,95,114,199,300,95,,,,
2024-09-06 04:04,1.6 км,"ул. Кировградская, 51а","ул. Восстания, 58",131,131,114,199,300,131,,few clouds,2.77C,100%
2024-09-06 04:15,332.6 м,"ул. Старых Большевиков, 84 корпус 4","пр-кт Космонавтов, 80 корпус 2",95,95,114,199,300,95,,few clouds,2.77C,100%
2024-09-06 04:26,9.6 км,"ул. Изоплитная, 20","ул. Белинского, 190",95,95,114,199,300,95,,fog,0.77C,100%
2024-09-06 04:37,9.9 км,"ул. Академика Бардина, 48","ул. Краснофлотцев, 4б",105,105,114,199,300,105,,,,
2024-09-06 04:51,7.4 км,"ул. Сыромолотова, 21","ул. Белореченская, 17 корпус 6",95,95,125,199,300,95,,,,
2024-09-06 05:04,10.8 км,"Полевской тракт, 24/3","ул. Циолковского, 76а",95,95,193,199,300,95,,mist,1.77C,100%
2024-09-06 05:15,3.0 км,"ул. Белинского, 41","ул. Хрустальная, 33",95,95,125,199,300,95,,,,
2024-09-06 05:26,3.5 км,"ул. Сони Морозовой, 190","ул. Саввы Белых, 16",157,157,114,199,300,157,,,,
2024-09-06 05:37,6.8 км,"Сибирский тракт, 6","ул. Симферопольская, 20",165,165,114,199,300,165,,,,
2024-09-06 05:48,7.8 км,"ул. Мичурина, 76","Выходной пер., 5 корпус 8",95,95,114,199,300,95,,clear sky,1.77C,100%
2024-09-06 05:59,6.4 км,"ул. Белореченская, 17 корпус 3","ул. Эскадронная, 5",95,95,114,199,300,95,,clear sky,1.77C,100%
2024-09-06 06:10,6.2 км,"ул. Московская, 68","пр-кт Академика Сахарова, 31",105,105,114,199,300,105,,clear sky,1.77C,100%
2024-09-06 06:21,14.8 км,"ул. Аптекарская, 52","ул. Ломоносова, 18",121,121,114,199,300,121,,,,
2024-09-06 06:33,583.3 м,"ул. Июльская, 46","Парковый пер., 14",121,121,114,199,300,121,,clear sky,2.77C,100%
2024-09-06 06:44,12.0 км,"ул. Фестивальная, 20","ул. Самолетная, 48-50",139,139,114,199,300,139,,,,
2024-09-06 06:55,8.1 км,"ул. Ильича, 52а","ул. Сыромолотова, 13",201,201,125,199,300,201,,,,
2024-09-06 07:06,9.3 км,"ул. Центральная, 9","ул. Малышева, 136",261,261,212,199,300,261,,fog,2.77C,100%
2024-09-06 07:17,10.7 км,"ул. Кунарская, 53","ул. Студенческая, 45",279,279,317,199,300,279,,,,
2024-09-06 07:30,7.0 км,"ул. Софьи Перовской, 117","ул. Вишневая, 36",271,271,230,199,300,271,,,,
2024-09-06 07:41,11.8 км,"ул. Ангарская, 38","ул. Сыромолотова, 16 Строение 10б",175,175,125,199,300,175,,,,
2024-09-06 07:54,3.9 км,"ул. Начдива Онуфриева, 24 корпус 1","ул. Крестинского, 21",175,175,114,199,338,175,,clear sky,5.77C,100%
2024-09-06 08:05,5.7 км,"ул. Инженерная, 30","ул. Самолетная, 33",131,131,114,199,300,131,,,,
2024-09-06 08:16,12.8 км,"ул. Шишимская, 13 Строение 2","ул. Фестивальная, 7",314,314,141,199,300,314,,,,
2024-09-06 08:28,2.5 км,"ул. Лобкова, 87","ул. Уральских рабочих, 55",227,227,204,199,300,227,,clear sky,7.77C,93%
2024-09-06 08:39,15.9 км,"ул. Хвойная, 81","ул. Кировградская, 19",279,279,114,199,300,279,,clear sky,7.77C,93%
2024-09-06 08:50,2.4 км,"ул. Комсомольская, 67","ул. Блюхера, 65",191,191,125,199,300,191,,few clouds,7.77C,93%
2024-09-06 09:01,7.1 км,"ул. Малый Конный п-ов, 2","ул. Ильича, 71-б",95,95,114,199,300,95,,few clouds,7.77C,93%
2024-09-06 09:12,12.2 км,"ул. Славянская, 56","ул. Викулова, 61 корпус 3",105,105,114,199,300,105,,few clouds,7.77C,93%
2024-09-06 09:23,1.3 км,"ул. 40-летия Октября, 42 корпус 2","ул. Восстания, 58",131,131,151,199,300,131,,scattered clouds,7.77C,87%
2024-09-06 09:34,8.7 км,"ул. Старых Большевиков, 91","ул. Куйбышева, 181",139,139,238,199,300,139,,scattered clouds,7.77C,87%
2024-09-06 09:45,4.6 км,"ул. Сакко и Ванцетти, 48","ул. Малышева, 154",121,121,125,199,300,121,,scattered clouds,7.77C,87%
2024-09-06 09:56,7.2 км,"Ученический пер., 4","пр-кт Орджоникидзе, 11",121,121,114,199,300,121,,,,
2024-09-06 10:07,3.3 км,"ул. Готвальда, 6 корпус 4","ул. Белореченская, 7",95,95,114,199,300,95,,broken clouds,7.77C,87%
2024-09-06 10:18,10.6 км,"ул. Академическая, 23б","Газовый пер., 8",95,95,114,199,300,95,,,,
2024-09-06 10:30,5.5 км,"ул. Краснолесья, 119","ул. Отто Шмидта, 72",305,305,125,199,300,305,,,,
2024-09-06 10:41,10.2 км,"Волчанский пер., 8","ул. Корепина, 29а",95,95,177,199,300,95,,overcast clouds,8.77C,76%
2024-09-06 10:52,14.2 км,"ул. Таватуйская, 10","Зерновой пер., 4",157,157,193,199,300,157,,,,
2024-09-06 11:03,8.4 км,"ул. Бебеля, 126","пр-кт Космонавтов, 89",95,95,114,199,300,95,,,,
2024-09-06 11:14,8.8 км,"ул. Малышева, 130-б","Малахитовый пер., 1",95,95,114,199,300,95,,overcast clouds,8.77C,76%
2024-09-06 11:25,13.3 км,"ул. Громова, 148","ул. Литовская, 29",209,209,125,199,300,209,,broken clouds,9.77C,71%
2024-09-06 11:36,10.6 км,"Рабочей молодежи наб., 47","Выходной пер., 5 корпус 15",95,95,114,199,300,95,,broken clouds,9.77C,71%
2024-09-06 11:47,8.0 км,"ул. Менжинского, 1а","ул. Самолетная, 24а",95,95,114,199,300,95,,,,
2024-09-06 11:58,20.0 км,"ул. Маневровая, 25","ул. Опытная, 17",105,105,193,199,300,105,,,,
2024-09-06 12:10,8.2 км,"ул. Агрономическая, 56","ул. Викулова, 32а",175,175,167,199,300,175,,broken clouds,9.77C,76%
2024-09-06 12:21,1.8 км,"ул. Очеретина, 9","ул. Барвинка, 14",157,157,114,199,300,157,,overcast clouds,10.77C,71%
2024-09-06 12:32,4.9 км,"ул. Бебеля, 127","ул. Баумана, 13",131,131,177,199,300,131,,overcast clouds,10.77C,71%
2024-09-06 12:43,12.5 км,"пр-кт Космонавтов, 87","ул. Чапаева, 66а",131,131,282,199,300,131,,overcast clouds,10.77C,71%
2024-09-06 12:54,6.5 км,"ул. Татищева, 177","ул. Белинского, 154",157,157,114,199,300,157,,overcast clouds,10.77C,71%
2024-09-06 13:05,5.7 км,"ул. Советская, 13 корпус 1","ул. Громова, 24",121,121,125,199,300,121,,overcast clouds,10.77C,71%
2024-09-06 13:16,14.3 км,"ул. Варшавская, 36","ул. Академика Парина, 38/5",95,95,114,199,300,95,,overcast clouds,10.77C,76%
2024-09-06 13:28,3.7 км,"ул. Сулимова, 41","ул. Восточная, 162б",227,227,167,199,300,227,,overcast clouds,10.77C,76%
2024-09-06 13:39,13.0 км,"ул. Новосибирская, 103","пр-кт Орджоникидзе, 6а",227,227,238,199,300,227,,overcast clouds,10.77C,76%
2024-09-06 13:50,4.2 км,"ул. Солнечная, 37","Сиреневый б-р, 1",235,235,193,199,300,235,,,,
2024-09-06 14:01,7.7 км,"ул. Индустрии, 29","ул. Бережная, 16",245,245,114,199,300,245,,,,
2024-09-06 14:14,4.8 км,"ул. Мичурина, 171","Денисова-Уральского б-р, 11",105,105,114,199,300,105,,overcast clouds,10.76C,76%
2024-09-06 14:25,2.9 км,"ул. Попова, 27","ул. Мичурина, 54",139,139,114,199,300,139,,overcast clouds,10.77C,76%
2024-09-06 14:37,16.8 км,"ул. Новаторов, 19","ул. Латвийская, 36",121,121,151,199,300,121,,,,
2024-09-06 14:50,12.6 км,"ул. Кварцевая, 6","ул. Фестивальная, 18",95,95,114,199,300,95,,overcast clouds,11.77C,71%
2024-09-06 15:01,6.2 км,"ул. Энгельса, 30","ул. Старых Большевиков, 11",157,157,114,199,300,157,,overcast clouds,11.77C,71%
2024-09-06 15:12,16.1 км,"ул. Латышская, 89","пр-кт Космонавтов, 71",105,105,114,199,300,105,,overcast clouds,11.77C,71%
2024-09-06 15:23,5.3 км,"ул. Декабристов, 1","ул. Татищева, 70",175,175,141,199,300,175,,,,
2024-09-06 15:37,8.6 км,"ул. Ляпустина, 25","ул. Московская, 1",139,139,141,199,300,139,,,,
2024-09-06 15:48,1.6 км,"ул. Блюхера, 67 корпус 1","ул. Сулимова, 65",340,340,256,199,300,340,,overcast clouds,11.77C,71%
2024-09-06 15:59,11.1 км,"ул. Машиностроителей, 31","ул. Самолетная, 3 корпус 2",121,121,114,199,300,121,,,,
2024-09-06 16:12,11.2 км,"ул. Титова, 52","ул. Техническая, 22 корпус 2",271,271,167,199,300,271,,overcast clouds,11.77C,71%
2024-09-06 16:23,6.9 км,"ул. Современников, 29","ул. Славянская, 51",121,121,114,199,300,121,,overcast clouds,11.77C,71%
2024-09-06 16:35,5.4 км,"ул. Красных партизан, 14","ул. Первомайская, 37",340,340,114,199,300,340,,overcast clouds,11.77C,71%
2024-09-06 16:46,6.0 км,"ул. Первомайская, 92","Замятина пер., 25а",121,121,151,199,300,121,,overcast clouds,12.77C,67%
2024-09-06 16:57,6.9 км,"Парковый пер., 39 корпус 3","ул. Ленинградская, 18",209,209,167,199,300,209,,overcast clouds,12.77C,67%
2024-09-06 17:08,7.4 км,"Газовый пер., 1","Горнистов проезд, 15",165,165,114,199,300,165,,,,
2024-09-06 17:19,7.7 км,"ул. Шолохова, 3","ул. Агрономическая, 40",201,201,212,199,300,201,,,,
2024-09-06 17:30,8.4 км,"ул. Очеретина, 10","ул. Колхозников, 10",279,279,141,199,300,279,,overcast clouds,12.77C,71%
2024-09-06 17:42,5.0 км,"ул. Баумана, 16","ул. Черепанова, 32",297,297,264,299,300,297,,,,
2024-09-06 17:53,8.3 км,"ул. Чкалова, 135","ул. Учителей, 16",175,175,151,199,338,175,,,,
2024-09-06 18:06,6.0 км,"ул. Энтузиастов, 24","ул. Черепанова, 4а",201,201,212,199,300,201,,broken clouds,12.77C,71%
2024-09-06 18:17,12.3 км,"ст. Исток, 3","ул. Фурманова, 113",245,245,114,199,300,245,,broken clouds,12.77C,71%
2024-09-06 18:29,6.1 км,"ул. Минометчиков, 34","Осоавиахима пер., 106",95,95,114,199,300,95,,broken clouds,12.77C,71%
2024-09-06 18:40,7.2 км,"ул. Библиотечная, 56","ул. Авангардная, 4",340,340,141,199,300,340,,,,
2024-09-06 18:51,17.2 км,"ул. Бисертская, 10","ул. Ильича, 59",95,95,114,199,300,95,,broken clouds,12.77C,71%
2024-09-06 19:02,14.1 км,"ул. Первомайская, 82","ул. Ракетная, 10",201,201,125,199,300,201,,broken clouds,12.77C,71%
2024-09-06 19:13,12.6 км,"ул. Круговая, 26","ул. Бажова, 130",235,235,114,199,414,235,,broken clouds,12.77C,71%
2024-09-06 19:25,3.4 км,"ул. Амундсена, 68","ул. Патриса Лумумбы, 36",157,157,151,199,300,157,,,,
2024-09-06 19:38,5.4 км,"ул. Ферганская, 10","ул. Ткачей, 8",139,139,114,199,300,139,,,,
2024-09-06 19:49,4.9 км,"ул. Ереванская, 49","ул. Заводская, 81",131,131,114,199,300,131,,,,
2024-09-06 20:03,5.4 км,"ул. Большакова, 22 корпус 2","ул. Серафимы Дерябиной, 49 корпус 1",279,279,114,199,376,279,,,,
2024-09-06 20:16,5.8 км,"ул. Патриса Лумумбы, 50","ул. Машинная, 7",139,139,114,199,300,139,,,,
2024-09-06 20:29,8.6 км,"ул. Краснолесья, 14 корпус 5","ул. Первомайская, 60",105,105,114,199,300,105,,,,
2024-09-06 20:40,5.6 км,"ул. 8 Марта, 100","ул. Блюхера, 65",191,191,114,199,300,191,,,,
2024-09-06 20:54,2.1 км,"ул. Готвальда, 6 корпус 1","ул. Пехотинцев, 12",105,105,114,199,300,105,,,,
2024-09-06 21:07,11.3 км,"ул. Ползунова, 1в","ул. Просторная, 85",139,139,114,199,300,139,,overcast clouds,10.77C,87%
2024-09-06 21:18,15.2 км,"ул. Корепина, 27","ул. Евгения Савкова, 58",165,165,125,199,300,165,,overcast clouds,10.77C,87%
2024-09-06 21:29,4.4 км,"ул. Окраинная, 39","ул. Чайковского, 82 корпус 1",165,165,125,199,300,165,,,,
2024-09-06 21:43,10.6 км,"ул. Розы Люксембург, 42","ул. Черняховского, 52-б",191,191,125,199,300,191,,,,
2024-09-06 21:56,4.1 км,"ул. Чердынская, 52","ул. Чкалова, 252",157,157,114,199,300,157,,,,
2024-09-06 22:07,4.2 км,"ул. Июльская, 21","ул. Старых Большевиков, 38",235,235,167,299,300,235,,scattered clouds,10.77C,93%
2024-09-06 22:19,4.8 км,"ул. Щорса, 134","ул. Краснолесья, 121",201,201,114,199,300,201,,scattered clouds,10.77C,93%
2024-09-06 22:30,3.6 км,"ул. Электриков, 10","ул. Флотская, 43",139,139,114,199,300,139,,,,
2024-09-06 22:43,9.1 км,"ул. Изоплитная, 23в","пр-кт Орджоникидзе, 16",157,157,114,199,300,157,,,,
2024-09-06 22:57,13.8 км,"ул. Гагарина, 18а","ул. Ракетная, 10",209,209,114,199,300,209,,,,
2024-09-06 23:08,7.1 км,"ул. Павла Шаманова, 36","ул. Маршала Жукова, 13",95,95,114,199,300,95,,,,
2024-09-06 23:19,7.2 км,"ул. Александровская, 4","ул. Посадская, 35",271,271,114,199,636,271,,,,
2024-09-06 23:33,9.7 км,"ул. Сыромолотова, 13а","ул. Бакинских комиссаров, 116",95,95,114,199,300,95,,,,
2024-09-06 23:44,4.3 км,"ул. Учителей, 20","ул. Восточная, 172",95,95,114,199,300,95,,light intensity shower rain,10.77C,93%
2024-09-06 23:55,15.1 км,"ул. Кузнецова, 21","ул. Славянская, 51",105,105,114,199,300,105,,,,
2024-09-07 00:09,125.2 м,"ул. Донбасская, 8","ул. 22 Партсъезда, 22",95,95,114,199,300,95,,,,
2024-09-07 00:22,7.5 км,"Парковый пер., 41 корпус 1","ул. Малый Конный п-ов, 1",392,392,114,199,300,392,,light intensity shower rain,10.77C,100%
2024-09-07 00:33,14.6 км,"ул. Бакинских комиссаров, 173","ул. Титова, 8 корпус 1",131,131,141,199,300,131,,light intensity shower rain,10.77C,100%
2024-09-07 00:44,8.9 км,"ул. Патриса Лумумбы, 46","ул. Крауля, 86",95,95,114,199,338,95,,,,
2024-09-07 00:58,4.7 км,"ул. Восточная, 84в","ул. Родонитовая, 16",340,340,151,199,376,340,,,,
2024-09-07 01:09,8.3 км,"ул. Восточная, 16","ул. Благодатская, 59",261,261,114,199,376,261,,,,
2024-09-07 01:22,7.4 км,"ул. Толмачева, 13","ул. Краснолесья, 113",235,235,177,199,300,235,,,,
2024-09-07 01:34,4.6 км,"ул. Павла Шаманова, 6","ул. Современников, 9",95,95,114,199,300,95,,,,
2024-09-07 01:47,6.0 км,"ул. Автомагистральная, 19","ул. Восточная, 76",95,95,114,199,300,95,,light intensity shower rain,11.77C,100%
2024-09-07 01:58,12.2 км,"ул. Восстания, 95","ул. Громова, 148",157,157,114,199,300,157,,light intensity shower rain,11.77C,100%
2024-09-07 02:10,12.8 км,"ул. Спутников, 12","ул. Вишневая, 53",105,105,114,199,300,105,,light intensity shower rain,11.77C,100%
2024-09-07 02:21,4.3 км,"ул. Анны Бычковой, 18","ул. 8 Марта, 99",95,95,114,199,300,95,,,,
2024-09-07 02:34,12.0 км,"ул. Калинина, 74","ул. Белинского, 183",105,105,114,199,300,105,,light intensity shower rain,11.77C,100%
2024-09-07 02:46,1.5 км,"ул. Титова, 17а","ул. Дорожная, 19",95,95,114,199,300,95,,light intensity shower rain,12.77C,100%
2024-09-07 02:57,5.6 км,"ул. 8 Марта, 202/3","ул. Металлургов, 40 корпус 2",95,95,114,199,300,95,,,,
2024-09-07 03:08,14.7 км,"ул. Шолохова, 2/3","ул. Расточная, 31",105,105,114,199,300,105,,,,
2024-09-07 03:20,8.3 км,"ул. Старых Большевиков, 18","ул. Пальмиро Тольятти, 26",95,95,114,199,300,95,,light intensity shower rain,12.77C,100%
2024-09-07 03:31,9.8 км,"ул. Мичурина, 237а корпус 1","ул. Парниковая, 3",165,165,114,199,300,165,,,,
2024-09-07 03:44,3.8 км,"ул. Авиационная, 63 корпус 2","ул. Начдива Онуфриева, 38а",131,131,114,199,300,131,,,,
2024-09-07 03:55,10.1 км,"ул. Амундсена, 69","ул. Расточная, 15 корпус 3",139,139,114,199,338,139,,overcast clouds,12.77C,100%
2024-09-07 04:07,10.4 км,"ул. Трубачева, 45","ул. Гражданской войны, 1а",95,95,114,199,300,95,,light intensity shower rain,12.77C,100%
2024-09-07 04:18,9.3 км,"ул. Сахалинская, 5","ул. Кунарская, 3",131,131,114,199,300,131,,,,
2024-09-07 04:31,2.8 км,"пр-кт Седова, 56","Автогенный пер., 4",105,105,114,199,300,105,,,,
2024-09-07 04:45,19.0 км,"ул. Авиаторов, 10","ул. Татищева, 136",95,95,114,199,300,95,,overcast clouds,13.77C,100%
2024-09-07 04:56,13.8 км,"Короткий пер., 9","ул. Ангарская, 60",121,121,264,199,490,121,,overcast clouds,13.77C,100%
2024-09-07 05:07,4.4 км,"ул. Железнодорожников, 1","ул. Московская, 42",105,105,114,199,566,105,,,,
2024-09-07 05:21,8.4 км,"ул. Красных борцов, 6","ул. Викулова, 61 корпус 4",157,157,177,199,300,157,,broken clouds,12.77C,100%
2024-09-07 05:32,8.0 км,"ул. Черноярская, 10","пр-кт Ленина, 13А",105,105,114,199,300,105,,,,
2024-09-07 05:43,6.2 км,"ул. Бисертская, 12","ул. Краснолесья, 28",95,95,114,199,300,95,,,,
2024-09-07 05:57,6.3 км,"ул. Избирателей, 67","Рабочей молодежи наб., 46",139,139,114,199,300,139,,,,
2024-09-07 06:11,3.6 км,"ул. Уральских коммунаров, 37","ул. Шевченко, 21",105,105,125,199,338,105,,broken clouds,12.77C,100%
2024-09-07 06:22,3.0 км,"ул. Черкасская, 35","ул. Хомякова, 8",209,209,114,199,300,209,,,,
2024-09-07 06:43,8.5 км,"ул. Ангарская, 54б","ул. Ясная, 32 корпус 4",157,157,177,199,300,157,,,,
2024-09-07 06:56,8.3 км,"ул. Урицкого, 7","Коллективный пер., 8",105,105,114,199,300,105,,broken clouds,12.77C,94%
2024-09-07 07:07,2.3 км,"ул. Краснознаменная, 6","ул. Корепина, 21",227,227,193,199,300,227,,broken clouds,12.77C,94%
2024-09-07 07:18,13.4 км,"ул. Благодатская, 68","пр-кт Орджоникидзе, 26",245,245,114,199,300,245,,,,
2024-09-07 07:31,7.5 км,"ул. Современников, 17","Сибирский тракт 11 км., 2",209,209,177,199,300,209,,few clouds,11.77C,94%
2024-09-07 07:42,9.5 км,"ул. Академика Бардина, 13 корпус 2","ул. Данилы Зверева, 36",271,271,114,199,300,271,,few clouds,11.77C,94%
2024-09-07 07:52,7.3 км,"ул. Крауля, 75 корпус 1","ул. Академическая, 25",175,175,114,199,490,175,,few clouds,11.77C,94%
2024-09-07 08:03,11.3 км,"ул. Фролова, 27","ул. Бисертская, 22",175,175,114,199,300,175,,few clouds,11.77C,94%
2024-09-07 08:14,10.8 км,"ул. Чапаева, 66а","ул. Ломоносова, 57а",139,139,114,199,338,139,,few clouds,11.77C,94%
2024-09-07 08:25,3.3 км,"ул. Гурзуфская, 7","ул. Мамина-Сибиряка, 40",131,131,114,199,300,131,,,,
2024-09-07 08:35,14.8 км,"ул. Круговая, 18","ул. Готвальда, 6 корпус 4",227,227,151,199,300,227,,,,
2024-09-07 08:48,9.1 км,"ул. Кунарская, 5","ул. Фрунзе, 91",121,121,114,199,300,121,,scattered clouds,11.77C,94%
2024-09-07 08:59,7.1 км,"ул. Энтузиастов, 34а","ул. Техническая, 58",95,95,114,199,300,95,,,,
2024-09-07 09:12,4.1 км,"ул. Ясная, 6","ул. Свердлова, 22",95,95,114,199,300,95,,,,
2024-09-07 09:25,10.8 км,"ул. Союзная, 27","ул. Кировградская, 57",121,121,114,199,300,121,,,,
2024-09-07 09:36,1.9 км,"ул. Тагильская, 15а","ул. Железнодорожников, 6",261,261,151,199,338,261,,,,
2024-09-07 09:47,4.9 км,"ул. Чекистов, 14","ул. Избирателей, 44",340,340,114,199,300,340,,few clouds,13.77C,82%
2024-09-07 09:57,9.2 км,"ул. Кренкеля, 3","пр-кт Космонавтов, 103",95,95,114,199,300,95,,,,
2024-09-07 10:10,16.5 км,"ст. Кольцово, 5","Красный пер., 13",95,95,114,199,300,95,,,,
2024-09-07 10:21,672.1 м,"ул. Блюхера, 71 корпус 2","ул. Боровая, 29",121,121,114,199,300,121,,few clouds,13.77C,82%
2024-09-07 10:32,10.9 км,"ул. Латвийская, 16","Газорезчиков пер., 42",95,95,114,199,300,95,,,,
2024-09-07 10:45,5.4 км,"ул. Садовая, 7","ул. Донбасская, 6",157,157,114,199,300,157,,few clouds,13.77C,77%
2024-09-07 10:56,2.3 км,"ул. Ясная, 32 корпус 1","ул. Викулова, 46а",95,95,114,199,300,95,,scattered clouds,14.77C,72%
2024-09-07 11:06,11.1 км,"ул. Изоплитная, 9","ул. Ольховская, 27 корпус 1",348,348,114,199,300,348,,,,
2024-09-07 11:17,8.1 км,"ул. Красных партизан, 3","ул. Бережная, 18",191,191,114,199,300,191,,,,
2024-09-07 11:28,13.4 км,"ул. Военная, 20в","Теплогорский пер., 14",235,235,177,199,300,235,,,,
2024-09-07 11:41,7.0 км,"ул. Крауля, 44","ул. Комвузовская, 21",201,201,114,199,300,201,,,,
2024-09-07 11:52,8.1 км,"ул. Академика Бардина, 46","ул. Рассветная, 8 корпус 2",209,209,177,199,376,209,,few clouds,15.77C,63%
2024-09-07 12:02,11.4 км,"ул. Просторная, 89","ул. Стачек, 62",157,157,141,199,300,157,,few clouds,15.77C,63%
2024-09-07 12:13,6.9 км,"ул. Ангарская, 42","ул. Азина, 46",105,105,114,199,300,105,,few clouds,15.77C,63%
2024-09-07 12:24,3.1 км,"ул. Заводская, 83","ул. Энергостроителей, 13",131,131,114,199,300,131,,few clouds,15.77C,63%
2024-09-07 12:35,2.1 км,"ул. Коуровская, 14","ул. Автомагистральная, 23",95,95,114,363,300,95,,few clouds,15.77C,63%
2024-09-07 12:45,11.1 км,"ул. Санаторная, 10","ул. Софьи Перовской, 113",201,201,193,263,414,201,,,,
2024-09-07 12:56,3.2 км,"ул. Восстания, 101","ул. Машиностроителей, 81",191,191,238,199,300,191,,,,
2024-09-07 13:09,8.0 км,"ул. Бакинских комиссаров, 24а","ул. Восточная, 88",209,209,167,199,300,209,,,,
2024-09-07 13:20,3.8 км,"ул. Папанина, 16","ул. Московская, 215а",105,105,125,199,300,105,,scattered clouds,16.77C,59%
2024-09-07 13:31,5.3 км,"ул. Белореченская, 13 корпус 4","ул. Вишневая, 53",131,131,114,199,300,131,,,,
2024-09-07 13:41,13.2 км,"ул. Таганская, 9","ул. Листопадная, 8",209,209,212,199,300,209,,,,
2024-09-07 13:52,4.0 км,"ул. Испанских Рабочих, 26","пр-кт Орджоникидзе, 3",95,95,114,199,300,95,,,,
2024-09-07 14:03,2.8 км,"ул. Декабристов, 1","ул. Луначарского, 77",121,121,114,199,300,121,,scattered clouds,16.77C,59%
2024-09-07 14:14,994.7 м,"ул. Красноармейская, 80","ул. Бажова, 185",95,95,125,199,300,95,,scattered clouds,16.77C,59%
2024-09-07 14:24,8.7 км,"ул. Восстания, 36","ул. Куйбышева, 2",175,175,204,199,300,175,,,,
2024-09-07 14:37,3.0 км,"ул. Степана Разина, 28","ул. Шаумяна, 105 корпус 1",131,131,151,199,300,131,,,,
2024-09-07 14:48,5.3 км,"ул. Азина, 18","ул. Панельная, 9",95,95,114,199,300,95,,,,
2024-09-07 15:01,15.2 км,"ул. Искровцев, 17","ст. Кольцово, 5",209,209,282,199,300,209,,scattered clouds,17.77C,55%
2024-09-07 15:12,2.1 км,"ул. Сурикова, 28","ул. Ясная, 32 корпус 3",131,131,177,199,300,131,,scattered clouds,17.77C,55%
2024-09-07 15:23,3.2 км,"ул. Бажова, 76а","Сибирский тракт, 22",131,131,114,199,300,131,,scattered clouds,17.77C,55%
2024-09-07 15:33,7.7 км,"ул. Новгородцевой, 11б","ул. Софьи Перовской, 107",157,157,125,199,300,157,,,,
2024-09-07 15:44,600.8 м,"Кыштымский пер., 20 корпус 8","ул. Фурманова, 55а",201,201,212,199,300,201,,scattered clouds,17.77C,52%
2024-09-07 15:55,2.8 км,"ул. Посадская, 73","ул. Белинского, 157",165,165,177,199,300,165,,,,
2024-09-07 16:06,6.4 км,"ул. Некрасова, 8","ул. Лобкова, 78",105,105,114,199,338,105,,,,
2024-09-07 16:17,9.0 км,"ул. Ясная, 22г","ул. Краснофлотцев, 26",105,105,177,199,338,105,,scattered clouds,17.77C,52%
2024-09-07 16:27,5.8 км,"ул. Попова, 10","ул. Ильича, 6",105,105,114,199,300,105,,scattered clouds,17.77C,55%
2024-09-07 16:38,15.4 км,"ул. Латвийская, 38","ул. Павла Шаманова, 5/3",95,95,125,199,300,95,,,,
2024-09-07 16:49,3.0 км,"ул. Мира, 3а","Сибирский тракт 9 км., 105",131,131,141,199,300,131,,,,
2024-09-07 17:00,6.5 км,"ул. Первомайская, 66","ул. Донбасская, 12",105,105,125,199,300,105,,scattered clouds,17.77C,52%
2024-09-07 17:10,19.9 км,"ул. Старых Большевиков, 54","ул. Бахчиванджи, 18",105,105,114,199,300,105,,,,
2024-09-07 17:21,9.1 км,"ул. Новгородцевой, 9 корпус 1","ул. Восстания, 58",201,201,167,199,300,201,,scattered clouds,17.77C,52%
2024-09-07 17:32,6.9 км,"ул. Московская, 70","ул. Евгения Савкова, 29",105,105,125,199,300,105,,scattered clouds,17.77C,52%
2024-09-07 17:43,6.7 км,"ул. Кировградская, 44","ул. Татищева, 20",191,191,193,199,300,191,,,,
2024-09-07 17:54,5.4 км,"ул. Металлургов, 46а","ул. Луначарского, 137",121,121,114,199,300,121,,scattered clouds,17.77C,52%
2024-09-07 18:04,14.4 км,"ул. Серафимы Дерябиной, 30в","ул. Карельская, 47",95,95,114,199,300,95,,scattered clouds,17.77C,52%
2024-09-07 18:15,2.4 км,"ул. Викулова, 38б","ул. Шевелева, 11",105,105,114,199,300,105,,scattered clouds,17.77C,52%
2024-09-07 18:26,2.5 км,"ул. Радищева, 12","ул. Нагорная, 46 корпус Б",95,95,114,199,300,95,,clear sky,17.77C,55%
2024-09-07 19:48,4.7 км,"ул. Хохрякова, 32","ул. Академика Шварца, 18 корпус 2",175,175,114,199,300,175,,,,
2024-09-07 19:58,1.3 км,"ул. Ломоносова, 19","ул. Фестивальная, 29а",131,131,114,199,300,131,,,,
2024-09-07 20:09,3.6 км,"Решетникова проезд, 16","ул. Фрунзе, 18",157,157,114,199,300,157,,,,
2024-09-07 20:22,6.4 км,"ул. Машиностроителей, 41","ул. Искровцев, 35",165,165,114,199,300,165,,,,
2024-09-07 20:33,4.3 км,"ул. Начдива Васильева, 8","ул. Авиационная, 61 корпус 2",157,157,141,199,300,157,,clear sky,14.77C,67%
2024-09-07 20:44,3.5 км,"ул. Ползунова, 1б","ул. Коммунистическая, 16",139,139,114,199,300,139,,clear sky,14.77C,67%
2024-09-07 20:54,3.4 км,"ул. Блюхера, 99","ул. Электриков, 12",95,95,141,199,300,95,,,,
2024-09-07 21:05,13.0 км,"ул. Инженерная, 45","ул. Краснодарская, 16",95,95,114,199,300,95,,,,
2024-09-07 21:16,2.5 км,"ул. Азина, 23","ул. Академическая, 19",131,131,114,199,338,131,,clear sky,11.77C,87%
2024-09-07 21:27,13.2 км,"ул. Корепина, 31","ул. Павла Шаманова, 56",261,261,177,199,300,261,,broken clouds,10.77C,87%
2024-09-07 21:38,7.6 км,"ул. Современников, 9","пр-кт Ленина, 62 корпус 3",131,131,114,199,300,131,,,,
2024-09-07 21:48,7.0 км,"ул. Кировградская, 65","ул. Студенческая, 4",191,191,114,199,300,191,,broken clouds,9.77C,100%
2024-09-07 21:59,6.2 км,"ул. Коммунистическая, 18","ул. Кимовская, 6",235,235,238,199,300,235,,broken clouds,9.77C,100%
2024-09-07 22:10,2.9 км,"ул. Камчатская, 49","ул. Баумана, 44",209,209,114,199,300,209,,,,
2024-09-07 22:21,3.6 км,"ул. Малышева, 4Б","ул. Солнечная, 31",165,165,114,199,300,165,,,,
2024-09-07 22:31,7.7 км,"ул. Краснолесья, 74","ул. Луначарского, 137",95,95,114,199,300,95,,,,
2024-09-07 22:42,7.4 км,"ул. Бебеля, 110","ул. Таганская, 10",95,95,114,199,300,95,,broken clouds,8.77C,100%
2024-09-07 22:53,772.5 м,"ул. Баумана, 30","ул. Кобозева, 46",227,227,167,199,300,227,,,,
2024-09-07 23:06,3.9 км,"ул. Заводская, 47 корпус 3","ул. Тургенева, 4а",175,175,114,199,300,175,,,,
2024-09-07 23:17,10.8 км,"ул. Парниковая, 8","ул. Отто Шмидта, 44",157,157,114,199,300,157,,broken clouds,6.77C,100%
2024-09-07 23:27,12.1 км,"ул. Рассветная, 13д","ул. Академика Парина, 4/2",95,95,125,199,300,95,,broken clouds,6.77C,100%
2024-09-07 23:38,11.8 км,"ул. Калинина, 62","ул. Родонитовая, 3 корпус 2",95,95,114,199,338,95,,few clouds,6.77C,100%
2024-09-07 23:49,4.2 км,"ул. Академика Бардина, 15","ул. Евгения Савкова, 23",95,95,114,199,300,95,,few clouds,7.77C,100%
2024-09-08 00:00,4.0 км,"ул. Уральская, 46","пр-кт Космонавтов, 62",139,139,114,199,300,139,,few clouds,7.77C,100%
2024-09-08 00:10,4.7 км,"ул. Сыромолотова, 21а","ул. Машинная, 29а",121,121,114,199,338,121,,,,
2024-09-08 00:21,11.1 км,"ул. 40-летия Комсомола, 8а","ул. Коуровская, 12",95,95,114,199,338,95,,,,
2024-09-08 00:32,10.2 км,"ул. Шаумяна, 20","ул. Краснофлотцев, 55",121,121,114,199,338,121,,few clouds,7.77C,100%
2024-09-08 00:43,9.6 км,"пр-кт Ленина, 62 корпус 8","ул. Бисертская, 137",121,121,114,199,338,121,,scattered clouds,7.77C,100%
2024-09-08 00:54,5.6 км,"ул. Хомякова, 13","ул. Начдива Онуфриева, 70",245,245,114,199,300,245,,,,
2024-09-08 01:06,6.7 км,"ул. Народной воли, 113","ул. Палисадная, 4",235,235,114,199,300,235,,scattered clouds,6.77C,100%
2024-09-08 01:17,15.6 км,"ул. Ломоносова, 153","мкр. Светлый, 6",261,261,238,199,300,261,,,,
2024-09-08 01:30,7.8 км,"ул. Краснолесья, 141","ул. Луначарского, 189",105,105,114,199,300,105,,,,
2024-09-08 01:43,2.9 км,"ул. Громова, 140","ул. Гурзуфская, 19а",165,165,114,199,300,165,,,,
2024-09-08 01:54,10.7 км,"ул. Луначарского, 50","ул. Трубачева, 45",261,261,114,199,300,261,,scattered clouds,5.77C,100%
2024-09-08 02:05,11.8 км,"ул. Черняховского, 31","ул. Заводская, 83",227,227,114,199,300,227,,scattered clouds,5.77C,100%
2024-09-08 02:15,7.0 км,"пр-кт Орджоникидзе, 12","ул. Мира, 36",245,245,114,199,300,245,,,,
2024-09-08 02:28,5.9 км,"ул. Шевченко, 15","ул. Бакинских комиссаров, 24а",165,165,177,199,300,165,,scattered clouds,5.77C,100%
2024-09-08 02:39,2.1 км,"ул. Луганская, 4","ул. Миасская, 12",227,227,114,199,300,227,,,,
2024-09-08 02:52,9.7 км,"ул. 8 Марта, 129","ул. Расточная, 27",157,157,177,199,300,157,,,,
2024-09-08 03:05,5.6 км,"ул. Билимбаевская, 29","ул. Народного фронта, 87",95,95,141,199,300,95,,clear sky,5.77C,100%
2024-09-08 03:16,5.9 км,"ул. Авиационная, 65 корпус 3","ул. Краснолесья, 123",191,191,125,199,300,191,,clear sky,5.77C,100%
2024-09-08 03:27,798.5 м,"ул. Черноярская, 10а","ул. Старых Большевиков, 86а",121,121,230,199,300,121,,clear sky,6.77C,100%
2024-09-08 03:37,18.3 км,"ул. Уральских рабочих, 51","ул. Трактовая, 6",157,157,114,219,300,157,,,,
2024-09-08 03:48,2.3 км,"ул. Гагарина, 27","ул. Физкультурников, 30",121,121,114,199,300,121,,clear sky,6.77C,100%
2024-09-08 03:59,10.3 км,"ул. Академика Бардина, 32 корпус 2","ул. Билимбаевская, 34 корпус 2",165,165,114,199,338,165,,broken clouds,6.77C,100%
2024-09-08 04:10,6.3 км,"ул. Куйбышева, 94","ул. Репина, 99",209,209,125,199,376,209,,,,
2024-09-08 04:23,4.5 км,"ул. Старых Большевиков, 17","ул. Луначарского, 53а",165,165,141,199,300,165,,,,
2024-09-08 04:33,5.0 км,"ул. Шейнкмана, 75","ул. Пехотинцев, 10",384,384,114,199,300,384,,,,
2024-09-08 04:44,2.0 км,"ул. Индустрии, 54","ул. 22 Партсъезда, 9",95,95,212,199,300,95,,,,
2024-09-08 04:57,11.9 км,"Волчанский пер., 10","Дружбы пер., 6",227,227,141,199,300,227,,,,
2024-09-08 05:10,11.2 км,"ул. Фурманова, 114","ул. Карельская, 57",384,384,114,199,300,384,,,,
2024-09-08 05:23,7.7 км,"ул. Тверитина, 13","пр-кт Орджоникидзе, 4",201,201,114,199,300,201,,,,
2024-09-08 05:34,5.3 км,"ул. Циолковского, 74","ул. Викулова, 33 корпус 4",131,131,114,199,300,131,,,,
2024-09-08 05:44,11.0 км,"ул. Листопадная, 7","ул. Электриков, 3",139,139,114,199,300,139,,broken clouds,8.77C,100%
2024-09-08 05:55,9.6 км,"ул. Даниловская, 14а","ул. Заводская, 47 корпус 3",157,157,114,199,300,157,,scattered clouds,8.77C,100%
2024-09-08 06:06,3.3 км,"ул. Черепанова, 22","ул. Маяковского, 3",157,157,230,199,414,157,,,,
2024-09-08 06:17,7.4 км,"ул. Ломоносова, 14","ул. Комсомольская, 45 корпус 5",131,131,141,199,300,131,,,,
2024-09-08 06:30,10.0 км,"ул. Баумана, 30","Переходный пер., 4",131,131,230,199,300,131,,scattered clouds,8.77C,100%
2024-09-08 06:40,4.8 км,"ул. Энергостроителей, 5","ул. Электриков, 20а",139,139,114,199,300,139,,,,
2024-09-08 06:51,10.7 км,"ул. Серафимы Дерябиной, 53а","ул. Ломоносова, 12",105,105,114,199,300,105,,scattered clouds,7.77C,100%
2024-09-08 07:02,3.6 км,"ул. Даниловская, 18","ул. Восстания, 122",95,95,114,199,300,95,,,,
2024-09-08 07:15,2.9 км,"Рижский пер., 6","ул. 8 Марта, 144",201,201,125,199,300,201,,scattered clouds,7.77C,100%
2024-09-08 07:26,4.2 км,"ул. Красноармейская, 43","ул. Блюхера, 79",157,157,114,199,300,157,,clear sky,9.77C,100%
2024-09-08 07:37,5.0 км,"ул. Чайковского, 86в","Сиреневый б-р, 15",209,209,114,199,300,209,,,,
2024-09-08 07:49,8.8 км,"ул. Колмогорова, 73 корпус 5","ул. Академика Парина, 41/2",121,121,114,199,300,121,,clear sky,9.77C,100%
2024-09-08 08:00,9.4 км,"ул. Латвийская, 36","ул. Куйбышева, 121",121,121,114,199,300,121,,,,
2024-09-08 08:13,3.4 км,"ул. Мамина-Сибиряка, 132","ул. Июльская, 45",139,139,114,199,300,139,,,,
2024-09-08 08:26,1.8 км,"ул. Большакова, 143","ул. Цвиллинга, 7а",121,121,114,199,300,121,,,,
2024-09-08 08:37,4.6 км,"ул. Ползунова, 34","ул. Уральская, 5",245,245,301,199,300,245,,,,
2024-09-08 08:50,5.8 км,"ул. Восстания, 17","ул. Проезжая, 171",175,175,193,199,300,175,,clear sky,10.77C,100%
2024-09-08 09:01,1.8 км,"ул. Луначарского, 180","ул. Педагогическая, 7а",95,95,114,199,300,95,,clear sky,12.77C,88%
2024-09-08 09:11,4.6 км,"ул. Индустрии, 66","ул. Майкопская, 25",131,131,125,199,300,131,,clear sky,12.77C,88%
2024-09-08 09:22,10.3 км,"ул. Мира, 47","ул. Бисертская, 18а",139,139,114,199,300,139,,,,
2024-09-08 09:33,6.9 км,"ул. Агрономическая, 39","ул. Металлургов, 16-б",261,261,264,299,300,261,,clear sky,14.77C,77%
2024-09-08 09:44,4.7 км,"ул. Луначарского, 218","ул. Ирбитская, 8",95,95,114,199,300,95,,clear sky,14.77C,77%
2024-09-08 09:54,12.9 км,"ул. Академика Парина, 46/6","ул. 40-летия Комсомола, 2е",261,261,125,199,300,261,,clear sky,15.77C,77%
2024-09-08 10:05,5.7 км,"ул. Майкопская, 16","ул. Студенческая, 37",95,95,114,199,300,95,,,,
2024-09-08 10:18,3.1 км,"Олимпийская наб., 9/2","ул. Заводская, 32 корпус 2",95,95,114,199,300,95,,,,
2024-09-08 10:29,10.8 км,"ул. Черкасская, 28","ул. Таганская, 87",105,105,114,199,300,105,,clear sky,16.77C,72%
2024-09-08 10:40,9.4 км,"ул. Прибалтийская, 54","ул. Большакова, 22 корпус 4",105,105,114,199,300,105,,clear sky,16.77C,72%
2024-09-08 10:51,5.3 км,"ул. Современников, 4","ул. Краснолесья, 163",95,95,114,199,300,95,,clear sky,17.77C,72%
2024-09-08 11:01,4.9 км,"ул. Папанина, 4А","ул. Машинная, 1-б корпус 2",95,95,114,199,300,95,,,,
2024-09-08 11:14,7.3 км,"Сиреневый б-р, 17а","ул. Чкалова, 117",95,95,114,199,300,95,,clear sky,17.77C,72%
2024-09-08 11:25,3.6 км,"ул. Папанина, 19","ул. Репина, 101",95,95,114,199,300,95,,,,
2024-09-08 11:38,5.7 км,"ул. Авиационная, 48а","Волчанский пер., 6",121,121,114,199,300,121,,,,
2024-09-08 11:49,7.0 км,"ул. Владивостокская, 7","ул. Уктусская, 33",271,271,114,199,300,271,,,,
2024-09-08 12:00,3.8 км,"ул. Уральская, 55","ул. Ильича, 7",95,95,114,199,300,95,,clear sky,18.77C,68%
2024-09-08 12:10,12.9 км,"ул. Братская, 10а","ул. Кировградская, 44",121,121,114,199,300,121,,clear sky,18.77C,68%
2024-09-08 12:21,6.8 км,"ул. Чайковского, 84 корпус 3","ул. Черепанова, 22",95,95,114,199,300,95,,,,
2024-09-08 12:34,6.1 км,"ул. Волгоградская, 204","ул. Минометчиков, 44",131,131,114,199,300,131,,,,
2024-09-08 12:47,7.5 км,"ул. Серафимы Дерябиной, 55 корпус 1","ул. Вишневая, 67",131,131,114,199,300,131,,,,
2024-09-08 13:00,6.8 км,"ул. Агрономическая, 16","ул. Самаркандская, 31",105,105,114,199,300,105,,,,
2024-09-08 13:11,4.9 км,"ул. Агрономическая, 5а","ул. Чердынская, 24",95,95,141,199,300,95,,,,
2024-09-08 13:21,11.9 км,"ул. Варшавская, 28","ул. Шевелева, 1а",121,121,114,199,300,121,,clear sky,20.77C,64%
2024-09-08 13:32,13.2 км,"ул. Новокольцовская, 6","ул. Чайковского, 88 корпус 2",95,95,114,199,300,95,,,,
2024-09-08 13:43,8.8 км,"ул. Энгельса, 4","ул. Билимбаевская, 39",105,105,114,199,300,105,,clear sky,20.77C,64%
2024-09-08 13:54,6.8 км,"ул. Бетонщиков, 1","ул. Белоярская, 11а",227,227,167,199,300,227,,clear sky,20.77C,64%
2024-09-08 14:05,10.1 км,"ул. Кузнечная, 91","ул. Латвийская, 47",95,95,114,199,300,95,,clear sky,20.7C,64%
2024-09-08 14:15,4.3 км,"ул. Кобозева, 46","ул. Менделеева, 11",201,201,230,199,300,201,,few clouds,20.77C,64%
2024-09-08 14:26,6.0 км,"ул. Стахановская, 24 корпус 2","ул. Бажова, 89",139,139,212,199,300,139,,,,
2024-09-08 14:39,12.9 км,"Горнистов проезд, 13","ул. Родонитовая, 4а",95,95,167,199,300,95,,few clouds,20.77C,64%
2024-09-08 14:50,5.7 км,"Сиреневый б-р, 19а","ул. Рощинская, 72а",95,95,151,199,300,95,,,,
2024-09-08 15:01,4.4 км,"Решетникова проезд, 14","ул. Крауля, 87 корпус 1",95,95,114,199,300,95,,few clouds,20.77C,64%
2024-09-08 15:11,11.2 км,"ул. Вильгельма де Геннина, 39","ул. Данилы Зверева, 7",121,121,114,199,300,121,,,,
2024-09-08 15:22,6.1 км,"ул. Комвузовская, 21Ж","ул. Циолковского, 76",95,95,114,199,300,95,,,,
2024-09-08 15:35,2.6 км,"ул. Опалихинская, 20а","ул. Пехотинцев, 2 корпус 3",95,95,114,199,300,95,,,,
2024-09-08 15:48,7.5 км,"ул. Попова, 10","ул. Прониной, 24",95,95,114,199,300,95,,scattered clouds,22.77C,56%
2024-09-08 15:59,12.3 км,"ул. Самолетная, 3 корпус 1","ул. Уральских рабочих, 55",105,105,114,199,300,105,,,,
2024-09-08 16:12,5.5 км,"ул. Минометчиков, 34","ул. Мамина-Сибиряка, 57а",121,121,114,199,300,121,,,,
2024-09-08 16:23,8.2 км,"Трамвайный пер., 2/1","ул. Бережная, 2",95,95,114,199,300,95,,,,
2024-09-08 16:33,13.9 км,"ул. Красноармейская, 78а","ул. Спутников, 10",105,105,114,199,300,105,,scattered clouds,22.77C,60%
2024-09-08 16:44,12.7 км,"ул. Академика Вонсовского, 77","ул. Победы, 70",95,95,114,199,300,95,,,,
2024-09-08 16:55,8.6 км,"ул. Самолетная, 29","ул. Уральская, 2",121,121,151,199,300,121,,,,
2024-09-08 17:06,11.9 км,"ул. Мартовская, 9","ул. Сулимова, 3",131,131,238,247,300,131,,,,
2024-09-08 17:19,3.4 км,"ул. Машинная, 58","ул. Волгоградская, 45",95,95,114,199,300,95,,,,
2024-09-08 17:32,12.0 км,"ул. Луганская, 2","ул. Парниковая, 22",95,95,114,199,300,95,,,,
2024-09-08 17:42,14.8 км,"ул. Бахчиванджи, 11","ул. Сурикова, 32",105,105,114,199,300,105,,scattered clouds,22.77C,56%
2024-09-08 17:53,6.3 км,"ул. Татищева, 16","ул. Байкальская, 35",95,95,114,199,300,95,,scattered clouds,22.77C,56%
2024-09-08 18:04,13.0 км,"ул. Красных борцов, 11","Выходной пер., 5 корпус 14",95,95,114,199,300,95,,scattered clouds,22.77C,56%
2024-09-08 18:15,8.3 км,"ул. Крауля, 4","ул. Старых Большевиков, 52",95,95,114,199,300,95,,,,
2024-09-08 18:28,10.3 км,"ул. Онежская, 12","ул. Баумана, 21",105,105,167,199,300,105,,few clouds,21.77C,60%
2024-09-08 18:39,1.9 км,"пр-кт Ленина, 54 корпус 5","ул. Педагогическая, 20",121,121,114,199,300,121,,,,
2024-09-08 18:49,1.5 км,"ул. Попова, 24","ул. Малышева, Строение 35",139,139,125,199,338,139,,few clouds,21.77C,60%
2024-09-08 19:00,7.2 км,"ул. Декабристов, 16/18Д","ул. 22 Партсъезда, Строение 5б",105,105,151,199,300,105,,,,
2024-09-08 19:11,12.4 км,"ул. Гурзуфская, 19а","ул. Тюльпановая, 5",121,121,141,199,300,121,,few clouds,21.77C,60%
2024-09-08 19:22,4.7 км,"ул. Академика Бардина, 11 корпус 2","ул. Академика Шварца, 16 корпус 2",105,105,125,199,300,105,,few clouds,19.77C,73%
2024-09-08 19:32,7.1 км,"ул. Блюхера, 41","ул. Самолетная, 24б",209,209,177,199,300,209,,,,
2024-09-08 19:43,5.5 км,"ул. Серафимы Дерябиной, 37","ул. Мостовая, 57",131,131,193,199,300,131,,,,
2024-09-08 19:54,3.1 км,"ул. Куйбышева, 88","Базовый пер., 4",95,95,114,199,300,95,,clear sky,18.77C,72%
2024-09-08 20:05,1.8 км,"ул. Попова, 33а","ул. Пушкина, 8",201,201,114,199,338,201,,clear sky,18.7C,72%
2024-09-08 20:16,16.4 км,"пр-кт Седова, 17","ул. Косарева, 20",95,95,114,199,300,95,,,,
2024-09-08 20:26,3.5 км,"Сергея Есенина б-р, 20","ул. Малышева, 75",209,209,212,299,300,209,,clear sky,18.77C,72%
2024-09-08 20:37,9.0 км,"Тбилисский б-р, 13 корпус 1","ул. Удельная, 7",121,121,114,199,300,121,,clear sky,18.77C,72%
2024-09-08 20:48,2.7 км,"ул. Красных партизан, 14","ул. Старых Большевиков, 56",105,105,114,199,338,105,,clear sky,18.77C,72%
2024-09-08 20:59,13.8 км,"пр-кт Академика Сахарова, 27/2","ул. Бабушкина, 6б",105,105,114,199,300,105,,,,
2024-09-08 21:10,6.7 км,"Запорожский пер., 4А","ул. Патриса Лумумбы, 29б",95,95,114,199,300,95,,,,
2024-09-08 21:20,13.6 км,"ул. Бисертская, 139","ул. Таватуйская, 6",131,131,114,199,300,131,,,,
2024-09-08 21:33,10.5 км,"ул. Газетная, 63","ул. Академическая, 11а",105,105,114,199,300,105,,,,
2024-09-08 21:46,11.7 км,"ул. Исетская, 16","ул. Пирогова, 4",121,121,114,199,300,121,,clear sky,15.77C,94%
2024-09-08 21:57,8.1 км,"ул. Современников, 19","ул. Шевченко, 15",121,121,114,199,300,121,,,,
2024-09-08 22:10,8.1 км,"ул. Чайковского, 78","ул. Инженерная, 14",227,227,125,199,300,227,,clear sky,15.77C,94%
2024-09-08 22:21,6.6 км,"Академика Семихатова Н.А. б-р, 8","ул. Куйбышева, 48 корпус 4",95,95,114,199,300,95,,,,
2024-09-08 22:34,6.3 км,"ул. Лодыгина, 8","ул. Донская, 41",105,105,125,199,300,105,,clear sky,15.77C,88%
2024-09-08 22:45,3.0 км,"ул. Машиностроителей, 49","ул. Коммунистическая, 103",105,105,114,199,300,105,,,,
2024-09-08 22:55,7.4 км,"ул. Волгоградская, 200","ул. Новгородцевой, 7б",95,95,125,199,300,95,,clear sky,14.77C,94%
2024-09-08 23:06,4.5 км,"ул. Красноармейская, 23","ул. Викулова, 38",297,297,125,199,300,297,,,,
2024-09-08 23:19,11.5 км,"ул. Краснолесья, 125","ул. Бородина, 21",131,131,114,199,300,131,,clear sky,14.77C,94%
2024-09-08 23:30,9.1 км,"ул. Щорса, 60а","ул. Фестивальная, 23",245,245,114,199,300,245,,,,
2024-09-08 23:41,5.1 км,"ул. Большакова, 145","ул. Уральская, 54",191,191,114,199,300,191,,clear sky,14.77C,94%
2024-09-08 23:51,5.1 км,"ул. Калинина, 56","ул. Кунарская, 14 корпус 3",121,121,167,199,300,121,,,,
2024-09-09 00:04,7.2 км,"ул. Восточная, 11в","ул. Новосибирская, 103",165,165,141,199,300,165,,,,
2024-09-09 00:15,6.7 км,"Сухумский пер., 6","ул. Белореченская, 4",95,95,114,199,300,95,,,,
2024-09-09 00:28,7.6 км,"ул. Малышева, 141","Медицинский пер., 9",131,131,114,199,300,131,,,,
2024-09-09 00:41,5.2 км,"ул. Азина, 31","ул. Металлургов, 32а",191,191,114,199,300,191,,,,
2024-09-09 00:52,13.1 км,"ул. Победы, 38","ул. Павла Шаманова, 34",95,95,114,199,300,95,,,,
2024-09-09 01:03,5.8 км,"ул. Мамина-Сибиряка, 10","ул. Коуровская, 14",209,209,114,199,300,209,,,,
2024-09-09 01:13,16.9 км,"ул. Профсоюзная, 22","ул. Таватуйская, 19",95,95,114,199,300,95,,clear sky,12.77C,100%
2024-09-09 01:24,6.9 км,"ул. Бородина, 24","ул. Современников, 21",95,95,114,199,300,95,,clear sky,12.77C,100%
2024-09-09 01:35,6.4 км,"ул. Вилонова, 74","ул. Пальмиро Тольятти, 11А",95,95,114,199,300,95,,,,
2024-09-09 01:48,8.1 км,"ул. Заводская, 15а корпус 6","ул. Рассветная, 11а",131,131,114,199,300,131,,clear sky,10.77C,100%
2024-09-09 01:59,3.3 км,"пр-кт Академика Сахарова, 51","ул. Начдива Онуфриева, 46",95,95,114,199,300,95,,,,
2024-09-09 02:12,17.3 км,"ул. Бисертская, 32","ул. Индустрии, 53",95,95,114,199,300,95,,clear sky,10.77C,100%
2024-09-09 02:23,6.5 км,"Встречный пер., 7 корпус 3","ул. Учителей, 14",131,131,114,199,300,131,,,,
2024-09-09 02:36,13.2 км,"ул. Авиационная, 80","ст. Кольцово, 6",121,121,114,199,300,121,,,,
2024-09-09 02:49,7.6 км,"Трамвайный пер., 2/1","ул. Водоемная, 80/2",121,121,125,199,300,121,,fog,10.77C,100%
2024-09-09 02:59,10.4 км,"ул. Сахалинская, 3","ул. Карельская, 59",105,105,114,199,300,105,,,,
2024-09-09 03:12,20.0 км,"ул. Академика Парина, 43","ул. Бахчиванджи, 19/5",95,95,114,199,300,95,,fog,10.77C,100%
2024-09-09 03:23,5.4 км,"ул. Студенческая, 82","ул. Изоплитная, 20",175,175,151,199,300,175,,,,
2024-09-09 03:36,5.3 км,"ул. Красных борцов, 11","ул. Папанина, 18А",95,95,114,199,300,95,,,,
2024-09-09 03:49,6.0 км,"ул. Черняховского, 29","ул. Латвийская, 26",95,95,114,199,300,95,,fog,10.77C,100%
2024-09-09 04:00,17.2 км,"ул. Коммунистическая, 8","ул. Колхозников, 83",95,95,114,199,300,95,,fog,9.77C,100%
2024-09-09 04:11,4.5 км,"ул. Амундсена, 57","ул. Крауля, 85",105,105,141,199,300,105,,fog,9.77C,100%
2024-09-09 04:21,5.0 км,"ул. Кировградская, 8","ул. Энергостроителей, 4",131,131,114,199,300,131,,,,
2024-09-09 04:32,15.9 км,"ул. Трактовая, 6","ул. Ухтомская, 16а",121,121,177,247,300,121,,,,
2024-09-09 04:43,2.2 км,"ул. Шаумяна, 98 корпус 3","ул. Шейнкмана, 30",95,95,114,199,300,95,,,,
2024-09-09 04:54,2.6 км,"ул. Таежная, 4","2-й Подъемный пер., 2",165,165,114,199,300,165,,fog,8.77C,100%
2024-09-09 05:05,6.5 км,"ул. Инженерная, 32а","ул. Агрономическая, 41",95,95,114,199,300,95,,fog,8.77C,100%
2024-09-09 05:15,21.0 км,"ул. Пальмиро Тольятти, 13А","ул. Славянская, 1",139,139,141,199,300,139,,fog,7.77C,100%
2024-09-09 05:26,5.2 км,"Кыштымский пер., 8а","Курьинский пер., 10",157,157,114,199,300,157,,fog,10.77C,100%
2024-09-09 05:37,2.6 км,"ул. Байкальская, 27","ул. Мира, 12а",131,131,125,199,300,131,,,,
2024-09-09 05:48,13.0 км,"ул. Ракетная, 9","ул. Педагогическая, 6",105,105,114,199,300,105,,fog,10.77C,100%
2024-09-09 05:59,8.6 км,"Малахитовый пер., 1","ул. Крауля, 84",121,121,238,199,300,121,,,,
2024-09-09 06:09,2.1 км,"ул. Мамина-Сибиряка, 2а","ул. Маршала Жукова, 14",392,392,212,199,300,392,,fog,8.77C,100%
2024-09-09 06:20,1.1 км,"ул. Гурзуфская, 25","ул. Токарей, 56 корпус 1",139,139,114,199,300,139,,,,
2024-09-09 06:31,3.9 км,"ул. Куйбышева, 48 корпус 4","ул. Сыромолотова, 9",121,121,114,199,300,121,,fog,7.77C,100%
2024-09-09 06:42,7.5 км,"ул. Восточная, 162а","ул. Надеждинская, 26",131,131,114,199,300,131,,fog,7.77C,100%
2024-09-09 06:53,4.4 км,"ул. Студенческая, 6б","ул. Тверитина, 42 корпус 2",165,165,125,199,300,165,,,,
2024-09-09 07:05,1.4 км,"ул. Токарей, 46","ул. Попова, 24",340,340,114,199,300,340,,,,
2024-09-09 07:16,14.2 км,"ул. Санаторная, 3","ул. Фабричная, 38",557,557,466,199,338,557,,,,
2024-09-09 07:29,2.8 км,"ул. Волгоградская, 18а","ул. Куйбышева, 6",191,191,230,199,300,191,,few clouds,7.77C,100%
2024-09-09 07:40,9.1 км,"ул. Бисертская, 4в","ул. Московская, 76",227,227,414,199,300,227,,,,
2024-09-09 07:51,12.7 км,"ул. Баумана, 23","ул. Современников, 6",235,235,167,199,300,235,,mist,10.77C,100%
2024-09-09 08:02,3.3 км,"ул. Старых Большевиков, 54а","ул. Кировградская, 79",245,245,151,199,300,245,,,,
2024-09-09 08:12,4.6 км,"ул. Сурикова, 32","ул. Походная, 71",444,444,167,199,300,444,,,,
2024-09-09 08:23,4.3 км,"Рижский пер., 6","ул. Начдива Онуфриева, 6 корпус 2",271,271,125,199,376,271,,,,
2024-09-09 08:36,5.9 км,"ул. Машинная, 12","ул. Ирбитская, 8",358,358,114,199,376,358,,,,
2024-09-09 08:49,7.3 км,"ул. Белореченская, 1","ул. Фестивальная, 23",261,261,114,199,376,261,,,,
2024-09-09 09:02,7.1 км,"пр-кт Космонавтов, 60","ул. Попова, 33",95,95,114,199,300,95,,scattered clouds,12.77C,100%
2024-09-09 09:13,5.3 км,"ул. Таватуйская, 4г","ул. Корепина, 9а",157,157,114,199,300,157,,scattered clouds,12.77C,100%
2024-09-09 09:24,8.4 км,"ул. Фрезеровщиков, 41","ул. Хохрякова, 35",279,279,327,199,300,279,,,,
2024-09-09 09:35,6.4 км,"ул. Хохрякова, 100","ул. Дарвина, 2",95,95,114,199,300,95,,,,
2024-09-09 09:48,9.7 км,"ул. Азина, 20/1","ул. Санаторная, 5б",271,271,114,199,300,271,,,,
2024-09-09 09:58,12.8 км,"ул. Инженерная, 58","ул. Академика Парина, 46/5",139,139,114,199,300,139,,,,
2024-09-09 10:09,1.8 км,"пр-кт Космонавтов, 108в","ул. Шефская, 104",95,95,114,199,300,95,,,,
2024-09-09 10:22,4.4 км,"ул. Конотопская, 2","ул. Малышева, 73а",131,131,114,199,300,131,,scattered clouds,14.77C,94%
2024-09-09 10:33,7.2 км,"ул. Малышева, 10","ул. Феофанова, Строение 6",95,95,114,199,300,95,,few clouds,15.77C,88%
2024-09-09 10:44,11.1 км,"ул. Фурманова, 61","ул. Бакинских комиссаров, 173",95,95,114,199,300,95,,few clouds,15.77C,88%
2024-09-09 10:55,7.7 км,"ул. Чернышевского, 9Г","ул. 40-летия Октября, 82",95,95,114,199,300,95,,few clouds,16.77C,88%
2024-09-09 11:05,9.0 км,"ул. Бисертская, 129","ул. Вишневая, 26б",95,95,125,199,300,95,,,,
2024-09-09 11:16,10.7 км,"ул. Ильича, 61","ул. 8 Марта, 179а",105,105,151,199,300,105,,few clouds,17.77C,82%
2024-09-09 11:27,4.2 км,"ул. Социалистическая, 7","ул. Техническая, 22 корпус 2",121,121,151,199,300,121,,few clouds,17.77C,82%
2024-09-09 11:38,14.6 км,"ш. Елизаветинское, 8","ул. Стахановская, 43а",131,131,177,199,300,131,,few clouds,17.77C,82%
2024-09-09 11:49,5.7 км,"пр-кт Космонавтов, Сооружение 92а","ул. Панельная, 17А",297,297,141,199,300,297,,,,
2024-09-09 11:59,6.6 км,"Чаадаева пер., 3Б","ул. Стачек, 36А",95,95,114,199,300,95,,scattered clouds,17.77C,77%
2024-09-09 12:10,7.1 км,"Изумрудный пер., 4а","ул. Хохрякова, 18",139,139,114,199,300,139,,,,
2024-09-09 12:23,6.5 км,"ул. Билимбаевская, 5","ул. Корепина, 9а",95,95,125,199,300,95,,scattered clouds,19.77C,73%
2024-09-09 12:34,9.6 км,"ул. Куйбышева, 94","ул. Водонасосная, 27 корпус 2",95,95,114,199,300,95,,scattered clouds,19.77C,73%
2024-09-09 12:45,12.7 км,"мкр. Светлый, 2","Калиновский пер., Строение 5",95,95,114,199,300,95,,,,
2024-09-09 12:56,3.3 км,"ул. Вали Котика, 9","ул. Вилонова, 74",105,105,114,199,300,105,,scattered clouds,19.77C,68%
2024-09-09 13:06,4.8 км,"ул. Старых Большевиков, 11","ул. Первомайская, 101б",105,105,114,199,300,105,,scattered clouds,19.77C,68%
2024-09-09 13:17,6.7 км,"ул. Крылова, 24б","ул. Техническая, 158",95,95,114,199,300,95,,scattered clouds,20.77C,64%
2024-09-09 13:28,13.0 км,"ул. Рябинина, 19","ул. Водная, 13а",105,105,114,199,300,105,,,,
2024-09-09 13:39,7.1 км,"ул. Межевая, 3","ул. Кольцевая, 45",121,121,114,199,300,121,,scattered clouds,20.77C,64%
2024-09-09 13:50,3.4 км,"Ученический пер., 3","ул. Смазчиков, 5",139,139,114,199,300,139,,,,
2024-09-09 14:00,4.9 км,"ул. Репина, 58","ул. Сони Морозовой, 188",95,95,114,199,300,95,,scattered clouds,20.77C,64%
2024-09-09 14:11,1.7 км,"ул. Гурзуфская, 17а","ул. Нагорная, 14",95,95,114,199,300,95,,scattered clouds,20.77C,64%
2024-09-09 14:22,7.7 км,"ул. Академика Бардина, 30","ул. Владимира Высоцкого, 8",95,95,125,199,300,95,,scattered clouds,20.77C,64%
2024-09-09 14:33,13.4 км,"ул. Авиаторов, 1","ул. Комсомольская, 39",95,95,114,199,300,95,,scattered clouds,20.77C,64%
2024-09-09 14:44,3.4 км,"ул. Белореченская, 29","ул. Краснолесья, 157",95,95,114,199,300,95,,,,
2024-09-09 14:57,4.1 км,"ул. Чекистов, 9","Теплогорский пер., 12",95,95,114,199,300,95,,scattered clouds,20.77C,64%
2024-09-09 15:08,8.8 км,"ул. Победы, 40 корпус 2","ул. Декабристов, 85",95,95,114,199,300,95,,,,
2024-09-09 15:18,7.2 км,"ул. Малышева, 2ж","ул. Походная, 63",95,95,114,199,300,95,,scattered clouds,20.77C,64%
2024-09-09 15:29,3.0 км,"ул. Фрунзе, Сооружение 60","ул. Громова, 134 корпус 2",131,131,114,199,300,131,,,,
2024-09-09 15:42,1.9 км,"ул. Гоголя, 57","ул. Кузнечная, 83",105,105,114,199,300,105,,scattered clouds,20.77C,68%
2024-09-09 15:53,10.9 км,"ул. Хвойная, 85","ул. Искровцев, 35",95,95,114,199,300,95,,clear sky,21.77C,60%
2024-09-09 16:04,8.0 км,"ул. Куйбышева, 32","ул. Уральских рабочих, 55",105,105,114,199,300,105,,clear sky,21.77C,60%
2024-09-09 16:15,5.1 км,"ул. Ереванская, 67","ул. Комсомольская, 8",95,95,114,199,300,95,,clear sky,21.77C,60%
2024-09-09 16:25,13.9 км,"ул. Краснофлотцев, 44а","ул. Павла Шаманова, 15",121,121,114,199,300,121,,clear sky,21.77C,60%
2024-09-09 16:36,11.9 км,"ул. Климовская, 1","ул. Уральских рабочих, 62",95,95,125,199,300,95,,,,
2024-09-09 16:49,10.0 км,"ул. Репина, 64","ул. Лобкова, 34",121,121,141,199,300,121,,clear sky,21.77C,60%
2024-09-09 17:00,166.0 м,"ул. Парниковая, 2","ул. Парниковая, 3",95,95,151,199,300,95,,,,
2024-09-09 17:11,2.6 км,"ул. Декабристов, 27","ул. Белинского, 218 корпус 1",314,314,125,199,300,314,,clear sky,21.77C,60%
2024-09-09 17:22,16.2 км,"ул. Грибоедова, 16","Черноморский пер., 6",121,121,114,199,300,121,,,,
2024-09-09 17:33,2.4 км,"ул. Студенческая, 39","ул. Уральская, 61",157,157,114,199,300,157,,clear sky,21.77C,60%
2024-09-09 17:43,6.3 км,"ул. Даниловская, 2в","пр-кт Ленина, 54 корпус 2",105,105,114,199,300,105,,,,
2024-09-09 17:56,15.0 км,"ул. Аптекарская, 45","ул. Кировградская, 73а",105,105,114,199,300,105,,clear sky,21.77C,64%
2024-09-09 18:07,2.1 км,"ул. 22 Партсъезда, 3","ул. Декабристов, 27",100,100,,,,
2024-09-09 18:18,13.9 км,"ул. Агрономическая, 6","ул. Коммунистическая, 14",131,131,114,199,300,131,,clear sky,21.77C,60%
2024-09-09 18:29,8.6 км,"ул. Викулова, 44 корпус 2","ул. Старых Большевиков, 15",297,297,204,199,300,297,,clear sky,21.77C,60%
2024-09-09 18:40,4.5 км,"ул. Готвальда, 23 корпус 2","ул. Тверитина, 60а",157,157,114,199,300,157,,,,
2024-09-09 18:51,7.0 км,"ул. Владимира Высоцкого, 36","ул. Шевелева, 1а",95,95,114,199,300,95,,,,
2024-09-09 19:04,9.5 км,"ул. Хрустальногорская, 75","ул. Азина, 23",95,95,114,199,300,95,,clear sky,20.77C,64%
2024-09-09 19:14,6.7 км,"ул. Аптекарская, 39","ул. Шейнкмана, 104",95,95,114,199,300,95,,clear sky,20.77C,64%
2024-09-09 19:25,8.8 км,"ул. Ясная, 32 корпус 2","ул. Бабушкина, 6б",235,235,125,199,300,235,,clear sky,19.77C,77%
2024-09-09 19:36,11.9 км,"ул. Малогородская, 8","Красный пер., 8",105,105,114,199,300,105,,clear sky,19.77C,77%
2024-09-09 19:47,4.2 км,"ул. Восточная, 64","ул. Чкалова, 5",175,175,151,199,300,175,,,,
2024-09-09 19:58,12.0 км,"ул. Благодатская, 55","пр-кт Седова, 51",105,105,114,199,300,105,,clear sky,17.77C,88%
2024-09-09 20:09,6.8 км,"ул. Лобкова, 30","ул. Расточная, 45",165,165,114,199,300,165,,,,
2024-09-09 20:20,12.0 км,"ул. Расточная, 25","Тбилисский б-р, 17",121,121,114,199,300,121,,,,
2024-09-09 20:33,1.7 км,"ул. Электриков, 27","пр-кт Орджоникидзе, 10",165,165,114,199,300,165,,,,
2024-09-09 20:46,2.9 км,"ул. Техническая, 22 корпус 1","Суворовский пер., 16а",95,95,114,199,300,95,,,,
2024-09-09 20:56,14.4 км,"ул. Донская, 59","ул. Агрономическая, 49",95,95,114,199,300,95,,,,
2024-09-09 21:07,9.6 км,"ул. Баумана, 4б","ул. Саввы Белых, 35",121,121,114,199,300,121,,clear sky,17.77C,88%
2024-09-09 21:18,12.3 км,"ул. Лобкова, 36","ул. Мраморская, 34 корпус 4",95,95,114,199,300,95,,clear sky,15.77C,94%
2024-09-09 21:29,6.4 км,"ул. Патриса Лумумбы, 58","ул. Академика Бардина, 4",95,95,114,199,300,95,,clear sky,15.77C,94%
2024-09-09 21:40,2.5 км,"ул. Уральских коммунаров, 35","пр-кт Седова, 45",105,105,114,199,300,105,,clear sky,15.77C,94%
2024-09-09 21:51,5.8 км,"ул. Фурманова, 123","ш. Елизаветинское, 10",139,139,114,199,300,139,,,,
2024-09-09 22:02,2.9 км,"ул. Красных партизан, 3","ул. Ульяновская, 11",139,139,114,199,300,139,,,,
2024-09-09 22:12,16.9 км,"ул. Южногорская, 7","ул. Кировградская, 61",95,95,125,199,300,95,,,,
2024-09-09 22:23,15.1 км,"ул. Селькоровская, 40","ул. Победы, 18",95,95,114,199,300,95,,,,
2024-09-09 22:36,15.5 км,"ул. Розы Люксембург, 79","ул. Некрасова, 6",139,139,114,199,300,139,,,,
2024-09-09 22:47,1.7 км,"ул. Начдива Васильева, 34","ул. Белореченская, 4",95,95,114,199,300,95,,,,
2024-09-09 23:00,9.5 км,"ул. Волгоградская, 226","ул. Баумана, 22б",157,157,114,199,300,157,,broken clouds,12.77C,100%
2024-09-09 23:11,3.1 км,"ул. Кобозева, 79","ул. Калинина, 73",191,191,204,199,300,191,,,,
2024-09-09 23:22,6.9 км,"ул. Мурзинская, 6","ул. Менделеева, 31",95,95,114,199,300,95,,,,
2024-09-09 23:35,4.5 км,"ул. Мельникова, 38","ул. Машинная, 5",175,175,114,199,300,175,,fog,12.76C,100%
2024-09-09 23:46,6.6 км,"ул. Посадская, 28 корпус 2","ул. Данилы Зверева, 7б",175,175,114,199,300,175,,fog,12.77C,100%
2024-09-09 23:57,2.3 км,"ул. Пальмиро Тольятти, 28А","ул. 8 Марта, 7",201,201,114,199,300,201,,,,
2024-09-10 00:10,6.0 км,"ул. 40-летия Комсомола, 29","ул. Мраморская, 34 корпус 1",121,121,114,199,300,121,,fog,12.77C,100%
2024-09-10 00:20,5.7 км,"ул. Уральских коммунаров, 114","ул. Чапаева, 14 корпус 8",191,191,114,199,300,191,,fog,11.77C,100%
2024-09-10 00:31,2.0 км,"ул. Шарташская, 18","ул. Комсомольская, 6г",314,314,114,199,300,314,,fog,11.77C,100%
2024-09-18 01:59,3.5 км,"ул. Белинского, 210а","пр-кт Ленина, 69 корпус 8",69,69,,clear sky,6.77C,100%
2024-09-18 02:10,5.7 км,"ул. Посадская, 35","пр-кт Космонавтов, 14 корпус 2",245,245,193,199,300,245,,,,
2024-09-18 14:38,13.2 км,"ул. Бисертская, 4г","ст. Кольцово, 6",201,201,114,199,300,201,,scattered clouds,21.77C,49%
2024-09-18 14:49,3.5 км,"ул. 40-летия Октября, 38а","пр-кт Космонавтов, 108в",105,105,114,199,300,105,,,,
